지점,지점명,일시,최저기온(°C),최고기온(°C)
133,대전,2016-01-01,-4.2,7.7
133,대전,2016-01-02,2,12.3
133,대전,2016-01-03,1,14.1
133,대전,2016-01-04,-.5,9.6
133,대전,2016-01-05,-3.4,3.7
133,대전,2016-01-06,-5.6,5.4
133,대전,2016-01-07,-2.6,4.1
133,대전,2016-01-08,-4.2,3.4
133,대전,2016-01-09,-1.9,6.1
133,대전,2016-01-10,-1.8,5.4
133,대전,2016-01-11,-5.4,3.8
133,대전,2016-01-12,-7.5,3.4
133,대전,2016-01-13,-3.7,1.5
133,대전,2016-01-14,-6.5,3.7
133,대전,2016-01-15,-3.7,6.4
133,대전,2016-01-16,-4.4,8.2
133,대전,2016-01-17,-1,5.3
133,대전,2016-01-18,-8.5,1.6
133,대전,2016-01-19,-11.2,-5.3
133,대전,2016-01-20,-12,-3.5
133,대전,2016-01-21,-8.8,-.5
133,대전,2016-01-22,-10.9,-.3
133,대전,2016-01-23,-11.5,-4.7
133,대전,2016-01-24,-17,-8.7
133,대전,2016-01-25,-14.2,-2.1
133,대전,2016-01-26,-6.3,3.5
133,대전,2016-01-27,-4.8,5.8
133,대전,2016-01-28,-5,2.4
133,대전,2016-01-29,1,5.7
133,대전,2016-01-30,-1.1,10
133,대전,2016-01-31,-4.2,2.9
133,대전,2016-02-01,-7.4,1.7
133,대전,2016-02-02,-9.7,2.6
133,대전,2016-02-03,-9.1,5.4
133,대전,2016-02-04,-6.3,5.9
133,대전,2016-02-05,-5.7,5.5
133,대전,2016-02-06,-4.6,3.4
133,대전,2016-02-07,-9.1,4.9
133,대전,2016-02-08,-5.7,8.1
133,대전,2016-02-09,-1,7.8
133,대전,2016-02-10,-4.6,12.7
133,대전,2016-02-11,-1.8,14.7
133,대전,2016-02-12,7.7,11.9
133,대전,2016-02-13,9,18.7
133,대전,2016-02-14,-3.6,8.9
133,대전,2016-02-15,-6.7,.8
133,대전,2016-02-16,-3.7,4.4
133,대전,2016-02-17,-4.3,6.8
133,대전,2016-02-18,-3.5,9.8
133,대전,2016-02-19,0,6.3
133,대전,2016-02-20,-1,8.9
133,대전,2016-02-21,-3.7,5.8
133,대전,2016-02-22,-1.4,7
133,대전,2016-02-23,-2.7,8.1
133,대전,2016-02-24,-6.5,4.1
133,대전,2016-02-25,-5.7,6.1
133,대전,2016-02-26,-.1,5.9
133,대전,2016-02-27,1.5,11.3
133,대전,2016-02-28,-.9,5.7
133,대전,2016-02-29,-5.5,.3
133,대전,2016-03-01,-7.5,4.9
133,대전,2016-03-02,-4.3,10.2
133,대전,2016-03-03,-.2,17
133,대전,2016-03-04,5.4,13
133,대전,2016-03-05,7.7,18
133,대전,2016-03-06,6.5,14.7
133,대전,2016-03-07,3.4,16.3
133,대전,2016-03-08,1.7,7.8
133,대전,2016-03-09,-1.1,8.4
133,대전,2016-03-10,-3.1,5.6
133,대전,2016-03-11,-4.3,6.4
133,대전,2016-03-12,-5,10.2
133,대전,2016-03-13,.8,9.2
133,대전,2016-03-14,.3,10.2
133,대전,2016-03-15,-2.7,14
133,대전,2016-03-16,3.5,17.1
133,대전,2016-03-17,-.5,18.9
133,대전,2016-03-18,8.4,13.9
133,대전,2016-03-19,6.8,18.2
133,대전,2016-03-20,3,17.5
133,대전,2016-03-21,2.3,17.4
133,대전,2016-03-22,1.5,17.6
133,대전,2016-03-23,4.6,14.5
133,대전,2016-03-24,1.6,13.3
133,대전,2016-03-25,1.2,13.3
133,대전,2016-03-26,-.2,12.9
133,대전,2016-03-27,-.3,15.1
133,대전,2016-03-28,-.3,17.9
133,대전,2016-03-29,6.5,18.3
133,대전,2016-03-30,7.6,22.9
133,대전,2016-03-31,5.1,21.7
133,대전,2016-04-01,4.8,25.4
133,대전,2016-04-02,6.9,24.6
133,대전,2016-04-03,10.8,16.4
133,대전,2016-04-04,10.1,18.3
133,대전,2016-04-05,5.6,20.8
133,대전,2016-04-06,5.5,23.7
133,대전,2016-04-07,9.1,18.6
133,대전,2016-04-08,8.3,21.8
133,대전,2016-04-09,9.8,23.3
133,대전,2016-04-10,10.7,24.6
133,대전,2016-04-11,8.4,19
133,대전,2016-04-12,7.5,22.1
133,대전,2016-04-13,11.9,19
133,대전,2016-04-14,10.5,21.3
133,대전,2016-04-15,6.7,24.8
133,대전,2016-04-16,9,20.5
133,대전,2016-04-17,9.9,16.8
133,대전,2016-04-18,8.4,18.3
133,대전,2016-04-19,6.4,19.3
133,대전,2016-04-20,7.1,18
133,대전,2016-04-21,10.8,16.6
133,대전,2016-04-22,12.6,24.5
133,대전,2016-04-23,11.3,22.2
133,대전,2016-04-24,7,24
133,대전,2016-04-25,8.9,26.6
133,대전,2016-04-26,9.6,29.2
133,대전,2016-04-27,11.5,19.4
133,대전,2016-04-28,9.8,20.5
133,대전,2016-04-29,8.5,22.1
133,대전,2016-04-30,9.5,24
133,대전,2016-05-01,11.2,27.6
133,대전,2016-05-02,12.1,29
133,대전,2016-05-03,10.6,18.5
133,대전,2016-05-04,12.5,23
133,대전,2016-05-05,9.2,27.9
133,대전,2016-05-06,14.5,26.2
133,대전,2016-05-07,11.3,24.6
133,대전,2016-05-08,9.8,27.5
133,대전,2016-05-09,14.6,26.6
133,대전,2016-05-10,12.5,17.7
133,대전,2016-05-11,11.9,23.3
133,대전,2016-05-12,11.7,25.7
133,대전,2016-05-13,14.1,22.5
133,대전,2016-05-14,13.5,26.5
133,대전,2016-05-15,14.2,26.2
133,대전,2016-05-16,10,22.2
133,대전,2016-05-17,10.7,27
133,대전,2016-05-18,12,29.8
133,대전,2016-05-19,14.6,31.3
133,대전,2016-05-20,14.5,30.1
133,대전,2016-05-21,16.3,29.4
133,대전,2016-05-22,13.7,30.3
133,대전,2016-05-23,15,30.4
133,대전,2016-05-24,15.5,21.9
133,대전,2016-05-25,12.4,25.5
133,대전,2016-05-26,15.6,26.4
133,대전,2016-05-27,17.9,29.1
133,대전,2016-05-28,18.2,28
133,대전,2016-05-29,17.5,26.9
133,대전,2016-05-30,14.4,29.4
133,대전,2016-05-31,16.2,27.9
133,대전,2016-06-01,18.5,28.4
133,대전,2016-06-02,15.1,29.3
133,대전,2016-06-03,17.1,29
133,대전,2016-06-04,17.1,22
133,대전,2016-06-05,14.6,30.3
133,대전,2016-06-06,18.4,24.5
133,대전,2016-06-07,18.4,26.7
133,대전,2016-06-08,19.1,27.1
133,대전,2016-06-09,17.5,30.2
133,대전,2016-06-10,19.6,31.2
133,대전,2016-06-11,20.9,29.8
133,대전,2016-06-12,23.1,27.4
133,대전,2016-06-13,20.8,29.6
133,대전,2016-06-14,19.4,30.3
133,대전,2016-06-15,20.3,26.1
133,대전,2016-06-16,19.1,25.8
133,대전,2016-06-17,16.4,29.3
133,대전,2016-06-18,18.5,31
133,대전,2016-06-19,21.7,30.1
133,대전,2016-06-20,20,29.5
133,대전,2016-06-21,19.7,32
133,대전,2016-06-22,23.2,31.1
133,대전,2016-06-23,20.9,31.7
133,대전,2016-06-24,19.4,24.8
133,대전,2016-06-25,18.8,27.7
133,대전,2016-06-26,18.7,30
133,대전,2016-06-27,18.8,28.3
133,대전,2016-06-28,18,30.1
133,대전,2016-06-29,21.2,28.2
133,대전,2016-06-30,23.1,29.2
133,대전,2016-07-01,23.3,29.8
133,대전,2016-07-02,22.2,28
133,대전,2016-07-03,20.4,24.4
133,대전,2016-07-04,20,24.6
133,대전,2016-07-05,22.1,30.4
133,대전,2016-07-06,22.8,27.1
133,대전,2016-07-07,22.6,30.3
133,대전,2016-07-08,21.6,32.6
133,대전,2016-07-09,22.7,33.1
133,대전,2016-07-10,22.2,32
133,대전,2016-07-11,23.9,32.9
133,대전,2016-07-12,23.2,28.4
133,대전,2016-07-13,23.1,30.4
133,대전,2016-07-14,22.1,31
133,대전,2016-07-15,22.7,30
133,대전,2016-07-16,20.3,24.5
133,대전,2016-07-17,21.1,26.4
133,대전,2016-07-18,20.9,28.9
133,대전,2016-07-19,20.3,32.4
133,대전,2016-07-20,23.8,31.8
133,대전,2016-07-21,22.2,31.6
133,대전,2016-07-22,23.6,33.2
133,대전,2016-07-23,24.8,33.6
133,대전,2016-07-24,26.4,32.9
133,대전,2016-07-25,26.9,32.5
133,대전,2016-07-26,24.2,33.3
133,대전,2016-07-27,25.9,31.8
133,대전,2016-07-28,25.1,32.3
133,대전,2016-07-29,24.1,32.5
133,대전,2016-07-30,26.3,34
133,대전,2016-07-31,26.2,34.7
133,대전,2016-08-01,25.3,32.9
133,대전,2016-08-02,23.9,30.3
133,대전,2016-08-03,23.2,34
133,대전,2016-08-04,24.5,35.5
133,대전,2016-08-05,25.5,35.8
133,대전,2016-08-06,25.6,35.4
133,대전,2016-08-07,24.3,34.9
133,대전,2016-08-08,24.5,34.8
133,대전,2016-08-09,25.4,34.3
133,대전,2016-08-10,25.2,34.6
133,대전,2016-08-11,24.4,35.6
133,대전,2016-08-12,24.9,36.5
133,대전,2016-08-13,25.2,36
133,대전,2016-08-14,26.1,35
133,대전,2016-08-15,26.5,35.5
133,대전,2016-08-16,26.1,35.5
133,대전,2016-08-17,24.7,35.1
133,대전,2016-08-18,25.3,34.8
133,대전,2016-08-19,25,37.3
133,대전,2016-08-20,26.2,37.6
133,대전,2016-08-21,25.2,34.9
133,대전,2016-08-22,24,36.7
133,대전,2016-08-23,25.4,33.4
133,대전,2016-08-24,23.7,34.5
133,대전,2016-08-25,23.8,33.9
133,대전,2016-08-26,19.1,27.4
133,대전,2016-08-27,18,27.9
133,대전,2016-08-28,17.8,24.5
133,대전,2016-08-29,15.8,27.2
133,대전,2016-08-30,16.6,22.6
133,대전,2016-08-31,17.6,24.8
133,대전,2016-09-01,22.9,31.5
133,대전,2016-09-02,21.2,24.9
133,대전,2016-09-03,20.8,30.3
133,대전,2016-09-04,22.3,30.4
133,대전,2016-09-05,24,30.5
133,대전,2016-09-06,21.5,28.1
133,대전,2016-09-07,19.8,27.8
133,대전,2016-09-08,19.7,28.9
133,대전,2016-09-09,20.2,28.8
133,대전,2016-09-10,19.1,28.7
133,대전,2016-09-11,19.6,28.5
133,대전,2016-09-12,21,27.8
133,대전,2016-09-13,18.7,29.5
133,대전,2016-09-14,20.5,29.1
133,대전,2016-09-15,18.4,28.7
133,대전,2016-09-16,20.7,25.4
133,대전,2016-09-17,19.6,21.3
133,대전,2016-09-18,18.1,20.7
133,대전,2016-09-19,17.4,23.6
133,대전,2016-09-20,13.7,24.7
133,대전,2016-09-21,12.8,23.6
133,대전,2016-09-22,17.1,25.9
133,대전,2016-09-23,15.4,27
133,대전,2016-09-24,16.4,28.1
133,대전,2016-09-25,17.2,24.7
133,대전,2016-09-26,18.3,26.8
133,대전,2016-09-27,20.3,25.8
133,대전,2016-09-28,18.1,26
133,대전,2016-09-29,18,22
133,대전,2016-09-30,16.2,18.5
133,대전,2016-10-01,15.7,21.7
133,대전,2016-10-02,17.6,23.4
133,대전,2016-10-03,19.6,26.8
133,대전,2016-10-04,17.7,27.9
133,대전,2016-10-05,17.7,24.3
133,대전,2016-10-06,14.4,23.9
133,대전,2016-10-07,14.2,24.3
133,대전,2016-10-08,14.2,21.8
133,대전,2016-10-09,7.6,16.7
133,대전,2016-10-10,8.4,18.5
133,대전,2016-10-11,10.3,20.5
133,대전,2016-10-12,11,21
133,대전,2016-10-13,10.4,20.1
133,대전,2016-10-14,8.6,22.9
133,대전,2016-10-15,10.7,25.2
133,대전,2016-10-16,15.2,20.3
133,대전,2016-10-17,14.5,23.2
133,대전,2016-10-18,13,21.5
133,대전,2016-10-19,12.8,23.6
133,대전,2016-10-20,11.2,22.7
133,대전,2016-10-21,15.7,18.8
133,대전,2016-10-22,14.3,22.1
133,대전,2016-10-23,11.4,17.9
133,대전,2016-10-24,9.8,20.4
133,대전,2016-10-25,12.3,20
133,대전,2016-10-26,10.8,16.8
133,대전,2016-10-27,10.2,18
133,대전,2016-10-28,11.1,15.7
133,대전,2016-10-29,6.1,13.5
133,대전,2016-10-30,1.2,14.5
133,대전,2016-10-31,4.9,10.4
133,대전,2016-11-01,-.7,9.4
133,대전,2016-11-02,-2.4,11.7
133,대전,2016-11-03,3.7,14.8
133,대전,2016-11-04,2.7,17.4
133,대전,2016-11-05,8.7,19.2
133,대전,2016-11-06,9.8,18.2
133,대전,2016-11-07,10.8,18.8
133,대전,2016-11-08,.9,12.3
133,대전,2016-11-09,-3.1,9.8
133,대전,2016-11-10,2.4,12
133,대전,2016-11-11,5.8,14.8
133,대전,2016-11-12,2.7,18.6
133,대전,2016-11-13,6.6,18.1
133,대전,2016-11-14,9.5,21.9
133,대전,2016-11-15,2.7,14.6
133,대전,2016-11-16,-.5,12.9
133,대전,2016-11-17,3.3,15.4
133,대전,2016-11-18,3,13.8
133,대전,2016-11-19,10.4,14.3
133,대전,2016-11-20,6.7,16.4
133,대전,2016-11-21,5.5,11.6
133,대전,2016-11-22,.7,9.5
133,대전,2016-11-23,-3.3,6.2
133,대전,2016-11-24,-4.9,5.2
133,대전,2016-11-25,-3.2,7.8
133,대전,2016-11-26,-2.9,3.3
133,대전,2016-11-27,1,7.1
133,대전,2016-11-28,-.4,8.4
133,대전,2016-11-29,-3.4,8.8
133,대전,2016-11-30,-.7,11.5
133,대전,2016-12-01,.1,10.1
133,대전,2016-12-02,-4.1,8.5
133,대전,2016-12-03,-2.8,10.8
133,대전,2016-12-04,-.2,8.8
133,대전,2016-12-05,4.7,14.2
133,대전,2016-12-06,-2.6,6.6
133,대전,2016-12-07,-4.4,8.7
133,대전,2016-12-08,-1.8,9.8
133,대전,2016-12-09,-1,7.9
133,대전,2016-12-10,-4.4,6.4
133,대전,2016-12-11,-6.2,6.9
133,대전,2016-12-12,-3.2,11
133,대전,2016-12-13,1,9.6
133,대전,2016-12-14,-2.9,2.7
133,대전,2016-12-15,-5.9,3
133,대전,2016-12-16,-8.3,2.8
133,대전,2016-12-17,-.3,10.5
133,대전,2016-12-18,-1.8,9.5
133,대전,2016-12-19,5.1,10.6
133,대전,2016-12-20,4.3,13.3
133,대전,2016-12-21,1.8,12.6
133,대전,2016-12-22,3.8,14.8
133,대전,2016-12-23,-1.3,3.9
133,대전,2016-12-24,-2.5,1.3
133,대전,2016-12-25,-4.5,7.3
133,대전,2016-12-26,2.3,4.3
133,대전,2016-12-27,-5.1,4
133,대전,2016-12-28,-7.5,4.1
133,대전,2016-12-29,-4.5,1.4
133,대전,2016-12-30,-8.1,4.8
133,대전,2016-12-31,-1.3,5.2
133,대전,2017-01-01,-1.3,10.7
133,대전,2017-01-02,-.4,10.8
133,대전,2017-01-03,-1.5,9.2
133,대전,2017-01-04,-.2,10.7
133,대전,2017-01-05,-.7,9.3
133,대전,2017-01-06,2.6,12
133,대전,2017-01-07,-1.5,9.2
133,대전,2017-01-08,5,14.8
133,대전,2017-01-09,-.9,8
133,대전,2017-01-10,-3.2,4.2
133,대전,2017-01-11,-7.8,2.5
133,대전,2017-01-12,-4,5.7
133,대전,2017-01-13,-7.3,.5
133,대전,2017-01-14,-8.7,-2.8
133,대전,2017-01-15,-11.8,1
133,대전,2017-01-16,-10.1,3.7
133,대전,2017-01-17,-8.6,4.3
133,대전,2017-01-18,-4.7,4.1
133,대전,2017-01-19,-3.7,5.9
133,대전,2017-01-20,-5.2,-.5
133,대전,2017-01-21,-8.6,2.4
133,대전,2017-01-22,-7.8,-.5
133,대전,2017-01-23,-10,-1.4
133,대전,2017-01-24,-10.7,1.1
133,대전,2017-01-25,-10.6,2.3
133,대전,2017-01-26,-9.5,6.5
133,대전,2017-01-27,-4.3,4.8
133,대전,2017-01-28,-7.6,7.9
133,대전,2017-01-29,.9,5.4
133,대전,2017-01-30,-6.8,.9
133,대전,2017-01-31,-9,1.5
133,대전,2017-02-01,-6.6,3.8
133,대전,2017-02-02,-9,5.7
133,대전,2017-02-03,-3.2,8.6
133,대전,2017-02-04,-3.3,8.1
133,대전,2017-02-05,1.2,5.5
133,대전,2017-02-06,-3.2,4.8
133,대전,2017-02-07,-4.7,5.8
133,대전,2017-02-08,-4.1,4.2
133,대전,2017-02-09,-5.1,.6
133,대전,2017-02-10,-6.9,-.3
133,대전,2017-02-11,-7.2,2.6
133,대전,2017-02-12,-5.3,5.7
133,대전,2017-02-13,-5.8,6
133,대전,2017-02-14,-2.8,8.1
133,대전,2017-02-15,-5.4,10.8
133,대전,2017-02-16,-3.4,15.5
133,대전,2017-02-17,-2.7,11.8
133,대전,2017-02-18,-6.2,4.8
133,대전,2017-02-19,-4.9,9.2
133,대전,2017-02-20,-4.9,7.2
133,대전,2017-02-21,-6.9,9
133,대전,2017-02-22,.2,4.1
133,대전,2017-02-23,-3,5.3
133,대전,2017-02-24,-5.4,6.9
133,대전,2017-02-25,-2.7,10
133,대전,2017-02-26,-.8,10.5
133,대전,2017-02-27,-2.5,12
133,대전,2017-02-28,-2.7,14
133,대전,2017-03-01,1,12.8
133,대전,2017-03-02,-1,8.3
133,대전,2017-03-03,-3.6,12.5
133,대전,2017-03-04,-1.2,15.1
133,대전,2017-03-05,0,14.6
133,대전,2017-03-06,-1.6,6.7
133,대전,2017-03-07,-2.6,4
133,대전,2017-03-08,-3.7,6
133,대전,2017-03-09,-1.1,10.7
133,대전,2017-03-10,-1.5,13.4
133,대전,2017-03-11,-1.9,17.1
133,대전,2017-03-12,.3,16.8
133,대전,2017-03-13,2.7,13.8
133,대전,2017-03-14,-.1,12
133,대전,2017-03-15,-1.8,12.8
133,대전,2017-03-16,-1.2,13.8
133,대전,2017-03-17,-1.4,16.6
133,대전,2017-03-18,2.9,18
133,대전,2017-03-19,.7,19.2
133,대전,2017-03-20,2.7,13.6
133,대전,2017-03-21,4.9,13
133,대전,2017-03-22,0,14.6
133,대전,2017-03-23,4,16.6
133,대전,2017-03-24,1.7,15.6
133,대전,2017-03-25,6.4,9.9
133,대전,2017-03-26,4.6,10.5
133,대전,2017-03-27,3.5,11.1
133,대전,2017-03-28,.9,14.2
133,대전,2017-03-29,4.3,16.8
133,대전,2017-03-30,2.1,19.5
133,대전,2017-03-31,8,14.6
133,대전,2017-04-01,5.2,13.6
133,대전,2017-04-02,1.9,17.1
133,대전,2017-04-03,3.6,21.3
133,대전,2017-04-04,4.1,22.8
133,대전,2017-04-05,10.7,14.2
133,대전,2017-04-06,11.2,16.7
133,대전,2017-04-07,9.5,24.6
133,대전,2017-04-08,10.2,24.6
133,대전,2017-04-09,11.9,19.7
133,대전,2017-04-10,9.4,21.4
133,대전,2017-04-11,8.2,19.4
133,대전,2017-04-12,5.7,18.4
133,대전,2017-04-13,5.7,20.1
133,대전,2017-04-14,10.5,20.9
133,대전,2017-04-15,12.5,25.6
133,대전,2017-04-16,10.6,28.6
133,대전,2017-04-17,11.8,18.9
133,대전,2017-04-18,10.3,21.5
133,대전,2017-04-19,7.2,20.4
133,대전,2017-04-20,8.3,14.1
133,대전,2017-04-21,5.8,19.9
133,대전,2017-04-22,8.6,21.1
133,대전,2017-04-23,6.5,23
133,대전,2017-04-24,6.3,23.6
133,대전,2017-04-25,10,22.7
133,대전,2017-04-26,10.1,21.6
133,대전,2017-04-27,6.7,20.5
133,대전,2017-04-28,8.6,23.8
133,대전,2017-04-29,9.7,25.2
133,대전,2017-04-30,15.2,27.7
133,대전,2017-05-01,12.9,28.7
133,대전,2017-05-02,12.1,27.5
133,대전,2017-05-03,11.8,29.6
133,대전,2017-05-04,14.1,28.4
133,대전,2017-05-05,17.9,28.2
133,대전,2017-05-06,10.8,23.5
133,대전,2017-05-07,11.8,25.8
133,대전,2017-05-08,12.1,22.9
133,대전,2017-05-09,12.2,20.3
133,대전,2017-05-10,13.8,18.7
133,대전,2017-05-11,12.6,26.2
133,대전,2017-05-12,15.9,23.9
133,대전,2017-05-13,13.8,25.3
133,대전,2017-05-14,12.1,23
133,대전,2017-05-15,11.1,23.1
133,대전,2017-05-16,11.5,22.6
133,대전,2017-05-17,10.5,26.1
133,대전,2017-05-18,11.9,27.8
133,대전,2017-05-19,13.1,29.9
133,대전,2017-05-20,12.5,29.2
133,대전,2017-05-21,14.3,29.1
133,대전,2017-05-22,13.3,29.4
133,대전,2017-05-23,15.1,26.7
133,대전,2017-05-24,17,26.7
133,대전,2017-05-25,14,27
133,대전,2017-05-26,11.2,22.8
133,대전,2017-05-27,11.9,26.3
133,대전,2017-05-28,12.8,29
133,대전,2017-05-29,19.5,30.7
133,대전,2017-05-30,17.1,30
133,대전,2017-05-31,17.2,28.4
133,대전,2017-06-01,17,26.9
133,대전,2017-06-02,13,27.4
133,대전,2017-06-03,16.1,26.1
133,대전,2017-06-04,12,28.4
133,대전,2017-06-05,13.9,29.8
133,대전,2017-06-06,15.7,22.5
133,대전,2017-06-07,16,19.7
133,대전,2017-06-08,15.6,26.4
133,대전,2017-06-09,16.2,27.9
133,대전,2017-06-10,19.9,26.6
133,대전,2017-06-11,15.9,29.6
133,대전,2017-06-12,16.7,27.4
133,대전,2017-06-13,17.3,27.6
133,대전,2017-06-14,15.1,28.4
133,대전,2017-06-15,16.8,29.6
133,대전,2017-06-16,18.1,32.8
133,대전,2017-06-17,16.8,32.3
133,대전,2017-06-18,17.1,33.8
133,대전,2017-06-19,18.3,33.4
133,대전,2017-06-20,19.6,31.3
133,대전,2017-06-21,20.2,30.4
133,대전,2017-06-22,18.6,32.9
133,대전,2017-06-23,20.1,34.8
133,대전,2017-06-24,20.4,33.5
133,대전,2017-06-25,20,29.9
133,대전,2017-06-26,20.7,29.2
133,대전,2017-06-27,20.7,29.2
133,대전,2017-06-28,21,31.6
133,대전,2017-06-29,21.6,31.1
133,대전,2017-06-30,22.8,32.2
133,대전,2017-07-01,22.6,25.1
133,대전,2017-07-02,24.2,27.6
133,대전,2017-07-03,24.4,27.9
133,대전,2017-07-04,24.1,28.4
133,대전,2017-07-05,23.7,32.6
133,대전,2017-07-06,23.5,31.8
133,대전,2017-07-07,23.5,29.5
133,대전,2017-07-08,22.6,29.1
133,대전,2017-07-09,22.5,32.4
133,대전,2017-07-10,23.3,28.7
133,대전,2017-07-11,23.2,31
133,대전,2017-07-12,24.2,32.4
133,대전,2017-07-13,22.8,32.9
133,대전,2017-07-14,24.4,34
133,대전,2017-07-15,23.1,26.7
133,대전,2017-07-16,25.3,29.8
133,대전,2017-07-17,23,29.1
133,대전,2017-07-18,22.9,28.7
133,대전,2017-07-19,24.5,32.8
133,대전,2017-07-20,25.3,33.9
133,대전,2017-07-21,26.8,33.7
133,대전,2017-07-22,27.6,32.8
133,대전,2017-07-23,26.4,29.7
133,대전,2017-07-24,27.5,30.7
133,대전,2017-07-25,25.3,33.1
133,대전,2017-07-26,23.6,31.8
133,대전,2017-07-27,22.3,33.1
133,대전,2017-07-28,25.7,31.9
133,대전,2017-07-29,24.8,31.3
133,대전,2017-07-30,24,31.8
133,대전,2017-07-31,23.5,27.3
133,대전,2017-08-01,22.3,31.9
133,대전,2017-08-02,25.1,34.1
133,대전,2017-08-03,24.3,32.5
133,대전,2017-08-04,24.5,34.4
133,대전,2017-08-05,27.1,35.9
133,대전,2017-08-06,27.8,35.6
133,대전,2017-08-07,25.6,34.2
133,대전,2017-08-08,25,31.9
133,대전,2017-08-09,22.3,27.4
133,대전,2017-08-10,24.2,31.2
133,대전,2017-08-11,24.1,32.5
133,대전,2017-08-12,23.1,31.5
133,대전,2017-08-13,22.8,26.5
133,대전,2017-08-14,21,25.3
133,대전,2017-08-15,21.3,24
133,대전,2017-08-16,22.7,29.1
133,대전,2017-08-17,22.9,30.1
133,대전,2017-08-18,23,30.4
133,대전,2017-08-19,23,30.4
133,대전,2017-08-20,23.3,29.7
133,대전,2017-08-21,23.1,27.5
133,대전,2017-08-22,24,31.1
133,대전,2017-08-23,25.7,32.2
133,대전,2017-08-24,25.1,29.8
133,대전,2017-08-25,21.8,31.3
133,대전,2017-08-26,18.8,29.4
133,대전,2017-08-27,18,30.4
133,대전,2017-08-28,19.7,28.6
133,대전,2017-08-29,18,26.3
133,대전,2017-08-30,16,20.6
133,대전,2017-08-31,16,27.3
133,대전,2017-09-01,16.6,28
133,대전,2017-09-02,16.7,26.2
133,대전,2017-09-03,16,28.6
133,대전,2017-09-04,17.3,28
133,대전,2017-09-05,19.2,23.3
133,대전,2017-09-06,18.4,23.1
133,대전,2017-09-07,18.3,27.1
133,대전,2017-09-08,18.5,28.3
133,대전,2017-09-09,17.7,27.8
133,대전,2017-09-10,18.5,26.5
133,대전,2017-09-11,18.1,22.8
133,대전,2017-09-12,17.6,28.2
133,대전,2017-09-13,14.3,27.4
133,대전,2017-09-14,13.9,27.5
133,대전,2017-09-15,18.6,26.1
133,대전,2017-09-16,18.6,24.3
133,대전,2017-09-17,16.7,27.7
133,대전,2017-09-18,16.3,26.7
133,대전,2017-09-19,17.9,27.2
133,대전,2017-09-20,15.4,25
133,대전,2017-09-21,12.1,25.9
133,대전,2017-09-22,14.4,26.6
133,대전,2017-09-23,15.5,26.4
133,대전,2017-09-24,18.7,27.2
133,대전,2017-09-25,19,28.8
133,대전,2017-09-26,17.3,29.2
133,대전,2017-09-27,16.7,23.2
133,대전,2017-09-28,15.8,24.8
133,대전,2017-09-29,10.5,21.6
133,대전,2017-09-30,9.8,25.9
133,대전,2017-10-01,13.5,18.2
133,대전,2017-10-02,15.9,23.4
133,대전,2017-10-03,14.6,22.9
133,대전,2017-10-04,11.8,23.3
133,대전,2017-10-05,15.5,21.3
133,대전,2017-10-06,15,18.6
133,대전,2017-10-07,16.9,24.8
133,대전,2017-10-08,16.5,27
133,대전,2017-10-09,17.6,26.1
133,대전,2017-10-10,17.9,26.1
133,대전,2017-10-11,13.4,22.1
133,대전,2017-10-12,9.4,13.4
133,대전,2017-10-13,5.8,18.2
133,대전,2017-10-14,8.4,18.9
133,대전,2017-10-15,9.7,19.9
133,대전,2017-10-16,12.6,21
133,대전,2017-10-17,9.2,22.6
133,대전,2017-10-18,14.8,19.5
133,대전,2017-10-19,11.4,21.4
133,대전,2017-10-20,11.1,22.8
133,대전,2017-10-21,9.8,22.6
133,대전,2017-10-22,10,22.5
133,대전,2017-10-23,9.1,18.7
133,대전,2017-10-24,6.9,19.3
133,대전,2017-10-25,6.6,19.7
133,대전,2017-10-26,7.8,18.7
133,대전,2017-10-27,11.2,19.5
133,대전,2017-10-28,9.2,23.1
133,대전,2017-10-29,5.6,18.2
133,대전,2017-10-30,1.4,13.8
133,대전,2017-10-31,.4,17.2
133,대전,2017-11-01,7.3,19
133,대전,2017-11-02,10.9,19.1
133,대전,2017-11-03,7.6,17.6
133,대전,2017-11-04,3.2,13.9
133,대전,2017-11-05,.9,14.7
133,대전,2017-11-06,1.7,17.1
133,대전,2017-11-07,5.6,20.8
133,대전,2017-11-08,7,18.9
133,대전,2017-11-09,2.4,16.8
133,대전,2017-11-10,3.4,18.9
133,대전,2017-11-11,2,12.1
133,대전,2017-11-12,-.9,13.4
133,대전,2017-11-13,.7,12.2
133,대전,2017-11-14,4.3,13.9
133,대전,2017-11-15,2.5,10.3
133,대전,2017-11-16,-2.3,8.9
133,대전,2017-11-17,-2.5,9.4
133,대전,2017-11-18,-3.7,7.4
133,대전,2017-11-19,-5.8,3.7
133,대전,2017-11-20,-2,9.1
133,대전,2017-11-21,-2.8,9.9
133,대전,2017-11-22,-.7,10.1
133,대전,2017-11-23,-2.4,6
133,대전,2017-11-24,-1.2,3.7
133,대전,2017-11-25,-1.6,11.2
133,대전,2017-11-26,1.1,11.1
133,대전,2017-11-27,-2.4,10.4
133,대전,2017-11-28,.2,12.8
133,대전,2017-11-29,1.7,10.7
133,대전,2017-11-30,-3.8,5
133,대전,2017-12-01,-6.5,4.4
133,대전,2017-12-02,-2.5,7.6
133,대전,2017-12-03,-1.1,12.8
133,대전,2017-12-04,-2.5,5.9
133,대전,2017-12-05,-7.6,1.8
133,대전,2017-12-06,-4.7,7
133,대전,2017-12-07,-.5,7.5
133,대전,2017-12-08,-4.1,2.6
133,대전,2017-12-09,-1.6,4.8
133,대전,2017-12-10,-1,8.1
133,대전,2017-12-11,-8.2,0
133,대전,2017-12-12,-11.4,-2
133,대전,2017-12-13,-9.9,.5
133,대전,2017-12-14,-11,.8
133,대전,2017-12-15,-8.1,3.6
133,대전,2017-12-16,-5.7,2.1
133,대전,2017-12-17,-9.4,.4
133,대전,2017-12-18,-6.4,7
133,대전,2017-12-19,-5.7,3.6
133,대전,2017-12-20,-8.3,5.6
133,대전,2017-12-21,-3.9,4.5
133,대전,2017-12-22,-3.9,9.1
133,대전,2017-12-23,-1.1,11.5
133,대전,2017-12-24,.7,6
133,대전,2017-12-25,-2.8,3.2
133,대전,2017-12-26,-5.1,3.4
133,대전,2017-12-27,-9,.5
133,대전,2017-12-28,-6.9,3
133,대전,2017-12-29,-.5,6.2
133,대전,2017-12-30,.1,7.6
133,대전,2017-12-31,-2.2,5.6
133,대전,2018-01-01,-5.3,4.9
133,대전,2018-01-02,-4.7,4.1
133,대전,2018-01-03,-6,2.7
133,대전,2018-01-04,-6.3,-.2
133,대전,2018-01-05,-3.7,3.9
133,대전,2018-01-06,-5,5.6
133,대전,2018-01-07,-6.6,2.2
133,대전,2018-01-08,-.1,2.6
133,대전,2018-01-09,-3.6,.7
133,대전,2018-01-10,-9,-1
133,대전,2018-01-11,-12.6,-4.9
133,대전,2018-01-12,-13.7,-3.9
133,대전,2018-01-13,-6.4,4.3
133,대전,2018-01-14,-7.3,7
133,대전,2018-01-15,.8,11
133,대전,2018-01-16,.2,7.4
133,대전,2018-01-17,2.5,6
133,대전,2018-01-18,-.1,7.1
133,대전,2018-01-19,-3.6,5.8
133,대전,2018-01-20,-4.8,7.9
133,대전,2018-01-21,-4,6.5
133,대전,2018-01-22,-.4,8.3
133,대전,2018-01-23,-11.4,-.4
133,대전,2018-01-24,-15.4,-7.2
133,대전,2018-01-25,-16.3,-5.6
133,대전,2018-01-26,-16.2,-5.1
133,대전,2018-01-27,-15.6,-1.1
133,대전,2018-01-28,-7.1,1.6
133,대전,2018-01-29,-9.5,-2.5
133,대전,2018-01-30,-11.7,1.7
133,대전,2018-01-31,-3.4,3.8
133,대전,2018-02-01,-6.6,4.1
133,대전,2018-02-02,-9,4.5
133,대전,2018-02-03,-8.2,-1.4
133,대전,2018-02-04,-11.2,-2.5
133,대전,2018-02-05,-12.5,-2.4
133,대전,2018-02-06,-13.2,-3.2
133,대전,2018-02-07,-13.9,0
133,대전,2018-02-08,-11.2,4.5
133,대전,2018-02-09,-5.7,9
133,대전,2018-02-10,-5.2,6.8
133,대전,2018-02-11,-7.7,.6
133,대전,2018-02-12,-9.5,-.4
133,대전,2018-02-13,-6.7,4.4
133,대전,2018-02-14,-.8,11.6
133,대전,2018-02-15,-3.2,7.2
133,대전,2018-02-16,-5.2,7.5
133,대전,2018-02-17,-4.9,4.1
133,대전,2018-02-18,-3.7,4.3
133,대전,2018-02-19,-3.4,8.8
133,대전,2018-02-20,-3.3,8.1
133,대전,2018-02-21,-3.8,5.4
133,대전,2018-02-22,-7.3,7.6
133,대전,2018-02-23,.2,10
133,대전,2018-02-24,.7,11.8
133,대전,2018-02-25,-.6,11.1
133,대전,2018-02-26,-4.2,13
133,대전,2018-02-27,-1.9,13.1
133,대전,2018-02-28,1.4,9.9
133,대전,2018-03-01,-3.2,4.8
133,대전,2018-03-02,-6.2,8.7
133,대전,2018-03-03,-1.7,18.7
133,대전,2018-03-04,9.5,23.1
133,대전,2018-03-05,3.3,14.5
133,대전,2018-03-06,-.4,12.5
133,대전,2018-03-07,3.2,10.2
133,대전,2018-03-08,.6,6.2
133,대전,2018-03-09,.5,6.4
133,대전,2018-03-10,-1.2,11.5
133,대전,2018-03-11,2.2,14.8
133,대전,2018-03-12,.1,17.6
133,대전,2018-03-13,2.9,20.8
133,대전,2018-03-14,7.9,24.2
133,대전,2018-03-15,10.6,15.8
133,대전,2018-03-16,3.1,10.8
133,대전,2018-03-17,.4,14.8
133,대전,2018-03-18,3,11.4
133,대전,2018-03-19,5.5,11.1
133,대전,2018-03-20,2.8,10.3
133,대전,2018-03-21,-.3,2.9
133,대전,2018-03-22,.5,12.2
133,대전,2018-03-23,-1,13.9
133,대전,2018-03-24,1.7,15.1
133,대전,2018-03-25,4.4,19.5
133,대전,2018-03-26,3.9,20.5
133,대전,2018-03-27,6.3,21.5
133,대전,2018-03-28,8.3,22
133,대전,2018-03-29,10.7,21.5
133,대전,2018-03-30,10.4,21.6
133,대전,2018-03-31,9.2,23.1
133,대전,2018-04-01,10.3,20.6
133,대전,2018-04-02,11.5,25.1
133,대전,2018-04-03,13.2,25.7
133,대전,2018-04-04,9.4,18.2
133,대전,2018-04-05,7.4,9.4
133,대전,2018-04-06,3.5,13.4
133,대전,2018-04-07,2.6,9.4
133,대전,2018-04-08,.8,13.4
133,대전,2018-04-09,5.5,18.7
133,대전,2018-04-10,5.3,24.2
133,대전,2018-04-11,10.5,21.4
133,대전,2018-04-12,6,22.2
133,대전,2018-04-13,5.9,18.6
133,대전,2018-04-14,7.2,13
133,대전,2018-04-15,5.8,16.5
133,대전,2018-04-16,3.3,18.9
133,대전,2018-04-17,8.1,20.8
133,대전,2018-04-18,6,22
133,대전,2018-04-19,5.1,23.3
133,대전,2018-04-20,9.1,29.9
133,대전,2018-04-21,11,30
133,대전,2018-04-22,12.9,21.6
133,대전,2018-04-23,10.7,15.1
133,대전,2018-04-24,10.4,13.8
133,대전,2018-04-25,5.4,22.5
133,대전,2018-04-26,7.2,23.9
133,대전,2018-04-27,9.2,23.3
133,대전,2018-04-28,9.6,23.1
133,대전,2018-04-29,6.3,25.4
133,대전,2018-04-30,13.4,27
133,대전,2018-05-01,17.2,26.5
133,대전,2018-05-02,11.3,23.4
133,대전,2018-05-03,9,17.1
133,대전,2018-05-04,7.8,22.3
133,대전,2018-05-05,12.4,25.3
133,대전,2018-05-06,14.9,20
133,대전,2018-05-07,14.8,21.7
133,대전,2018-05-08,12.7,22.2
133,대전,2018-05-09,9.4,22.5
133,대전,2018-05-10,11.2,23.6
133,대전,2018-05-11,11.2,23.9
133,대전,2018-05-12,12.6,18
133,대전,2018-05-13,14.9,22.4
133,대전,2018-05-14,13.6,26.6
133,대전,2018-05-15,15.2,29.5
133,대전,2018-05-16,22.6,27.1
133,대전,2018-05-17,24.6,31
133,대전,2018-05-18,15.7,25
133,대전,2018-05-19,13.9,21.5
133,대전,2018-05-20,10.8,22.6
133,대전,2018-05-21,12.1,22.4
133,대전,2018-05-22,13.8,24.9
133,대전,2018-05-23,14.7,23.6
133,대전,2018-05-24,10.8,26.4
133,대전,2018-05-25,11.4,26.3
133,대전,2018-05-26,12.9,30.5
133,대전,2018-05-27,17.1,26
133,대전,2018-05-28,15.5,30.5
133,대전,2018-05-29,18.5,28.9
133,대전,2018-05-30,18.3,27.5
133,대전,2018-05-31,14.6,26.7
133,대전,2018-06-01,15.9,31.1
133,대전,2018-06-02,15.8,31.5
133,대전,2018-06-03,15.8,31.1
133,대전,2018-06-04,18.1,29.3
133,대전,2018-06-05,19.3,28.7
133,대전,2018-06-06,18.7,30.7
133,대전,2018-06-07,20.5,30.6
133,대전,2018-06-08,19.5,27.7
133,대전,2018-06-09,17.6,29
133,대전,2018-06-10,18.5,25.8
133,대전,2018-06-11,18.1,23.7
133,대전,2018-06-12,18.3,25.2
133,대전,2018-06-13,16.5,28.7
133,대전,2018-06-14,19.1,27.9
133,대전,2018-06-15,17,26.4
133,대전,2018-06-16,15.9,28.3
133,대전,2018-06-17,17.4,29.9
133,대전,2018-06-18,20.3,32.2
133,대전,2018-06-19,19.1,24.7
133,대전,2018-06-20,18.6,29.3
133,대전,2018-06-21,18.9,30.1
133,대전,2018-06-22,17.2,32.3
133,대전,2018-06-23,20.1,30.4
133,대전,2018-06-24,19.4,33.8
133,대전,2018-06-25,19.3,32.9
133,대전,2018-06-26,21.3,26.9
133,대전,2018-06-27,22.9,29.9
133,대전,2018-06-28,23.3,26.4
133,대전,2018-06-29,19.8,30.8
133,대전,2018-06-30,22.5,28.6
133,대전,2018-07-01,20.5,25.4
133,대전,2018-07-02,21,24.4
133,대전,2018-07-03,22.4,28.6
133,대전,2018-07-04,23.4,30.6
133,대전,2018-07-05,23.2,30.7
133,대전,2018-07-06,20.6,24.5
133,대전,2018-07-07,18.9,27.6
133,대전,2018-07-08,17.5,26
133,대전,2018-07-09,19.3,21.8
133,대전,2018-07-10,20.5,31.6
133,대전,2018-07-11,24.4,32.9
133,대전,2018-07-12,25.8,32.9
133,대전,2018-07-13,26.1,32.5
133,대전,2018-07-14,25.4,32.9
133,대전,2018-07-15,24.7,34.4
133,대전,2018-07-16,25.7,34.3
133,대전,2018-07-17,25.4,33.5
133,대전,2018-07-18,24.8,33
133,대전,2018-07-19,24.8,34.7
133,대전,2018-07-20,23.7,35.3
133,대전,2018-07-21,25.6,36.3
133,대전,2018-07-22,25.6,36.5
133,대전,2018-07-23,26.5,35.3
133,대전,2018-07-24,26.2,36.3
133,대전,2018-07-25,27.5,34.4
133,대전,2018-07-26,26.2,35.5
133,대전,2018-07-27,26.2,37.3
133,대전,2018-07-28,26.4,37.3
133,대전,2018-07-29,25.5,35.4
133,대전,2018-07-30,26,35.8
133,대전,2018-07-31,25.4,37.2
133,대전,2018-08-01,26.3,38.9
133,대전,2018-08-02,27.6,38.6
133,대전,2018-08-03,27.5,37.8
133,대전,2018-08-04,28,35.7
133,대전,2018-08-05,26.8,35
133,대전,2018-08-06,27,35.7
133,대전,2018-08-07,27.6,36.7
133,대전,2018-08-08,27.9,36.4
133,대전,2018-08-09,26.6,35.7
133,대전,2018-08-10,27.5,36.3
133,대전,2018-08-11,26.9,34.7
133,대전,2018-08-12,25.9,35.3
133,대전,2018-08-13,26.2,38
133,대전,2018-08-14,27.4,38.1
133,대전,2018-08-15,26.8,39.4
133,대전,2018-08-16,25.8,36.8
133,대전,2018-08-17,23.2,32.5
133,대전,2018-08-18,20.4,32.5
133,대전,2018-08-19,21.4,34.7
133,대전,2018-08-20,24.2,35.3
133,대전,2018-08-21,25.8,30.7
133,대전,2018-08-22,23.7,38.7
133,대전,2018-08-23,26.4,32
133,대전,2018-08-24,23.7,26.7
133,대전,2018-08-25,23.4,27.8
133,대전,2018-08-26,20.1,24.4
133,대전,2018-08-27,20.4,25.6
133,대전,2018-08-28,23.9,29.3
133,대전,2018-08-29,23.9,32.2
133,대전,2018-08-30,24.4,28.8
133,대전,2018-08-31,19.5,25.7
133,대전,2018-09-01,20.6,29.5
133,대전,2018-09-02,19.2,29
133,대전,2018-09-03,22.6,29.8
133,대전,2018-09-04,21,28.2
133,대전,2018-09-05,19.2,28.6
133,대전,2018-09-06,20.8,27
133,대전,2018-09-07,18.9,25.7
133,대전,2018-09-08,14.6,26.7
133,대전,2018-09-09,15.8,28.2
133,대전,2018-09-10,17.6,27.5
133,대전,2018-09-11,15.9,24.9
133,대전,2018-09-12,15.5,28
133,대전,2018-09-13,20.3,24.4
133,대전,2018-09-14,20.1,23.1
133,대전,2018-09-15,21.1,24.2
133,대전,2018-09-16,20.8,25.5
133,대전,2018-09-17,19.3,27.7
133,대전,2018-09-18,16.5,28.1
133,대전,2018-09-19,17.1,25.3
133,대전,2018-09-20,19.1,22
133,대전,2018-09-21,18.9,20.8
133,대전,2018-09-22,16.3,26.1
133,대전,2018-09-23,14.9,25.3
133,대전,2018-09-24,13,22.7
133,대전,2018-09-25,9.9,24.1
133,대전,2018-09-26,15.4,23.5
133,대전,2018-09-27,12.6,24.7
133,대전,2018-09-28,13,21
133,대전,2018-09-29,13.7,25.8
133,대전,2018-09-30,14.6,24.8
133,대전,2018-10-01,12,19.6
133,대전,2018-10-02,10.6,22.1
133,대전,2018-10-03,10.1,22.9
133,대전,2018-10-04,11.8,25.6
133,대전,2018-10-05,16.4,19.7
133,대전,2018-10-06,17.1,20.5
133,대전,2018-10-07,12.3,23.2
133,대전,2018-10-08,9,20.4
133,대전,2018-10-09,10.2,19.6
133,대전,2018-10-10,8.4,17.6
133,대전,2018-10-11,5.8,15.9
133,대전,2018-10-12,5.2,17.5
133,대전,2018-10-13,4.9,19.6
133,대전,2018-10-14,6.9,19.7
133,대전,2018-10-15,8.1,20.7
133,대전,2018-10-16,10.3,17.4
133,대전,2018-10-17,7.7,19.6
133,대전,2018-10-18,5.5,18.3
133,대전,2018-10-19,7.5,18.6
133,대전,2018-10-20,5.6,20.7
133,대전,2018-10-21,5.4,21
133,대전,2018-10-22,8.1,21
133,대전,2018-10-23,8.4,19.6
133,대전,2018-10-24,7.6,19.3
133,대전,2018-10-25,6.7,21.5
133,대전,2018-10-26,10.2,13.4
133,대전,2018-10-27,6.1,14.2
133,대전,2018-10-28,6,16.3
133,대전,2018-10-29,6.3,14
133,대전,2018-10-30,1.5,12.8
133,대전,2018-10-31,3.8,14.5
133,대전,2018-11-01,1.4,15.9
133,대전,2018-11-02,1.8,18.5
133,대전,2018-11-03,3,19.1
133,대전,2018-11-04,3.7,18.8
133,대전,2018-11-05,4,17.8
133,대전,2018-11-06,5.2,19.4
133,대전,2018-11-07,11,14
133,대전,2018-11-08,12.5,16.5
133,대전,2018-11-09,7.9,14.9
133,대전,2018-11-10,6.3,17.4
133,대전,2018-11-11,6.7,11.6
133,대전,2018-11-12,4.6,14.7
133,대전,2018-11-13,3,15.5
133,대전,2018-11-14,3.3,16.8
133,대전,2018-11-15,3.3,16.6
133,대전,2018-11-16,6.2,14.2
133,대전,2018-11-17,2.2,13
133,대전,2018-11-18,.8,11.3
133,대전,2018-11-19,2.8,14.7
133,대전,2018-11-20,.5,14
133,대전,2018-11-21,1.8,11.1
133,대전,2018-11-22,-.9,9.3
133,대전,2018-11-23,-2.3,8.2
133,대전,2018-11-24,0,6.7
133,대전,2018-11-25,3.7,11.4
133,대전,2018-11-26,1.2,14.4
133,대전,2018-11-27,.4,14.2
133,대전,2018-11-28,1.5,10.7
133,대전,2018-11-29,-.7,9.4
133,대전,2018-11-30,1.4,11.6
133,대전,2018-12-01,1,12.1
133,대전,2018-12-02,.6,15
133,대전,2018-12-03,9.3,15
133,대전,2018-12-04,3.3,14.6
133,대전,2018-12-05,-2.7,5.3
133,대전,2018-12-06,.5,5.7
133,대전,2018-12-07,-7.1,2.4
133,대전,2018-12-08,-9.9,-2.3
133,대전,2018-12-09,-11,-.5
133,대전,2018-12-10,-8.7,4.1
133,대전,2018-12-11,-2.8,.4
133,대전,2018-12-12,-4.5,4
133,대전,2018-12-13,-5.6,6.1
133,대전,2018-12-14,-6.5,2.6
133,대전,2018-12-15,-8.2,4.3
133,대전,2018-12-16,-3.6,6.3
133,대전,2018-12-17,.5,7.8
133,대전,2018-12-18,-2.3,8.9
133,대전,2018-12-19,1.6,12.2
133,대전,2018-12-20,0,10
133,대전,2018-12-21,-2.6,10
133,대전,2018-12-22,.8,13.8
133,대전,2018-12-23,-.7,10.6
133,대전,2018-12-24,-4.9,4.2
133,대전,2018-12-25,-5.7,4.7
133,대전,2018-12-26,-1.5,5.9
133,대전,2018-12-27,-8.4,-1.5
133,대전,2018-12-28,-11.1,-4
133,대전,2018-12-29,-10.7,-.7
133,대전,2018-12-30,-10.4,.2
133,대전,2018-12-31,-10.7,2.5
133,대전,2019-01-01,-6.1,.7
133,대전,2019-01-02,-8.4,2.9
133,대전,2019-01-03,-8.5,4.3
133,대전,2019-01-04,-8.1,4.2
133,대전,2019-01-05,-4.8,4.5
133,대전,2019-01-06,-7.1,5.4
133,대전,2019-01-07,-6.9,5.6
133,대전,2019-01-08,-5,3.9
133,대전,2019-01-09,-8.6,2.3
133,대전,2019-01-10,-3.2,2
133,대전,2019-01-11,-3,8.4
133,대전,2019-01-12,1.8,8.8
133,대전,2019-01-13,-2.8,8.4
133,대전,2019-01-14,-1.6,6.1
133,대전,2019-01-15,-4.9,5.6
133,대전,2019-01-16,-8.5,1.3
133,대전,2019-01-17,-2.5,4.5
133,대전,2019-01-18,-4.8,8
133,대전,2019-01-19,-1.9,7.6
133,대전,2019-01-20,-2.8,4.2
133,대전,2019-01-21,-6.2,6.8
133,대전,2019-01-22,-1.6,8.7
133,대전,2019-01-23,-1.5,9.5
133,대전,2019-01-24,-5.6,8.7
133,대전,2019-01-25,-4.5,5.3
133,대전,2019-01-26,-6.4,4
133,대전,2019-01-27,-8.3,7.3
133,대전,2019-01-28,-2.3,6.6
133,대전,2019-01-29,-6.9,8.3
133,대전,2019-01-30,-4,9.1
133,대전,2019-01-31,-4.7,3.6
133,대전,2019-02-01,-6.7,3.9
133,대전,2019-02-02,-4.9,8.8
133,대전,2019-02-03,3.2,8.7
133,대전,2019-02-04,-2.2,6.5
133,대전,2019-02-05,-4.3,12
133,대전,2019-02-06,-1.2,13.5
133,대전,2019-02-07,-5.1,7.6
133,대전,2019-02-08,-7.5,2.1
133,대전,2019-02-09,-5.3,1.7
133,대전,2019-02-10,-7,2.2
133,대전,2019-02-11,-6.1,4.1
133,대전,2019-02-12,-6.2,5.4
133,대전,2019-02-13,-3.9,4.9
133,대전,2019-02-14,-3.3,8.1
133,대전,2019-02-15,-.6,4.7
133,대전,2019-02-16,-3.5,2.8
133,대전,2019-02-17,-6.5,6.8
133,대전,2019-02-18,-4.5,6.8
133,대전,2019-02-19,-.1,4.1
133,대전,2019-02-20,-.7,6.1
133,대전,2019-02-21,-3.3,8.5
133,대전,2019-02-22,-1.5,9.9
133,대전,2019-02-23,-1.9,14.2
133,대전,2019-02-24,-.8,15.1
133,대전,2019-02-25,.9,12.9
133,대전,2019-02-26,-2.4,12.7
133,대전,2019-02-27,4.2,9.8
133,대전,2019-02-28,.7,13.4
133,대전,2019-03-01,0,13.7
133,대전,2019-03-02,-.9,16
133,대전,2019-03-03,1.4,15.5
133,대전,2019-03-04,5.5,16.4
133,대전,2019-03-05,2.8,14
133,대전,2019-03-06,5.8,15.4
133,대전,2019-03-07,3,13.2
133,대전,2019-03-08,-.6,15.5
133,대전,2019-03-09,-1.4,17.3
133,대전,2019-03-10,3.7,11.3
133,대전,2019-03-11,.6,9.8
133,대전,2019-03-12,-.3,11.1
133,대전,2019-03-13,-1.8,9.2
133,대전,2019-03-14,-2.6,12.2
133,대전,2019-03-15,2,12
133,대전,2019-03-16,2.1,11.1
133,대전,2019-03-17,2.6,14.1
133,대전,2019-03-18,-.6,14.5
133,대전,2019-03-19,1.5,19.6
133,대전,2019-03-20,6.3,16.4
133,대전,2019-03-21,2.7,13.7
133,대전,2019-03-22,.3,10.6
133,대전,2019-03-23,-1.2,9.7
133,대전,2019-03-24,-1.9,11.2
133,대전,2019-03-25,.2,14.4
133,대전,2019-03-26,4.3,19.5
133,대전,2019-03-27,10.4,21
133,대전,2019-03-28,7.3,18.1
133,대전,2019-03-29,6.2,18.4
133,대전,2019-03-30,4.2,10.3
133,대전,2019-03-31,2.8,9.7
133,대전,2019-04-01,.5,11.3
133,대전,2019-04-02,-1.1,14.4
133,대전,2019-04-03,-.2,14.9
133,대전,2019-04-04,1.1,17.3
133,대전,2019-04-05,7.7,18.6
133,대전,2019-04-06,2.8,20.6
133,대전,2019-04-07,9.3,20.7
133,대전,2019-04-08,4.9,19.4
133,대전,2019-04-09,5,16.5
133,대전,2019-04-10,4.9,10.6
133,대전,2019-04-11,4.3,15.8
133,대전,2019-04-12,5.1,19
133,대전,2019-04-13,4.7,19.9
133,대전,2019-04-14,6.9,15.4
133,대전,2019-04-15,2.9,20.5
133,대전,2019-04-16,4,23.8
133,대전,2019-04-17,10,25
133,대전,2019-04-18,9.6,21.6
133,대전,2019-04-19,11.5,18.5
133,대전,2019-04-20,11.4,23.5
133,대전,2019-04-21,15.2,22.6
133,대전,2019-04-22,11.3,29.3
133,대전,2019-04-23,15.6,23.1
133,대전,2019-04-24,15.3,21.1
133,대전,2019-04-25,10.9,17.2
133,대전,2019-04-26,8.5,12
133,대전,2019-04-27,5.1,18.1
133,대전,2019-04-28,10.3,17.4
133,대전,2019-04-29,8,15.1
133,대전,2019-04-30,9.6,22.4
133,대전,2019-05-01,10.3,23.3
133,대전,2019-05-02,8.9,25
133,대전,2019-05-03,7.4,28.4
133,대전,2019-05-04,10.2,27.4
133,대전,2019-05-05,12.2,28
133,대전,2019-05-06,9.4,20.3
133,대전,2019-05-07,5.6,23.2
133,대전,2019-05-08,7.4,23.1
133,대전,2019-05-09,10.9,24.7
133,대전,2019-05-10,8.3,27.9
133,대전,2019-05-11,11.3,28.9
133,대전,2019-05-12,13.1,29.3
133,대전,2019-05-13,13.3,28.3
133,대전,2019-05-14,14,28.3
133,대전,2019-05-15,15.7,29
133,대전,2019-05-16,16.7,30.8
133,대전,2019-05-17,18.6,28.1
133,대전,2019-05-18,16,23.7
133,대전,2019-05-19,18.5,24.7
133,대전,2019-05-20,12.2,20.8
133,대전,2019-05-21,11.6,24.7
133,대전,2019-05-22,13.4,27.2
133,대전,2019-05-23,16,29.8
133,대전,2019-05-24,16,32.7
133,대전,2019-05-25,18.7,30.4
133,대전,2019-05-26,17.2,32.2
133,대전,2019-05-27,14.2,23.6
133,대전,2019-05-28,11.7,24
133,대전,2019-05-29,11.9,27.8
133,대전,2019-05-30,14.6,27.2
133,대전,2019-05-31,15.2,24.3
133,대전,2019-06-01,12.9,24.5
133,대전,2019-06-02,14.6,28.6
133,대전,2019-06-03,14.6,30.9
133,대전,2019-06-04,17.5,31.7
133,대전,2019-06-05,18.1,30.9
133,대전,2019-06-06,16.9,28.2
133,대전,2019-06-07,16.6,20.5
133,대전,2019-06-08,16.1,27.2
133,대전,2019-06-09,17.9,28.1
133,대전,2019-06-10,15.1,23.9
133,대전,2019-06-11,16.1,26.2
133,대전,2019-06-12,15.7,27.9
133,대전,2019-06-13,16.5,30.1
133,대전,2019-06-14,19.3,25.1
133,대전,2019-06-15,16.7,27.4
133,대전,2019-06-16,15.9,28.2
133,대전,2019-06-17,17.9,27.6
133,대전,2019-06-18,17.5,25.8
133,대전,2019-06-19,19.9,27
133,대전,2019-06-20,19.2,29.1
133,대전,2019-06-21,19.8,29
133,대전,2019-06-22,19.2,29.7
133,대전,2019-06-23,18.5,29.6
133,대전,2019-06-24,19.1,30.6
133,대전,2019-06-25,19,33.2
133,대전,2019-06-26,20.8,24.8
133,대전,2019-06-27,21.3,29.2
133,대전,2019-06-28,22.1,29.9
133,대전,2019-06-29,21.4,24
133,대전,2019-06-30,21.1,28.1
133,대전,2019-07-01,20.7,27.3
133,대전,2019-07-02,17.2,29.9
133,대전,2019-07-03,20.2,28.8
133,대전,2019-07-04,19.2,32
133,대전,2019-07-05,20,35.1
133,대전,2019-07-06,20.7,33.3
133,대전,2019-07-07,21.1,30.2
133,대전,2019-07-08,19.6,30.5
133,대전,2019-07-09,19.6,29.3
133,대전,2019-07-10,19.5,24
133,대전,2019-07-11,19.5,23.2
133,대전,2019-07-12,19.9,28.1
133,대전,2019-07-13,21.4,28.8
133,대전,2019-07-14,21.4,31
133,대전,2019-07-15,21.5,28.3
133,대전,2019-07-16,20.2,30.6
133,대전,2019-07-17,22.2,30
133,대전,2019-07-18,22.8,28.7
133,대전,2019-07-19,23.5,30
133,대전,2019-07-20,23.8,28.5
133,대전,2019-07-21,22.3,27.3
133,대전,2019-07-22,25.4,32
133,대전,2019-07-23,26.2,33.1
133,대전,2019-07-24,25.5,29.7
133,대전,2019-07-25,25.6,27.8
133,대전,2019-07-26,25.7,29.8
133,대전,2019-07-27,25.1,31.4
133,대전,2019-07-28,25.5,28.8
133,대전,2019-07-29,24.5,32.8
133,대전,2019-07-30,26.4,33.3
133,대전,2019-07-31,27.4,33
133,대전,2019-08-01,26.2,33.9
133,대전,2019-08-02,25.9,34.2
133,대전,2019-08-03,26,35.6
133,대전,2019-08-04,25.7,35.6
133,대전,2019-08-05,25.7,36
133,대전,2019-08-06,26.7,32.7
133,대전,2019-08-07,24.3,33.3
133,대전,2019-08-08,26,33.8
133,대전,2019-08-09,25.6,34
133,대전,2019-08-10,26.3,34.5
133,대전,2019-08-11,26.4,33.9
133,대전,2019-08-12,26.2,32.5
133,대전,2019-08-13,25.7,34.3
133,대전,2019-08-14,26.5,34
133,대전,2019-08-15,24.7,29.3
133,대전,2019-08-16,24.8,30.7
133,대전,2019-08-17,23.5,29.8
133,대전,2019-08-18,20.5,30.9
133,대전,2019-08-19,21,31.9
133,대전,2019-08-20,23.5,32.2
133,대전,2019-08-21,23.4,32
133,대전,2019-08-22,23.5,29.7
133,대전,2019-08-23,22.1,29.9
133,대전,2019-08-24,20.6,27.1
133,대전,2019-08-25,20.1,29.9
133,대전,2019-08-26,19.3,31.5
133,대전,2019-08-27,20.1,26.1
133,대전,2019-08-28,21.6,28.4
133,대전,2019-08-29,20.7,26.9
133,대전,2019-08-30,19.4,27.8
133,대전,2019-08-31,18.3,28.3
133,대전,2019-09-01,18.9,28.3
133,대전,2019-09-02,20.5,26.7
133,대전,2019-09-03,20.3,23.9
133,대전,2019-09-04,22.2,28.2
133,대전,2019-09-05,22.8,28.2
133,대전,2019-09-06,22.6,27.6
133,대전,2019-09-07,23.9,29.9
133,대전,2019-09-08,23.3,29.1
133,대전,2019-09-09,22.3,25.3
133,대전,2019-09-10,23.4,31.5
133,대전,2019-09-11,23.7,28.7
133,대전,2019-09-12,19.5,23.7
133,대전,2019-09-13,17.2,28.2
133,대전,2019-09-14,19.2,28.2
133,대전,2019-09-15,21.4,30.5
133,대전,2019-09-16,21,29.1
133,대전,2019-09-17,17.2,28.5
133,대전,2019-09-18,15.6,28.7
133,대전,2019-09-19,13.2,26.9
133,대전,2019-09-20,17.4,23
133,대전,2019-09-21,15.9,20.1
133,대전,2019-09-22,15.6,17.4
133,대전,2019-09-23,14.6,21.7
133,대전,2019-09-24,12.3,25.2
133,대전,2019-09-25,13,24
133,대전,2019-09-26,17.5,25.3
133,대전,2019-09-27,17.1,28.5
133,대전,2019-09-28,20.3,29.2
133,대전,2019-09-29,18.7,28.5
133,대전,2019-09-30,15.9,29.1
133,대전,2019-10-01,18.6,25.8
133,대전,2019-10-02,20.3,22.2
133,대전,2019-10-03,19.5,26.9
133,대전,2019-10-04,19.7,27.5
133,대전,2019-10-05,16.5,21.1
133,대전,2019-10-06,15.6,22.6
133,대전,2019-10-07,14.5,16.9
133,대전,2019-10-08,9.9,21.8
133,대전,2019-10-09,6.5,20.2
133,대전,2019-10-10,9.6,19.7
133,대전,2019-10-11,11.8,24.6
133,대전,2019-10-12,14,24.2
133,대전,2019-10-13,10.6,22.9
133,대전,2019-10-14,9.8,21.1
133,대전,2019-10-15,8.2,20.3
133,대전,2019-10-16,9,20.9
133,대전,2019-10-17,11.3,20.5
133,대전,2019-10-18,11,20.8
133,대전,2019-10-19,13,22.9
133,대전,2019-10-20,10.8,22.4
133,대전,2019-10-21,9.5,23.3
133,대전,2019-10-22,11,23.5
133,대전,2019-10-23,12.9,18.6
133,대전,2019-10-24,15.4,23.6
133,대전,2019-10-25,12,23
133,대전,2019-10-26,8.3,17.4
133,대전,2019-10-27,5.4,17.4
133,대전,2019-10-28,4.6,18.5
133,대전,2019-10-29,9.9,18.4
133,대전,2019-10-30,5.8,18.3
133,대전,2019-10-31,6,20.2
133,대전,2019-11-01,10.1,22
133,대전,2019-11-02,7.1,19.2
133,대전,2019-11-03,10.2,20.2
133,대전,2019-11-04,9.1,20.8
133,대전,2019-11-05,6.4,19.6
133,대전,2019-11-06,5.9,18.5
133,대전,2019-11-07,5.3,17.8
133,대전,2019-11-08,1.2,14.6
133,대전,2019-11-09,.6,17.2
133,대전,2019-11-10,3.3,16.6
133,대전,2019-11-11,8.8,16.3
133,대전,2019-11-12,5,16.1
133,대전,2019-11-13,4.4,13.2
133,대전,2019-11-14,-.2,7.7
133,대전,2019-11-15,-1.3,17.1
133,대전,2019-11-16,8.3,18.9
133,대전,2019-11-17,6.3,12.9
133,대전,2019-11-18,3.1,13.8
133,대전,2019-11-19,-.2,5.8
133,대전,2019-11-20,-2.4,8.4
133,대전,2019-11-21,-2.6,11
133,대전,2019-11-22,3,18.1
133,대전,2019-11-23,4.7,18.8
133,대전,2019-11-24,7.3,21.2
133,대전,2019-11-25,1.7,9.4
133,대전,2019-11-26,.3,15.8
133,대전,2019-11-27,1.6,8.8
133,대전,2019-11-28,-1,12.7
133,대전,2019-11-29,-1.6,9.7
133,대전,2019-11-30,-2.5,13
133,대전,2019-12-01,4.7,8.2
133,대전,2019-12-02,-1.4,7.1
133,대전,2019-12-03,-2.5,6.5
133,대전,2019-12-04,1.4,10.5
133,대전,2019-12-05,-5.5,4
133,대전,2019-12-06,-9.6,1.9
133,대전,2019-12-07,-7.2,6.6
133,대전,2019-12-08,-2.7,7.7
133,대전,2019-12-09,-3.8,11.2
133,대전,2019-12-10,3,13.9
133,대전,2019-12-11,2.5,12.6
133,대전,2019-12-12,-2.8,6.5
133,대전,2019-12-13,-4.8,7.4
133,대전,2019-12-14,1.5,8.9
133,대전,2019-12-15,-2.2,13.5
133,대전,2019-12-16,1.9,15.2
133,대전,2019-12-17,5.3,10.5
133,대전,2019-12-18,.1,6.3
133,대전,2019-12-19,-2.7,6.1
133,대전,2019-12-20,-2.3,5.5
133,대전,2019-12-21,-4.5,6.5
133,대전,2019-12-22,-1.1,10
133,대전,2019-12-23,0,8.7
133,대전,2019-12-24,-2.4,7.8
133,대전,2019-12-25,-3.6,8.9
133,대전,2019-12-26,.5,4
133,대전,2019-12-27,-3.1,5.2
133,대전,2019-12-28,-5,8.2
133,대전,2019-12-29,-2.3,6.3
133,대전,2019-12-30,-.4,9.4
133,대전,2019-12-31,-7.5,-.4
