년,월,일,설비용량(MW),공급능력(MW),최대전력(MW),공급예비력(MW),공급예비율(%),최대전력기준일시
2018,12,31,119092,101763,74652,27111,36.3,2018/12/31(10:00)
2018,12,30,119092,98344,67295,31049,46.1,2018/12/30(19:00)
2018,12,29,119092,99181,71171,28010,39.4,2018/12/29(01:00)
2018,12,28,119092,100841,86083,14758,17.1,2018/12/28(10:00)
2018,12,27,119092,101923,84377,17546,20.8,2018/12/27(17:00)
2018,12,26,119092,101432,79897,21535,27,2018/12/26(10:00)
2018,12,25,119092,99769,67836,31933,47.1,2018/12/25(19:00)
2018,12,24,119092,100733,77453,23280,30.1,2018/12/24(10:00)
2018,12,23,119092,98751,63817,34934,54.7,2018/12/23(24:00)
2018,12,22,119092,94130,65656,28474,43.4,2018/12/22(09:00)
2018,12,21,119092,96871,79490,17381,21.9,2018/12/21(10:00)
2018,12,20,119092,97431,81081,16350,20.2,2018/12/20(10:00)
2018,12,19,118266,97325,80550,16775,20.8,2018/12/19(10:00)
2018,12,18,118266,95992,81939,14053,17.2,2018/12/18(10:00)
2018,12,17,118266,96268,81991,14277,17.4,2018/12/17(10:00)
2018,12,16,118266,95867,65711,30156,45.9,2018/12/16(19:00)
2018,12,15,118266,97154,70400,26754,38,2018/12/15(01:00)
2018,12,14,118266,98032,83871,14161,16.9,2018/12/14(10:00)
2018,12,13,118266,97903,83702,14201,17,2018/12/13(10:00)
2018,12,12,118266,97110,83447,13663,16.4,2018/12/12(10:00)
2018,12,11,118266,98271,85463,12808,15,2018/12/11(11:00)
2018,12,10,118266,97775,83776,13999,16.7,2018/12/10(10:00)
2018,12,09,118266,95642,67263,28379,42.2,2018/12/09(19:00)
2018,12,08,118266,95541,69510,26031,37.4,2018/12/08(01:00)
2018,12,07,118266,96189,82072,14117,17.2,2018/12/07(17:00)
2018,12,06,118266,94062,78157,15905,20.4,2018/12/06(10:00)
2018,12,05,118266,95421,76287,19134,25.1,2018/12/05(10:00)
2018,12,04,118266,95299,73600,21699,29.5,2018/12/04(10:00)
2018,12,03,118266,93342,73728,19614,26.6,2018/12/03(10:00)
2018,12,02,118266,91105,60232,30873,51.3,2018/12/02(19:00)
2018,12,01,118266,93351,63484,29867,47,2018/12/01(01:00)
2018,11,30,118266,94970,74676,20294,27.2,2018/11/30(10:00)
2018,11,29,118266,93480,75914,17566,23.1,2018/11/29(10:00)
2018,11,28,118266,92262,74495,17767,23.8,2018/11/28(10:00)
2018,11,27,118266,91509,74408,17101,23,2018/11/27(10:00)
2018,11,26,118266,90334,74483,15851,21.3,2018/11/26(10:00)
2018,11,25,118266,88825,60418,28407,47,2018/11/25(19:00)
2018,11,24,118266,89340,66363,22977,34.6,2018/11/24(11:00)
2018,11,23,118266,89284,74515,14769,19.8,2018/11/23(10:00)
2018,11,22,118266,89678,73930,15748,21.3,2018/11/22(18:00)
2018,11,21,118266,88807,74205,14602,19.7,2018/11/21(17:00)
2018,11,20,118266,89359,72086,17273,24,2018/11/20(09:00)
2018,11,19,118266,89749,71325,18424,25.8,2018/11/19(18:00)
2018,11,18,118266,88836,59566,29270,49.1,2018/11/18(19:00)
2018,11,17,118266,89280,60668,28612,47.2,2018/11/17(01:00)
2018,11,16,117996,89388,71160,18228,25.6,2018/11/16(10:00)
2018,11,15,117996,88965,69041,19924,28.9,2018/11/15(18:00)
2018,11,14,117996,87850,69403,18447,26.6,2018/11/14(09:00)
2018,11,13,117996,88097,69176,18921,27.4,2018/11/13(01:00)
2018,11,12,117996,88116,67888,20228,29.8,2018/11/12(10:00)
2018,11,11,117996,85994,58243,27751,47.6,2018/11/11(19:00)
2018,11,10,117996,85852,59583,26269,44.1,2018/11/10(01:00)
2018,11,09,117996,88746,69575,19171,27.6,2018/11/09(10:00)
2018,11,08,117996,88392,71046,17346,24.4,2018/11/08(15:00)
2018,11,07,117996,86002,70063,15939,22.7,2018/11/07(10:00)
2018,11,06,117996,86299,68452,17847,26.1,2018/11/06(10:00)
2018,11,05,117996,85339,68082,17257,25.3,2018/11/05(19:00)
2018,11,04,117996,83304,58032,25272,43.5,2018/11/04(20:00)
2018,11,03,117996,84461,59940,24521,40.9,2018/11/03(01:00)
2018,11,02,117996,86318,68213,18105,26.5,2018/11/02(09:00)
2018,11,01,117996,85019,69302,15717,22.7,2018/11/01(19:00)
2018,10,31,117996,84708,69211,15497,22.4,2018/10/31(19:00)
2018,10,30,117996,84796,70329,14467,20.6,2018/10/30(19:00)
2018,10,29,117996,84867,69629,15238,21.9,2018/10/29(19:00)
2018,10,28,117996,80886,57363,23523,41,2018/10/28(20:00)
2018,10,27,117996,78853,59055,19798,33.5,2018/10/27(19:00)
2018,10,26,117996,78637,68352,10285,15,2018/10/26(10:00)
2018,10,25,117996,80187,68029,12158,17.9,2018/10/25(19:00)
2018,10,24,117996,80567,67241,13326,19.8,2018/10/24(19:00)
2018,10,23,117996,80016,68261,11755,17.2,2018/10/23(19:00)
2018,10,22,117996,80080,67942,12138,17.9,2018/10/22(19:00)
2018,10,21,117996,78562,57268,21294,37.2,2018/10/21(20:00)
2018,10,20,117996,77857,58460,19397,33.2,2018/10/20(19:00)
2018,10,19,117996,81181,66699,14482,21.7,2018/10/19(19:00)
2018,10,18,117996,81609,68273,13336,19.5,2018/10/18(19:00)
2018,10,17,117996,81346,67428,13918,20.4,2018/10/17(19:00)
2018,10,16,117996,80683,68140,12543,18.4,2018/10/16(19:00)
2018,10,15,117996,82338,67919,14419,21.2,2018/10/15(01:00)
2018,10,14,117996,80738,57197,23541,41.2,2018/10/14(20:00)
2018,10,13,117996,79514,58171,21343,36.7,2018/10/13(20:00)
2018,10,12,117996,83471,66908,16563,24.8,2018/10/12(19:00)
2018,10,11,117996,82365,67931,14434,21.2,2018/10/11(19:00)
2018,10,10,117996,80746,67212,13534,20.1,2018/10/10(19:00)
2018,10,09,117996,81359,63339,18020,28.5,2018/10/09(20:00)
2018,10,08,117996,82849,66445,16404,24.7,2018/10/08(19:00)
2018,10,07,117996,80216,56947,23269,40.9,2018/10/07(20:00)
2018,10,06,117996,80345,60380,19965,33.1,2018/10/06(11:00)
2018,10,05,117996,83732,68545,15187,22.2,2018/10/05(17:00)
2018,10,04,117996,83069,68210,14859,21.8,2018/10/04(19:00)
2018,10,03,117996,82997,63204,19793,31.3,2018/10/03(20:00)
2018,10,02,117996,83866,66291,17575,26.5,2018/10/02(19:00)
2018,10,01,117996,84255,66789,17466,26.2,2018/10/01(19:00)
2018,09,30,117996,85610,57311,28299,49.4,2018/09/30(20:00)
2018,09,29,117996,85117,59632,25485,42.7,2018/09/29(20:00)
2018,09,28,117996,87832,66524,21308,32,2018/09/28(17:00)
2018,09,27,117996,88882,65404,23478,35.9,2018/09/27(19:00)
2018,09,26,117996,87542,55992,31550,56.3,2018/09/26(20:00)
2018,09,25,117996,87802,51414,36388,70.8,2018/09/25(20:00)
2018,09,24,117996,87986,47981,40005,83.4,2018/09/24(20:00)
2018,09,23,117996,88136,51604,36532,70.8,2018/09/23(20:00)
2018,09,22,117996,89729,57029,32700,57.3,2018/09/22(20:00)
2018,09,21,117996,95074,69729,25345,36.3,2018/09/21(11:00)
2018,09,20,117996,93862,71784,22078,30.8,2018/09/20(15:00)
2018,09,19,117996,92949,72654,20295,27.9,2018/09/19(15:00)
2018,09,18,117996,92418,72897,19521,26.8,2018/09/18(17:00)
2018,09,17,117996,92041,73080,18961,25.9,2018/09/17(17:00)
2018,09,16,117996,84610,61788,22822,36.9,2018/09/16(20:00)
2018,09,15,117996,87380,64896,22484,34.6,2018/09/15(12:00)
2018,09,14,117996,92337,73530,18807,25.6,2018/09/14(15:00)
2018,09,13,117996,92278,73607,18671,25.4,2018/09/13(17:00)
2018,09,12,117996,92726,73004,19722,27,2018/09/12(17:00)
2018,09,11,117996,92845,71320,21525,30.2,2018/09/11(17:00)
2018,09,10,117996,91723,72230,19493,27,2018/09/10(17:00)
2018,09,09,117996,88849,59747,29102,48.7,2018/09/09(20:00)
2018,09,08,117996,86196,61542,24654,40.1,2018/09/08(20:00)
2018,09,07,117996,94835,73304,21531,29.4,2018/09/07(15:00)
2018,09,06,117996,94775,76604,18171,23.7,2018/09/06(15:00)
2018,09,05,117996,94830,75416,19414,25.7,2018/09/05(17:00)
2018,09,04,117996,94239,76268,17971,23.6,2018/09/04(17:00)
2018,09,03,117996,94223,78405,15818,20.2,2018/09/03(17:00)
2018,09,02,117996,91846,62574,29272,46.8,2018/09/02(20:00)
2018,09,01,117996,92587,65117,27470,42.2,2018/09/01(15:00)
2018,08,31,117996,97053,77420,19633,25.4,2018/08/31(11:00)
2018,08,30,117996,97129,81281,15848,19.5,2018/08/30(17:00)
2018,08,29,117840,97798,80284,16872,21,2018/08/29(17:00)
2018,08,28,117840,98287,79359,18928,23.9,2018/08/28(17:00)
2018,08,27,117840,98259,77224,21035,27.2,2018/08/27(17:00)
2018,08,26,117840,89602,61434,28168,45.9,2018/08/26(20:00)
2018,08,25,117840,91111,68483,22628,33,2018/08/25(14:00)
2018,08,24,117840,98764,79844,18920,23.7,2018/08/24(12:00)
2018,08,23,117840,98679,84786,13893,16.4,2018/08/23(15:00)
2018,08,22,117840,97791,87911,9880,11.2,2018/08/22(17:00)
2018,08,21,117840,98147,84025,14122,16.8,2018/08/21(17:00)
2018,08,20,117840,99274,83917,15357,18.3,2018/08/20(17:00)
2018,08,19,117840,93003,66730,26273,39.4,2018/08/19(20:00)
2018,08,18,117840,93030,67131,25899,38.6,2018/08/18(17:00)
2018,08,17,117840,99458,80289,19169,23.9,2018/08/17(17:00)
2018,08,16,117840,99943,88720,11223,12.6,2018/08/16(15:00)
2018,08,15,117840,98106,83275,14831,17.8,2018/08/15(15:00)
2018,08,14,117840,100250,91548,8702,9.5,2018/08/14(17:00)
2018,08,13,117840,100194,91405,8789,9.6,2018/08/13(17:00)
2018,08,12,117840,90835,73509,17326,23.6,2018/08/12(20:00)
2018,08,11,117840,90671,75167,15504,20.6,2018/08/11(15:00)
2018,08,10,117840,100189,87807,12382,14.1,2018/08/10(17:00)
2018,08,09,117840,99902,88582,11320,12.8,2018/08/09(17:00)
2018,08,08,117840,99829,88955,10874,12.2,2018/08/08(17:00)
2018,08,07,117840,99399,88893,10506,11.8,2018/08/07(17:00)
2018,08,06,117840,99237,88816,10421,11.7,2018/08/06(17:00)
2018,08,05,117840,95002,74791,20211,27,2018/08/05(21:00)
2018,08,04,117840,95423,74087,21336,28.8,2018/08/04(20:00)
2018,08,03,117840,99023,81589,17434,21.4,2018/08/03(17:00)
2018,08,02,117840,97975,82283,15692,19.1,2018/08/02(18:00)
2018,08,01,117840,96321,82486,13835,16.8,2018/08/01(18:00)
2018,07,31,117477,96087,83087,13000,15.6,2018/07/31(17:00)
2018,07,30,117477,96016,82882,13134,15.8,2018/07/30(17:00)
2018,07,29,117477,92104,72063,20041,27.8,2018/07/29(20:00)
2018,07,28,117477,92232,77487,14745,19,2018/07/28(12:00)
2018,07,27,117205,99117,90678,8439,9.3,2018/07/27(17:00)
2018,07,26,117205,99309,90682,8627,9.5,2018/07/26(17:00)
2018,07,25,117205,99296,90399,8897,9.8,2018/07/25(17:00)
2018,07,24,117205,99570,92478,7092,7.7,2018/07/24(17:00)
2018,07,23,117205,98296,90695,7601,8.4,2018/07/23(17:00)
2018,07,22,117205,97241,73794,23447,31.8,2018/07/22(21:00)
2018,07,21,117205,95628,76999,18629,24.2,2018/07/21(15:00)
2018,07,20,117205,97502,88080,9422,10.7,2018/07/20(17:00)
2018,07,19,117205,97937,87591,10346,11.8,2018/07/19(17:00)
2018,07,18,117205,97759,86710,11048,12.7,2018/07/18(17:00)
2018,07,17,117205,97113,86286,10827,12.5,2018/07/17(17:00)
2018,07,16,117205,95758,86306,9452,11,2018/07/16(17:00)
2018,07,15,117205,93127,69798,23329,33.4,2018/07/15(21:00)
2018,07,14,117205,92605,70700,21905,31,2018/07/14(15:00)
2018,07,13,117205,95558,82076,13482,16.4,2018/07/13(17:00)
2018,07,12,117205,96809,81393,15416,18.9,2018/07/12(17:00)
2018,07,11,117205,96148,79406,16742,21.1,2018/07/11(15:00)
2018,07,10,117205,95595,76258,19337,25.4,2018/07/10(17:00)
2018,07,09,117205,95045,70920,24125,34,2018/07/09(15:00)
2018,07,08,117205,90879,58944,31935,54.2,2018/07/08(21:00)
2018,07,07,117205,89827,60855,28972,47.6,2018/07/07(16:00)
2018,07,06,117205,91535,73639,17896,24.3,2018/07/06(15:00)
2018,07,05,117205,91119,77530,13589,17.5,2018/07/05(15:00)
2018,07,04,117205,89359,78919,10440,13.2,2018/07/04(17:00)
2018,07,03,117205,89020,77312,11708,15.1,2018/07/03(15:00)
2018,07,02,117205,89068,75611,11676,15.1,2018/07/02(15:00)
2018,07,01,117205,87679,60609,27070,44.7,2018/07/01(21:00)
2018,06,30,117205,88076,65571,22505,34.3,2018/06/30(14:00)
2018,06,29,117111,89332,75049,14283,19,2018/06/29(17:00)
2018,06,28,117111,88067,74820,13247,17.7,2018/06/28(15:00)
2018,06,27,117111,87793,74803,12990,17.4,2018/06/27(17:00)
2018,06,26,117111,89067,75237,13830,18.4,2018/06/26(17:00)
2018,06,25,117111,87256,76606,10650,13.9,2018/06/25(17:00)
2018,06,24,117111,84269,60899,23370,38.4,2018/06/24(21:00)
2018,06,23,117111,83862,61832,22030,35.6,2018/06/23(15:00)
2018,06,22,117111,86209,73832,12377,16.8,2018/06/22(17:00)
2018,06,21,117790,86791,72656,14135,19.5,2018/06/21(17:00)
2018,06,20,117790,85079,72551,12528,17.3,2018/06/20(17:00)
2018,06,19,117790,84861,72215,12646,17.5,2018/06/19(15:00)
2018,06,18,117790,84329,73210,11119,15.2,2018/06/18(17:00)
2018,06,17,117790,83729,58275,25454,43.7,2018/06/17(21:00)
2018,06,16,117790,83170,58833,24337,41.4,2018/06/16(21:00)
2018,06,15,117790,85115,68421,16694,24.4,2018/06/15(17:00)
2018,06,14,117790,85370,68133,17237,25.3,2018/06/14(17:00)
2018,06,13,117790,85139,65009,20130,31,2018/06/13(15:00)
2018,06,12,117790,84032,68930,15102,21.9,2018/06/12(17:00)
2018,06,11,117790,84435,68243,16192,23.7,2018/06/11(17:00)
2018,06,10,117790,83297,56753,26544,46.8,2018/06/10(21:00)
2018,06,09,117790,82730,61116,21614,35.4,2018/06/09(15:00)
2018,06,08,117790,83419,71187,12232,17.2,2018/06/08(17:00)
2018,06,07,117790,82558,73379,9179,12.5,2018/06/07(17:00)
2018,06,06,117790,82133,65117,17016,26.1,2018/06/06(17:00)
2018,06,05,117790,82500,71221,11279,15.8,2018/06/05(17:00)
2018,06,04,117790,81586,71429,10157,14.2,2018/06/04(17:00)
2018,06,03,117790,79806,58359,21447,36.8,2018/06/03(21:00)
2018,06,02,117790,80601,59990,20611,34.4,2018/06/02(15:00)
2018,06,01,117790,83704,70127,13577,19.4,2018/06/01(17:00)
2018,05,31,117790,84738,69024,15714,22.8,2018/05/31(17:00)
2018,05,30,117589,83449,70407,13042,18.5,2018/05/30(15:00)
2018,05,29,117589,81615,70664,10951,15.5,2018/05/29(17:00)
2018,05,28,117589,80264,70232,10032,14.3,2018/05/28(17:00)
2018,05,27,117589,78783,56576,22207,39.3,2018/05/27(21:00)
2018,05,26,117589,76661,58811,17850,30.4,2018/05/26(21:00)
2018,05,25,117589,80698,67071,13627,20.3,2018/05/25(15:00)
2018,05,24,117589,79966,66977,12989,19.4,2018/05/24(17:00)
2018,05,23,117589,80982,65409,15573,23.8,2018/05/23(17:00)
2018,05,22,117589,81093,60900,20193,33.2,2018/05/22(17:00)
2018,05,21,117589,80612,64307,16305,25.4,2018/05/21(17:00)
2018,05,20,117589,78999,55326,23673,42.8,2018/05/20(21:00)
2018,05,19,117589,79015,57867,21148,36.5,2018/05/19(11:00)
2018,05,18,117589,81942,70160,11782,16.8,2018/05/18(11:00)
2018,05,17,117589,82000,73173,8827,12.1,2018/05/17(15:00)
2018,05,16,117589,82967,72229,10738,14.9,2018/05/16(15:00)
2018,05,15,117589,80592,70067,10525,15,2018/05/15(17:00)
2018,05,14,117589,79618,66805,12813,19.2,2018/05/14(17:00)
2018,05,13,117589,76940,55959,20981,37.5,2018/05/13(21:00)
2018,05,12,117589,75171,60553,14618,24.1,2018/05/12(11:00)
2018,05,11,117589,79009,65425,13584,20.8,2018/05/11(17:00)
2018,05,10,117589,79074,65752,13322,20.3,2018/05/10(17:00)
2018,05,09,117589,79444,65350,14094,21.6,2018/05/09(17:00)
2018,05,08,117589,79415,65600,13815,21.1,2018/05/08(17:00)
2018,05,07,117589,80891,60354,20537,34,2018/05/07(21:00)
2018,05,06,117589,80610,55321,25289,45.7,2018/05/06(21:00)
2018,05,05,117589,79174,56278,22896,40.7,2018/05/05(01:00)
2018,05,04,117589,81094,63828,17266,27.1,2018/05/04(17:00)
2018,05,03,116747,80297,65747,14550,22.1,2018/05/03(20:00)
2018,05,02,116747,81261,67840,13421,19.8,2018/05/02(15:00)
2018,05,01,116747,81580,60435,21145,35,2018/05/01(20:00)
2018,04,30,116747,80785,64781,16004,24.7,2018/04/30(17:00)
2018,04,29,116747,77172,55893,21279,38.1,2018/04/29(21:00)
2018,04,28,116747,78144,56946,21198,37.2,2018/04/28(21:00)
2018,04,27,116747,79175,64547,14628,22.7,2018/04/27(17:00)
2018,04,26,116747,78154,65403,12751,19.5,2018/04/26(20:00)
2018,04,25,116747,76747,64939,11808,18.2,2018/04/25(20:00)
2018,04,24,116747,79133,68449,10684,15.6,2018/04/24(11:00)
2018,04,23,116747,79894,69692,10202,14.6,2018/04/23(11:00)
2018,04,22,116747,77731,56420,21311,37.8,2018/04/22(20:00)
2018,04,21,116747,78552,57277,21275,37.1,2018/04/21(20:00)
2018,04,20,116747,78947,65575,13372,20.4,2018/04/20(17:00)
2018,04,19,116747,78924,66264,12660,19.1,2018/04/19(20:00)
2018,04,18,116747,78400,65506,12894,19.7,2018/04/18(20:00)
2018,04,17,116747,77568,66456,11112,16.7,2018/04/17(20:00)
2018,04,16,116747,79121,65800,13321,20.2,2018/04/16(20:00)
2018,04,15,116747,80067,56623,23444,41.4,2018/04/15(21:00)
2018,04,14,116747,81200,62481,18719,30,2018/04/14(11:00)
2018,04,13,116747,81726,66251,15475,23.4,2018/04/13(10:00)
2018,04,12,116747,81768,66438,15330,23.1,2018/04/12(20:00)
2018,04,11,116747,81614,65533,16081,24.5,2018/04/11(20:00)
2018,04,10,116747,82433,66523,15910,23.9,2018/04/10(20:00)
2018,04,09,116747,83521,68149,15372,22.6,2018/04/09(10:00)
2018,04,08,116747,82219,58110,24109,41.5,2018/04/08(20:00)
2018,04,07,116747,81063,60912,20151,33.1,2018/04/07(11:00)
2018,04,06,116747,83403,69296,14107,20.4,2018/04/06(10:00)
2018,04,05,116747,84634,70520,14114,20,2018/04/05(11:00)
2018,04,04,116747,85253,68281,16972,24.9,2018/04/04(11:00)
2018,04,03,116747,84946,66335,18611,28.1,2018/04/03(20:00)
2018,04,02,116747,83579,65846,17733,26.9,2018/04/02(20:00)
2018,04,01,116747,84193,56397,27796,49.3,2018/04/01(20:00)
2018,03,31,116747,85067,57558,27509,47.8,2018/03/31(01:00)
2018,03,30,116747,89166,65637,23529,35.8,2018/03/30(10:00)
2018,03,29,116747,87826,67110,20716,30.9,2018/03/29(10:00)
2018,03,28,116747,87816,66068,21748,32.9,2018/03/28(10:00)
2018,03,27,116747,88147,67622,20525,30.4,2018/03/27(10:00)
2018,03,26,116747,89715,69467,20248,29.1,2018/03/26(10:00)
2018,03,25,116747,86394,57513,28881,50.2,2018/03/25(23:00)
2018,03,24,116747,87003,61698,25305,41,2018/03/24(01:00)
2018,03,23,116747,89581,72231,17350,24,2018/03/23(10:00)
2018,03,22,116747,90196,73423,16773,22.8,2018/03/22(10:00)
2018,03,21,116747,90501,78017,12484,16,2018/03/21(11:00)
2018,03,20,116747,90937,72583,18354,25.3,2018/03/20(11:00)
2018,03,19,116747,90418,72795,17623,24.2,2018/03/19(11:00)
2018,03,18,116747,88083,58324,29259,50.2,2018/03/18(23:00)
2018,03,17,116747,87175,61946,25229,40.7,2018/03/17(01:00)
2018,03,16,116747,91314,72510,18804,25.9,2018/03/16(10:00)
2018,03,15,116747,90695,71174,19521,27.4,2018/03/15(11:00)
2018,03,14,116747,90597,68060,22537,33.1,2018/03/14(09:00)
2018,03,13,116747,90231,71017,19214,27.1,2018/03/13(10:00)
2018,03,12,116747,88956,73285,15671,21.4,2018/03/12(10:00)
2018,03,11,116747,85495,59781,25714,43,2018/03/11(24:00)
2018,03,10,116747,86257,64427,21830,33.9,2018/03/10(01:00)
2018,03,09,116747,90418,75922,14496,19.1,2018/03/09(10:00)
2018,03,08,116747,90761,78855,11906,15.1,2018/03/08(11:00)
2018,03,07,116747,90131,75974,14157,18.6,2018/03/07(10:00)
2018,03,06,116747,91932,74384,17548,23.6,2018/03/06(10:00)
2018,03,05,116428,91613,77198,14415,18.7,2018/03/05(11:00)
2018,03,04,116428,88452,58887,29565,50.2,2018/03/04(20:00)
2018,03,03,116428,90231,64571,25660,39.7,2018/03/03(01:00)
2018,03,02,116428,93668,76433,17235,22.5,2018/03/02(10:00)
2018,03,01,116428,93988,68728,25260,36.8,2018/03/01(20:00)
2018,02,28,116428,96527,78122,18405,23.6,2018/02/28(15:00)
2018,02,27,116428,96476,77133,19343,25.1,2018/02/27(10:00)
2018,02,26,116428,96486,76656,19830,25.9,2018/02/26(10:00)
2018,02,25,116428,94215,63005,31210,49.5,2018/02/25(24:00)
2018,02,24,116428,91253,66278,24975,37.7,2018/02/24(11:00)
2018,02,23,116428,97115,79069,18046,22.8,2018/02/23(10:00)
2018,02,22,116428,97291,79662,17629,22.1,2018/02/22(10:00)
2018,02,21,116428,97072,80128,16944,21.1,2018/02/21(10:00)
2018,02,20,116428,96945,79383,17562,22.1,2018/02/20(10:00)
2018,02,19,116428,97460,76438,21022,27.5,2018/02/19(11:00)
2018,02,18,116428,92300,61172,31128,50.9,2018/02/18(24:00)
2018,02,17,116428,91080,59867,31213,52.1,2018/02/17(24:00)
2018,02,16,116428,91926,57733,34193,59.2,2018/02/16(24:00)
2018,02,15,116428,96010,63182,32828,52,2018/02/15(01:00)
2018,02,14,116428,98260,77843,20417,26.2,2018/02/14(10:00)
2018,02,13,116428,99516,83809,15707,18.7,2018/02/13(10:00)
2018,02,12,116428,99856,86637,13219,15.3,2018/02/12(11:00)
2018,02,11,116428,96307,68538,27769,40.5,2018/02/11(24:00)
2018,02,10,116428,95524,71240,24284,34.1,2018/02/10(11:00)
2018,02,09,116428,100220,84660,15560,18.4,2018/02/09(10:00)
2018,02,08,116428,99882,87277,12605,14.4,2018/02/08(10:00)
2018,02,07,116428,101050,87513,13537,15.5,2018/02/07(11:00)
2018,02,06,116428,101148,88238,12910,14.6,2018/02/06(10:00)
2018,02,05,116428,100724,87623,13101,15,2018/02/05(11:00)
2018,02,04,116428,95710,69711,25999,37.3,2018/02/04(24:00)
2018,02,03,116428,96130,72685,23445,32.3,2018/02/03(11:00)
2018,02,02,116428,100029,84653,15376,18.2,2018/02/02(10:00)
2018,02,01,116428,100239,83904,16335,19.5,2018/02/01(10:00)
2018,01,31,116428,99706,85260,14446,16.9,2018/01/31(10:00)
2018,01,30,116428,99203,86754,12449,14.3,2018/01/30(10:00)
2018,01,29,116428,99605,86561,13044,15.1,2018/01/29(11:00)
2018,01,28,116428,95051,68496,26555,38.8,2018/01/28(01:00)
2018,01,27,116428,97365,74418,22947,30.8,2018/01/27(01:00)
2018,01,26,116428,99232,87063,12169,14,2018/01/26(11:00)
2018,01,25,116428,99147,87247,11900,13.6,2018/01/25(17:00)
2018,01,24,116428,98511,86277,12234,14.2,2018/01/24(17:00)
2018,01,23,116428,98318,85442,12876,15.1,2018/01/23(11:00)
2018,01,22,116428,97485,80609,16876,20.9,2018/01/22(11:00)
2018,01,21,116428,94866,63917,30949,48.4,2018/01/21(24:00)
2018,01,20,116428,92979,67813,25166,37.1,2018/01/20(11:00)
2018,01,19,116428,96839,79633,17206,21.6,2018/01/19(10:00)
2018,01,18,116428,96327,79748,16579,20.8,2018/01/18(10:00)
2018,01,17,116428,95696,80766,14930,18.5,2018/01/17(11:00)
2018,01,16,116428,96018,82564,13454,16.3,2018/01/16(11:00)
2018,01,15,116428,95204,80495,14709,18.3,2018/01/15(10:00)
2018,01,14,116428,94636,66286,28350,42.8,2018/01/14(01:00)
2018,01,13,116428,93735,72843,20892,28.7,2018/01/13(11:00)
2018,01,12,116428,98988,85497,13491,15.8,2018/01/12(11:00)
2018,01,11,116428,98986,85612,13374,15.6,2018/01/11(11:00)
2018,01,10,116428,99146,84978,14168,16.7,2018/01/10(11:00)
2018,01,09,116428,98786,84021,14765,17.6,2018/01/09(11:00)
2018,01,08,116428,98246,83012,15234,18.4,2018/01/08(11:00)
2018,01,07,116428,94608,64428,30180,46.8,2018/01/07(01:00)
2018,01,06,116428,94963,68502,26461,38.6,2018/01/06(11:00)
2018,01,05,116428,98798,82551,16247,19.7,2018/01/05(10:00)
2018,01,04,116428,98111,84027,14084,16.8,2018/01/04(11:00)
2018,01,03,116428,98830,81596,17234,21.1,2018/01/03(10:00)
2018,01,02,116428,98255,79331,18924,23.9,2018/01/02(11:00)
2018,01,01,116428,97398,62145,35253,56.7,2018/01/01(24:00)
2017,12,31,116908,96958,62446,34512,55.3,2017/12/31(24:00)
2017,12,30,116908,95536,64779,30757,47.5,2017/12/30(11:00)
2017,12,29,116908,97981,78857,19124,24.3,2017/12/29(10:00)
2017,12,28,116908,97955,83478,14477,17.3,2017/12/28(10:00)
2017,12,27,116657,98281,83589,14692,17.6,2017/12/27(10:00)
2017,12,26,116657,97780,81374,16406,20.2,2017/12/26(10:00)
2017,12,25,116657,96082,66498,29584,44.5,2017/12/25(19:00)
2017,12,24,116657,94461,63302,31159,49.2,2017/12/24(24:00)
2017,12,23,116657,93545,67211,26334,39.2,2017/12/23(11:00)
2017,12,22,116657,93545,81852,13992,17.1,2017/12/22(10:00)
2017,12,21,116657,94978,83450,11528,13.8,2017/12/21(10:00)
2017,12,20,116657,97205,83664,13541,16.2,2017/12/20(10:00)
2017,12,19,116657,97171,83873,13298,15.9,2017/12/19(10:00)
2017,12,18,116657,96581,84640,11941,14.1,2017/12/18(11:00)
2017,12,17,116657,95078,66825,28253,42.3,2017/12/17(19:00)
2017,12,16,116657,92603,70890,21713,30.6,2017/12/16(11:00)
2017,12,15,116657,96407,84115,12292,14.6,2017/12/15(10:00)
2017,12,14,116657,97828,84968,12860,15.1,2017/12/14(10:00)
2017,12,13,116657,97418,84012,13406,16,2017/12/13(10:00)
2017,12,12,116657,96095,85133,10962,12.9,2017/12/12(10:00)
2017,12,11,116657,95498,83927,11571,13.8,2017/12/11(18:00)
2017,12,10,116657,90784,64000,26784,41.9,2017/12/10(24:00)
2017,12,09,116657,88449,68767,19682,28.6,2017/12/09(11:00)
2017,12,08,116657,92551,81361,11190,13.8,2017/12/08(10:00)
2017,12,07,116657,91572,80127,11445,14.3,2017/12/07(11:00)
2017,12,06,116657,91812,80911,12776,16.1,2017/12/06(10:00)
2017,12,05,116657,91914,80788,11126,13.8,2017/12/05(10:00)
2017,12,04,116657,92469,79221,13248,16.7,2017/12/04(18:00)
2017,12,03,116278,91700,61218,30482,49.8,2017/12/03(19:00)
2017,12,02,116278,92906,66179,26727,40.4,2017/12/02(11:00)
2017,12,01,116278,92783,77668,15115,19.5,2017/12/01(10:00)
2017,11,30,116278,92483,77048,15435,20,2017/11/30(10:00)
2017,11,29,116278,93866,74378,19488,26.2,2017/11/29(10:00)
2017,11,28,116278,93583,76519,17064,22.3,2017/11/28(10:00)
2017,11,27,116278,92971,76318,16653,21.8,2017/11/27(10:00)
2017,11,26,116278,88497,61257,27240,44.5,2017/11/26(24:00)
2017,11,25,116278,86553,65980,20573,31.2,2017/11/25(11:00)
2017,11,24,116278,92807,77605,15202,19.6,2017/11/24(10:00)
2017,11,23,116278,92783,77003,15780,20.5,2017/11/23(11:00)
2017,11,22,115900,91187,77349,13838,17.9,2017/11/22(11:00)
2017,11,21,115900,90278,77327,12951,16.7,2017/11/21(10:00)
2017,11,20,115900,91442,76794,14648,19.1,2017/11/20(18:00)
2017,11,19,115900,90095,61715,28380,46,2017/11/19(19:00)
2017,11,18,115900,89274,64400,24874,38.6,2017/11/18(19:00)
2017,11,17,115900,92398,74345,18053,24.3,2017/11/17(11:00)
2017,11,16,115900,91217,72971,18246,25,2017/11/16(18:00)
2017,11,15,115900,89682,72590,17704,24.6,2017/11/15(18:00)
2017,11,14,115900,87731,70501,17171,24.4,2017/11/14(18:00)
2017,11,13,115900,87918,70689,17229,24.4,2017/11/13(11:00)
2017,11,12,115900,87050,57618,29432,51.1,2017/11/12(19:00)
2017,11,11,115900,85993,59621,26372,44.2,2017/11/11(19:00)
2017,11,10,115900,85972,68299,17673,25.9,2017/11/10(17:00)
2017,11,09,115900,88234,67500,20734,30.7,2017/11/09(19:00)
2017,11,08,115900,88117,66862,21255,31.8,2017/11/08(18:00)
2017,11,07,115900,87229,67851,19378,28.6,2017/11/07(19:00)
2017,11,06,115900,88088,68148,19940,29.3,2017/11/06(19:00)
2017,11,05,115900,85517,56809,28708,50.5,2017/11/05(19:00)
2017,11,04,115900,83556,58933,24623,41.8,2017/11/04(19:00)
2017,11,03,115900,85673,66731,18942,28.4,2017/11/03(17:00)
2017,11,02,115900,86093,67063,19030,28.4,2017/11/02(19:00)
2017,11,01,115900,85425,66262,19163,28.9,2017/11/01(17:00)
2017,10,31,115900,87081,67675,19406,28.7,2017/10/31(19:00)
2017,10,30,115900,87521,68265,19256,28.2,2017/10/30(19:00)
2017,10,29,115900,84929,56295,28634,50.9,2017/10/29(20:00)
2017,10,28,115900,83421,58510,24911,42.6,2017/10/28(19:00)
2017,10,27,115900,86125,66589,19536,29.3,2017/10/27(19:00)
2017,10,26,115900,85521,67751,17770,26.2,2017/10/26(19:00)
2017,10,25,115900,87495,67111,20384,30.4,2017/10/25(19:00)
2017,10,24,115900,86397,67971,18426,27.1,2017/10/24(19:00)
2017,10,23,115900,87936,67501,20435,30.3,2017/10/23(19:00)
2017,10,22,115900,88162,56047,32115,57.3,2017/10/22(20:00)
2017,10,21,115900,86319,58896,27423,46.6,2017/10/21(19:00)
2017,10,20,115900,87499,66981,205180,30.6,2017/10/20(19:00)
2017,10,19,115900,86417,68224,19840,29.3,2017/10/19(19:00)
2017,10,18,115900,86343,67701,18642,27.5,2017/10/18(17:00)
2017,10,17,115900,85546,68021,17525,25.8,2017/10/17(19:00)
2017,10,16,115900,84250,67783,16467,24.3,2017/10/16(19:00)
2017,10,15,115249,83035,56499,26536,47,2017/10/15(20:00)
2017,10,14,115249,85314,58848,26466,45,2017/10/14(19:00)
2017,10,13,115249,87471,66400,21071,31.7,2017/10/13(19:00)
2017,10,12,115249,89422,67158,22264,33.2,2017/10/12(19:00)
2017,10,11,115249,89078,68423,20655,30.2,2017/10/11(11:00)
2017,10,10,115249,88736,70113,18623,26.6,2017/10/10(17:00)
2017,10,09,115249,88352,62781,25571,40.7,2017/10/09(19:00)
2017,10,08,115249,84897,56165,28732,51.2,2017/10/08(20:00)
2017,10,07,115249,84897,54716,30181,55.2,2017/10/07(20:00)
2017,10,06,115249,85300,52312,32988,63.1,2017/10/06(20:00)
2017,10,05,115249,86206,48919,37287,76.2,2017/10/05(20:00)
2017,10,04,115249,90044,46004,44040,95.7,2017/10/04(20:00)
2017,10,03,115249,89682,48934,40748,83.3,2017/10/03(20:00)
2017,10,02,115249,90276,55447,34829,62.8,2017/10/02(20:00)
2017,10,01,115249,89766,56530,33236,58.8,2017/10/01(20:00)
2017,09,30,115249,90193,58351,31842,54.6,2017/09/30(19:00)
2017,09,29,115249,93193,64707,28486,44,2017/09/29(18:00)
2017,09,28,114206,91397,68330,23067,33.8,2017/09/28(17:00)
2017,09,27,114206,90947,70978,19969,28.1,2017/09/27(15:00)
2017,09,26,114206,92144,72947,19197,26.3,2017/09/26(17:00)
2017,09,25,114206,91820,72798,19022,26.1,2017/09/25(17:00)
2017,09,24,114206,89652,59195,30457,51.5,2017/09/24(20:00)
2017,09,23,114206,89309,61791,27518,44.5,2017/09/23(15:00)
2017,09,22,114206,91816,69987,21829,31.2,2017/09/22(17:00)
2017,09,21,114206,91777,69362,22415,32.3,2017/09/21(17:00)
2017,09,20,114206,92456,68979,23477,34,2017/09/20(17:00)
2017,09,19,114206,92665,73115,19550,26.7,2017/09/19(16:00)
2017,09,18,114206,92551,71299,21252,29.8,2017/09/18(17:00)
2017,09,17,114206,87659,58088,29571,50.9,2017/09/17(20:00)
2017,09,16,114206,88214,60602,27612,45.6,2017/09/16(15:00)
2017,09,15,114206,92279,69521,22758,32.7,2017/09/15(17:00)
2017,09,14,114206,94191,71099,23092,32.5,2017/09/14(17:00)
2017,09,13,114206,93014,70373,22641,32.2,2017/09/13(17:00)
2017,09,12,114206,92313,72229,20084,27.8,2017/09/12(17:00)
2017,09,11,114206,92651,70946,21705,30.6,2017/09/11(15:00)
2017,09,10,114206,88745,59509,29236,49.1,2017/09/10(20:00)
2017,09,09,114206,89779,64087,25692,40.1,2017/09/09(15:00)
2017,09,08,114206,93909,73038,20871,28.6,2017/09/08(17:00)
2017,09,07,114206,94511,71699,22812,31.8,2017/09/07(17:00)
2017,09,06,114206,95006,71880,23126,32.2,2017/09/06(15:00)
2017,09,05,114206,94499,71944,22555,31.4,2017/09/05(15:00)
2017,09,04,114206,92846,72688,20158,27.7,2017/09/04(15:00)
2017,09,03,114206,91678,58814,32864,55.9,2017/09/03(20:00)
2017,09,02,114206,91533,61591,29942,48.6,2017/09/02(15:00)
2017,09,01,114206,94100,70931,23169,32.7,2017/09/01(17:00)
2017,08,31,114206,95847,70229,25618,36.5,2017/08/31(17:00)
2017,08,30,114206,96569,68797,27772,40.4,2017/08/30(16:00)
2017,08,29,114206,96582,71234,25348,35.6,2017/08/29(17:00)
2017,08,28,114206,95752,75454,20298,26.9,2017/08/28(15:00)
2017,08,27,114206,91074,59950,31124,51.9,2017/08/27(20:00)
2017,08,26,114206,91577,63547,28030,44.1,2017/08/26(15:00)
2017,08,25,114206,94808,79071,15737,19.9,2017/08/25(15:00)
2017,08,24,114206,95345,83432,11913,14.3,2017/08/24(15:00)
2017,08,23,114206,94851,83840,11011,13.1,2017/08/23(15:00)
2017,08,22,114206,94813,80879,13934,17.2,2017/08/22(17:00)
2017,08,21,114206,94942,79104,15838,20,2017/08/21(15:00)
2017,08,20,114206,91390,62497,28893,46.2,2017/08/20(20:00)
2017,08,19,114206,93359,67973,25386,37.3,2017/08/19(15:00)
2017,08,18,114206,95321,77648,17673,22.8,2017/08/18(17:00)
2017,08,17,114206,95799,77288,18511,24,2017/08/17(17:00)
2017,08,16,114206,95468,75902,19566,25.8,2017/08/16(15:00)
2017,08,15,114206,93361,67072,26289,39.2,2017/08/15(15:00)
2017,08,14,114206,94832,72855,21977,30.2,2017/08/14(15:00)
2017,08,13,114206,90404,61500,28904,47,2017/08/13(20:00)
2017,08,12,114206,91506,69570,21936,31.5,2017/08/12(15:00)
2017,08,11,113351,95564,80629,14935,18.5,2017/08/11(15:00)
2017,08,10,113351,94592,79807,14785,18.5,2017/08/10(17:00)
2017,08,09,113351,93714,80418,13296,16.5,2017/08/09(15:00)
2017,08,08,113351,94804,83775,11029,13.2,2017/08/08(15:00)
2017,08,07,113351,95125,84489,10636,12.6,2017/08/07(15:00)
2017,08,06,113351,88398,70906,17492,24.7,2017/08/06(21:00)
2017,08,05,113351,88265,72300,15965,22.1,2017/08/05(15:00)
2017,08,04,113351,91769,76990,14779,19.2,2017/08/04(17:00)
2017,08,03,113351,93031,74343,18688,25.1,2017/08/03(17:00)
2017,08,02,113351,93550,73103,20447,28,2017/08/02(17:00)
2017,08,01,113351,93092,71974,21118,29.3,2017/08/01(17:00)
2017,07,31,113351,93121,69467,23654,34.1,2017/07/31(15:00)
2017,07,30,113351,91077,63971,27106,42.4,2017/07/30(21:00)
2017,07,29,113351,90645,66214,24431,36.9,2017/07/29(12:00)
2017,07,28,113351,95482,78700,16782,21.3,2017/07/28(15:00)
2017,07,27,113351,95140,79180,15960,20.2,2017/07/27(17:00)
2017,07,26,113351,95163,80610,14553,18.1,2017/07/26(17:00)
2017,07,25,113351,94780,83321,11459,13.8,2017/07/25(15:00)
2017,07,24,113351,94461,82052,12409,15.1,2017/07/24(12:00)
2017,07,23,113351,89993,68319,21674,31.7,2017/07/23(21:00)
2017,07,22,113351,90733,75408,15325,20.3,2017/07/22(15:00)
2017,07,21,113351,94987,84586,10401,12.3,2017/07/21(17:00)
2017,07,20,113351,94712,84558,10154,12,2017/07/20(15:00)
2017,07,19,113351,94157,82682,11475,13.9,2017/07/19(17:00)
2017,07,18,113305,94706,80430,14276,17.7,2017/07/18(17:00)
2017,07,17,113305,93900,81042,12858,15.9,2017/07/17(15:00)
2017,07,16,113305,89317,65320,23997,36.7,2017/07/16(21:00)
2017,07,15,113305,89847,69532,20315,29.2,2017/07/15(12:00)
2017,07,14,113305,93437,83214,10223,12.3,2017/07/14(15:00)
2017,07,13,113305,92621,81830,10791,13.2,2017/07/13(17:00)
2017,07,12,113305,91477,80087,11390,14.2,2017/07/12(15:00)
2017,07,11,113305,92247,79685,12562,15.8,2017/07/11(15:00)
2017,07,10,113305,92732,78441,14291,18.2,2017/07/10(15:00)
2017,07,09,113305,88021,64400,23621,36.7,2017/07/09(21:00)
2017,07,08,113305,89545,68187,21358,31.3,2017/07/08(12:00)
2017,07,07,113305,93549,78640,14909,19,2017/07/07(15:00)
2017,07,06,113305,91939,80673,11266,14,2017/07/06(15:00)
2017,07,05,113305,89667,78494,11173,14.2,2017/07/05(15:00)
2017,07,04,113305,91290,78325,12965,16.6,2017/07/04(15:00)
2017,07,03,113305,92113,77051,15062,19.5,2017/07/03(15:00)
2017,07,02,113305,87819,61902,25917,41.9,2017/07/02(21:00)
2017,07,01,113305,86424,64637,21787,33.7,2017/07/01(15:00)
2017,06,30,113705,87888,75413,12475,16.5,2017/06/30(15:00)
2017,06,29,113705,87585,74958,12627,16.8,2017/06/29(15:00)
2017,06,28,113705,87698,74442,13256,17.8,2017/06/28(15:00)
2017,06,27,113705,87531,73199,14322,19.6,2017/06/27(15:00)
2017,06,26,113705,87820,73186,14634,20,2017/06/26(15:00)
2017,06,25,113705,85323,58182,27141,46.6,2017/06/25(21:00)
2017,06,24,113705,83428,63296,20132,31.8,2017/06/24(15:00)
2017,06,23,112779,86724,75077,11647,15.5,2017/06/23(15:00)
2017,06,22,112779,86466,73196,13270,18.1,2017/06/22(17:00)
2017,06,21,112779,86441,73408,13033,17.8,2017/06/21(15:00)
2017,06,20,111729,85132,73961,11171,15.1,2017/06/20(15:00)
2017,06,19,111729,85006,72473,12533,17.3,2017/06/19(17:00)
2017,06,18,112316,81885,57785,24100,41.7,2017/06/18(21:00)
2017,06,17,112316,83591,61261,22330,36.5,2017/06/17(15:00)
2017,06,16,112316,86941,71332,15609,21.9,2017/06/16(17:00)
2017,06,15,112316,84747,70246,14501,20.6,2017/06/15(17:00)
2017,06,14,112316,85205,68179,17026,25,2017/06/14(17:00)
2017,06,13,112316,84907,68006,16901,24.9,2017/06/13(15:00)
2017,06,12,111292,83421,66895,16526,24.7,2017/06/12(15:00)
2017,06,11,111292,83161,55233,27928,50.6,2017/06/11(21:00)
2017,06,10,111292,82165,58759,23406,39.8,2017/06/10(15:00)
2017,06,09,111292,83707,67241,16466,24.5,2017/06/09(16:00)
2017,06,08,111292,81647,66753,14894,22.3,2017/06/08(17:00)
2017,06,07,111292,82683,67008,15675,23.4,2017/06/07(15:00)
2017,06,06,111292,81083,61087,19996,32.7,2017/06/06(15:00)
2017,06,05,111292,81483,65530,15953,24.3,2017/06/05(17:00)
2017,06,04,111292,77623,54654,22969,42,2017/06/04(21:00)
2017,06,03,111292,76968,56898,20070,35.3,2017/06/03(15:00)
2017,06,02,111292,82221,65633,16588,25.3,2017/06/02(17:00)
2017,06,01,111292,81837,68853,12984,18.9,2017/06/01(15:00)
2017,05,31,111292,81665,69234,12431,18,2017/05/31(15:00)
2017,05,30,111292,82497,69887,12610,18,2017/05/30(15:00)
2017,05,29,111292,83014,69854,13160,18.8,2017/05/29(17:00)
2017,05,28,111292,82527,55277,27250,49.3,2017/05/28(21:00)
2017,05,27,111292,81212,56633,24579,43.4,2017/05/27(11:00)
2017,05,26,111292,83009,64402,18607,28.9,2017/05/26(17:00)
2017,05,25,111292,81835,67007,14828,22.1,2017/05/25(17:00)
2017,05,24,111292,83178,67810,15368,22.7,2017/05/24(15:00)
2017,05,23,111292,82751,67772,14979,22.1,2017/05/23(17:00)
2017,05,22,111292,81274,67482,13792,20.4,2017/05/22(17:00)
2017,05,21,111292,81065,55580,25485,45.9,2017/05/21(21:00)
2017,05,20,111292,80072,58028,22044,38,2017/05/20(15:00)
2017,05,19,111168,80693,66619,14074,21.1,2017/05/19(17:00)
2017,05,18,111168,80633,66176,14457,21.8,2017/05/18(17:00)
2017,05,17,111168,79301,65506,13795,21.1,2017/05/17(17:00)
2017,05,16,111168,80844,64434,16410,25.5,2017/05/16(17:00)
2017,05,15,111168,81620,64452,17168,26.6,2017/05/15(17:00)
2017,05,14,111168,77523,54246,23277,42.9,2017/05/14(21:00)
2017,05,13,111168,78407,57892,20515,35.4,2017/05/13(01:00)
2017,05,12,111168,80398,66500,13898,20.9,2017/05/12(11:00)
2017,05,11,111168,80138,65315,14823,22.7,2017/05/11(17:00)
2017,05,10,111168,80821,65137,15684,24.1,2017/05/10(11:00)
2017,05,09,111168,79013,61163,17850,29.2,2017/05/09(15:00)
2017,05,08,111168,77697,63803,13894,21.8,2017/05/08(17:00)
2017,05,07,111168,80272,53449,26823,50.2,2017/05/07(21:00)
2017,05,06,110671,79430,53271,26159,49.1,2017/05/06(21:00)
2017,05,05,110671,83028,56195,26833,47.7,2017/05/05(20:00)
2017,05,04,110671,83056,60366,22690,37.6,2017/05/04(17:00)
2017,05,03,110671,82942,58991,23951,40.6,2017/05/03(21:00)
2017,05,02,110671,82331,62100,20231,32.6,2017/05/02(17:00)
2017,05,01,110671,82501,56790,25711,45.3,2017/05/01(20:00)
2017,04,30,110671,80635,54163,26472,48.9,2017/04/30(21:00)
2017,04,29,110671,81130,55507,25623,46.2,2017/04/29(21:00)
2017,04,28,110671,80659,62861,17798,28.3,2017/04/28(17:00)
2017,04,27,110671,79714,63751,15963,25,2017/04/27(20:00)
2017,04,26,110671,80871,63329,17542,27.7,2017/04/26(11:00)
2017,04,25,110671,81209,64533,16676,25.8,2017/04/25(17:00)
2017,04,24,110671,82873,63820,19053,29.9,2017/04/24(20:00)
2017,04,23,110671,81850,54420,27430,50.4,2017/04/23(21:00)
2017,04,22,110671,83523,56424,27099,48,2017/04/22(21:00)
2017,04,21,110671,84048,63284,20764,32.8,2017/04/21(10:00)
2017,04,20,110671,83682,65335,18347,28.1,2017/04/20(15:00)
2017,04,19,110671,83051,62985,20066,31.9,2017/04/19(10:00)
2017,04,18,110671,83724,65101,18623,28.6,2017/04/18(17:00)
2017,04,17,110671,82855,66355,16500,24.9,2017/04/17(15:00)
2017,04,16,110671,82735,54282,28453,52.4,2017/04/16(21:00)
2017,04,15,110671,83099,55961,27138,48.5,2017/04/15(01:00)
2017,04,14,110502,85529,64493,21036,32.6,2017/04/14(17:00)
2017,04,13,110502,84544,64430,20114,31.2,2017/04/13(20:00)
2017,04,12,110502,85970,64262,21708,33.8,2017/04/12(20:00)
2017,04,11,110502,87343,65921,21422,32.5,2017/04/11(10:00)
2017,04,10,110502,87013,63993,23020,36,2017/04/10(20:00)
2017,04,09,110502,84126,54617,29509,54,2017/04/09(21:00)
2017,04,08,110502,86383,56759,29624,52.2,2017/04/08(10:00)
2017,04,07,110502,87253,65396,21857,33.4,2017/04/07(10:00)
2017,04,06,110502,87916,69129,18787,27.2,2017/04/06(11:00)
2017,04,05,110502,86046,68200,17846,26.2,2017/04/05(17:00)
2017,04,04,110502,86064,65973,20091,30.5,2017/04/04(10:00)
2017,04,03,110502,84021,65686,18335,27.9,2017/04/03(10:00)
2017,04,02,110502,85311,56420,28891,51.2,2017/04/02(23:00)
2017,04,01,110502,84158,59219,24939,42.1,2017/04/01(24:00)
2017,03,31,109493,88725,68976,19749,28.6,2017/03/31(10:00)
2017,03,30,109493,87994,67807,20187,29.8,2017/03/30(10:00)
2017,03,29,109493,87117,69891,17226,24.6,2017/03/29(10:00)
2017,03,28,109493,86241,70060,16181,23.1,2017/03/28(10:00)
2017,03,27,108601,88323,70135,18188,25.9,2017/03/27(10:00)
2017,03,26,108601,87877,57467,30410,52.9,2017/03/26(23:00)
2017,03,25,108601,86606,61395,25211,41.1,2017/03/25(11:00)
2017,03,24,108601,88072,69257,18815,27.2,2017/03/24(10:00)
2017,03,23,108601,87672,69549,18123,26.1,2017/03/23(10:00)
2017,03,22,108601,87657,70170,17487,24.9,2017/03/22(10:00)
2017,03,21,108601,87503,68210,19293,28.3,2017/03/21(20:00)
2017,03,20,108601,87922,69809,18113,25.9,2017/03/20(11:00)
2017,03,19,108601,87910,56890,31020,54.5,2017/03/19(23:00)
2017,03,18,108601,90013,61921,28092,45.4,2017/03/18(10:00)
2017,03,17,108601,91839,70322,21517,30.6,2017/03/17(10:00)
2017,03,16,107703,91482,70775,20707,29.3,2017/03/16(10:00)
2017,03,15,107703,90591,71134,19457,27.4,2017/03/15(10:00)
2017,03,14,107703,91119,70674,20445,28.9,2017/03/14(10:00)
2017,03,13,107703,93327,70385,22942,32.6,2017/03/13(10:00)
2017,03,12,107703,91063,57589,33474,58.1,2017/03/12(01:00)
2017,03,11,107703,90228,62468,27760,44.4,2017/03/11(01:00)
2017,03,10,107703,92047,73349,18698,25.5,2017/03/10(10:00)
2017,03,09,107703,92807,74556,18251,24.5,2017/03/09(10:00)
2017,03,08,107703,92902,76634,16268,21.2,2017/03/08(10:00)
2017,03,07,107098,93840,76756,17084,22.3,2017/03/07(10:00)
2017,03,06,107098,94148,73396,20752,28.3,2017/03/06(10:00)
2017,03,05,107098,91770,58780,32990,56.1,2017/03/05(24:00)
2017,03,04,107098,91420,62651,28769,45.9,2017/03/04(01:00)
2017,03,03,107098,93479,74262,19487,26.2,2017/03/03(10:00)
2017,03,02,107098,92979,75921,17058,22.5,2017/03/02(10:00)
2017,03,01,107098,92104,64523,27581,42.7,2017/03/01(20:00)
2017,02,28,107098,92437,73617,18820,25.6,2017/02/28(10:00)
2017,02,27,107098,93171,73564,19607,26.7,2017/02/27(10:00)
2017,02,26,107098,91375,60444,30931,51.2,2017/02/26(24:00)
2017,02,25,107098,91811,64596,27215,42.1,2017/02/25(01:00)
2017,02,24,107098,92732,75970,16762,22.1,2017/02/24(10:00)
2017,02,23,107098,93526,75909,17617,23.2,2017/02/23(10:00)
2017,02,22,107098,93689,78523,15166,19.3,2017/02/22(11:00)
2017,02,21,107098,93347,77149,16198,21,2017/02/21(10:00)
2017,02,20,107098,93928,76063,17865,23.5,2017/02/20(11:00)
2017,02,19,107098,89643,61553,28090,45.6,2017/02/19(01:00)
2017,02,18,107098,90042,65574,24468,37.3,2017/02/18(11:00)
2017,02,17,107098,96207,74358,21849,29.4,2017/02/17(10:00)
2017,02,16,107098,96295,75604,20691,27.4,2017/02/16(10:00)
2017,02,15,107098,96403,77770,18633,24,2017/02/15(10:00)
2017,02,14,107098,96561,78279,18282,23.4,2017/02/14(10:00)
2017,02,13,107098,96343,79050,17293,21.9,2017/02/13(11:00)
2017,02,12,107098,93782,64047,29735,46.4,2017/02/12(01:00)
2017,02,11,107098,92955,69363,23592,34,2017/02/11(11:00)
2017,02,10,107098,95916,81268,14648,18,2017/02/10(11:00)
2017,02,09,107098,97002,80002,17000,21.2,2017/02/09(10:00)
2017,02,08,107098,96980,79274,17706,22.3,2017/02/08(11:00)
2017,02,07,107098,97305,80163,17142,21.4,2017/02/07(10:00)
2017,02,06,107098,96366,78251,18115,23.1,2017/02/06(10:00)
2017,02,05,107098,94991,62577,32414,51.8,2017/02/05(24:00)
2017,02,04,107098,94172,67533,26639,39.4,2017/02/04(11:00)
2017,02,03,107098,96289,78232,18057,23.1,2017/02/03(10:00)
2017,02,02,107098,96341,80243,16098,20.1,2017/02/02(10:00)
2017,02,01,107098,95220,80173,15047,18.8,2017/02/01(11:00)
2017,01,31,106238,94937,77034,17903,23.2,2017/01/31(11:00)
2017,01,30,106238,91686,62634,29052,46.4,2017/01/30(24:00)
2017,01,29,106238,89100,57667,31433,54.5,2017/01/29(24:00)
2017,01,28,106238,89072,56442,32630,57.8,2017/01/28(01:00)
2017,01,27,106238,91078,62908,28170,44.8,2017/01/27(01:00)
2017,01,26,106238,95631,78670,16961,21.6,2017/01/26(10:00)
2017,01,25,106238,95823,81686,14137,17.3,2017/01/25(10:00)
2017,01,24,106238,96526,82884,13642,16.5,2017/01/24(10:00)
2017,01,23,106238,95443,83657,11786,14.1,2017/01/23(11:00)
2017,01,22,106238,91965,66749,25216,37.8,2017/01/22(24:00)
2017,01,21,106238,90927,71225,19702,27.7,2017/01/21(11:00)
2017,01,20,106238,94284,81765,12519,15.3,2017/01/20(11:00)
2017,01,19,106238,94146,80171,13975,17.4,2017/01/19(10:00)
2017,01,18,106238,95091,79959,15132,18.9,2017/01/18(10:00)
2017,01,17,105866,94280,81681,12599,15.4,2017/01/17(10:00)
2017,01,16,105866,93313,80790,12523,15.5,2017/01/16(11:00)
2017,01,15,105866,91004,66021,24983,37.8,2017/01/15(01:00)
2017,01,14,105866,92828,69894,22934,32.8,2017/01/14(11:00)
2017,01,13,105866,94912,80079,14833,18.5,2017/01/13(11:00)
2017,01,12,105866,94338,78403,15935,20.3,2017/01/12(10:00)
2017,01,11,105866,94862,78898,15964,20.2,2017/01/11(10:00)
2017,01,10,105866,93039,76690,16349,21.3,2017/01/10(10:00)
2017,01,09,105866,92252,75090,17162,22.9,2017/01/09(11:00)
2017,01,08,105866,90644,59058,31586,53.5,2017/01/08(24:00)
2017,01,07,105866,90470,64879,25591,39.4,2017/01/07(11:00)
2017,01,06,105866,92841,74060,18781,25.4,2017/01/06(10:00)
2017,01,05,105866,92474,76304,13081,17.1,2017/01/05(11:00)
2017,01,04,105866,92353,75778,16575,21.9,2017/01/04(10:00)
2017,01,03,105866,94223,75471,18752,24.8,2017/01/03(10:00)
2017,01,02,105866,92573,72901,19672,27,2017/01/02(11:00)
2017,01,01,105866,89861,59234,30627,51.7,2017/01/01(01:00)
2016,12,31,105866,82458,63693,28765,45.2,2016/12/31(01:00)
2016,12,30,105866,93773,76199,17574,23.1,2016/12/30(10:00)
2016,12,29,105866,93229,77900,15329,19.7,2016/12/29(10:00)
2016,12,28,105866,92564,77863,14701,18.9,2016/12/28(10:00)
2016,12,27,105866,92007,76864,15143,19.7,2016/12/27(10:00)
2016,12,26,105866,91610,77204,14406,18.7,2016/12/26(11:00)
2016,12,25,105866,88547,61186,27361,44.7,2016/12/25(01:00)
2016,12,24,105866,90172,66078,24094,36.5,2016/12/24(11:00)
2016,12,23,105866,90894,77048,13846,18,2016/12/23(11:00)
2016,12,22,105866,90449,73690,16759,22.7,2016/12/22(17:00)
2016,12,21,105866,89166,74306,14860,20,2016/12/21(10:00)
2016,12,20,104466,89662,74281,15381,20.7,2016/12/20(10:00)
2016,12,19,104466,91271,76506,14765,19.3,2016/12/19(11:00)
2016,12,18,104466,88826,61057,27769,45.5,2016/12/18(01:00)
2016,12,17,104466,89028,67116,21912,32.6,2016/12/17(11:00)
2016,12,16,104466,93031,79966,13065,16.3,2016/12/16(10:00)
2016,12,15,103299,92819,78945,13874,17.6,2016/12/15(10:00)
2016,12,14,103299,92681,77634,15047,19.4,2016/12/14(11:00)
2016,12,13,103299,92178,76461,15717,20.6,2016/12/13(10:00)
2016,12,12,103299,92578,77426,15152,19.6,2016/12/12(11:00)
2016,12,11,103299,87632,61800,25832,40.4,2016/12/11(24:00)
2016,12,10,103299,85209,65024,20185,31,2016/12/10(11:00)
2016,12,09,103299,91310,73993,17317,23.4,2016/12/09(10:00)
2016,12,08,103299,90628,76313,14315,18.8,2016/12/08(10:00)
2016,12,07,103299,90821,76917,13904,18.1,2016/12/07(10:00)
2016,12,06,103299,90426,74652,15774,21.1,2016/12/06(10:00)
2016,12,05,103299,87795,72596,15199,20.9,2016/12/05(10:00)
2016,12,04,103299,82341,58853,23488,39.9,2016/12/04(24:00)
2016,12,03,103299,83525,62882,20643,32.8,2016/12/03(11:00)
2016,12,02,103299,85671,73589,12082,16.4,2016/12/02(10:00)
2016,12,01,103299,86447,72598,13849,19.1,2016/12/01(18:00)
2016,11,30,103299,85024,74959,10065,13.4,2016/11/30(11:00)
2016,11,29,103299,85937,74756,11781,15.9,2016/11/29(10:00)
2016,11,28,103299,83432,73520,9912,13.5,2016/11/28(18:00)
2016,11,27,103299,75011,59455,15556,26.2,2016/11/27(24:00)
2016,11,26,103299,73620,66203,7417,11.2,2016/11/26(11:00)
2016,11,25,103299,82612,73611,9001,12.2,2016/11/25(10:00)
2016,11,24,103299,83190,74022,9168,12.4,2016/11/24(18:00)
2016,11,23,103299,83056,72066,10990,15.2,2016/11/23(10:00)
2016,11,22,103299,82141,71284,10857,15.2,2016/11/22(18:00)
2016,11,21,103299,80430,68476,11954,17.5,2016/11/21(11:00)
2016,11,20,103299,77873,55821,22052,39.5,2016/11/20(01:00)
2016,11,19,103299,77440,60212,17228,28.6,2016/11/19(11:00)
2016,11,18,103299,83566,67877,15689,23.1,2016/11/18(10:00)
2016,11,17,103299,84260,67768,16492,24.3,2016/11/17(10:00)
2016,11,16,103299,83901,68765,15136,22,2016/11/16(10:00)
2016,11,15,103299,81672,67832,13840,20.4,2016/11/15(19:00)
2016,11,14,103299,80581,66834,13747,20.6,2016/11/14(18:00)
2016,11,13,103299,76063,55217,20846,37.8,2016/11/13(19:00)
2016,11,12,103299,75429,58495,16934,28.9,2016/11/12(10:00)
2016,11,11,103299,81485,67352,14133,21,2016/11/11(10:00)
2016,11,10,103299,82444,69906,12538,17.9,2016/11/10(10:00)
2016,11,09,103299,81574,67885,13689,20.2,2016/11/09(10:00)
2016,11,08,103299,81278,68309,12969,19,2016/11/08(19:00)
2016,11,07,103299,80166,65572,14594,22.3,2016/11/07(18:00)
2016,11,06,103299,76791,55010,21781,39.6,2016/11/06(19:00)
2016,11,05,103299,74244,58041,16203,27.9,2016/11/05(11:00)
2016,11,04,103299,81469,67038,14431,20.2,2016/11/04(10:00)
2016,11,03,103299,81900,63626,13884,20.4,2016/11/03(11:00)
2016,11,02,103299,82339,68711,13628,19.8,2016/11/02(10:00)
2016,11,01,103068,82339,68949,14170,20.6,2016/11/01(19:00)
2016,10,31,103068,78563,68282,10281,15.1,2016/10/31(18:00)
2016,10,30,103068,68186,54656,13530,24.8,2016/10/30(20:00)
2016,10,29,103068,71412,58250,13162,22.6,2016/10/29(11:00)
2016,10,28,103068,78097,65408,12689,19.4,2016/10/28(11:00)
2016,10,27,103068,79533,65786,13747,20.9,2016/10/27(19:00)
2016,10,26,103068,80450,64893,15557,24,2016/10/26(19:00)
2016,10,25,103068,79305,66171,13134,19.8,2016/10/25(19:00)
2016,10,24,103068,78892,65420,13472,20.6,2016/10/24(19:00)
2016,10,23,103068,67737,54151,13586,25.1,2016/10/23(20:00)
2016,10,22,103068,68353,57118,11235,19.7,2016/10/22(11:00)
2016,10,21,103068,76471,64898,11573,17.8,2016/10/21(15:00)
2016,10,20,103068,77231,66271,10960,16.5,2016/10/20(19:00)
2016,10,19,103068,75887,65157,10730,16.5,2016/10/19(19:00)
2016,10,18,103068,76148,66241,9907,15,2016/10/18(19:00)
2016,10,17,103068,76480,65430,11050,16.9,2016/10/17(19:00)
2016,10,16,103068,66094,54441,11653,21.4,2016/10/16(19:00)
2016,10,15,103068,67045,56484,10561,18.7,2016/10/15(19:00)
2016,10,14,103068,76826,64400,12426,19.3,2016/10/14(19:00)
2016,10,13,103068,76509,65420,11089,17,2016/10/13(19:00)
2016,10,12,102018,75340,64249,11091,17.3,2016/10/12(19:00)
2016,10,11,102018,77312,65143,12169,18.7,2016/10/11(19:00)
2016,10,10,102018,77874,64320,13554,21.1,2016/10/10(19:00)
2016,10,09,102018,66322,53219,13103,24.6,2016/10/09(20:00)
2016,10,08,102018,67494,58538,8956,15.3,2016/10/08(01:00)
2016,10,07,102018,77361,66082,11279,17.1,2016/10/07(17:00)
2016,10,06,102018,77712,65864,11848,18,2016/10/06(17:00)
2016,10,05,102018,77328,66398,10930,16.5,2016/10/05(17:00)
2016,10,04,102018,77549,68076,9473,13.9,2016/10/04(17:00)
2016,10,03,102018,72367,59881,12486,20.9,2016/10/03(20:00)
2016,10,02,102018,69881,54396,15485,28.5,2016/10/02(20:00)
2016,10,01,102018,68617,57724,10893,18.9,2016/10/01(11:00)
2016,09,30,102018,81194,65346,15848,24.3,2016/09/30(15:00)
2016,09,29,101025,80189,66486,13703,20.6,2016/09/29(15:00)
2016,09,28,101025,80198,68539,11659,17,2016/09/28(15:00)
2016,09,27,101025,80158,69576,10582,15.2,2016/09/27(15:00)
2016,09,26,101025,80789,68737,12052,17.5,2016/09/26(17:00)
2016,09,25,101025,70298,55864,14434,25.8,2016/09/25(20:00)
2016,09,24,101025,70343,59413,10930,18.4,2016/09/24(15:00)
2016,09,23,101025,81421,67087,14334,21.4,2016/09/23(17:00)
2016,09,22,101025,81501,66526,14975,22.5,2016/09/22(17:00)
2016,09,21,101025,83811,65243,18568,28.5,2016/09/21(17:00)
2016,09,20,101025,84287,65571,18716,28.5,2016/09/20(17:00)
2016,09,19,101025,84281,66807,17474,26.2,2016/09/19(15:00)
2016,09,18,101025,72246,55063,17183,31.2,2016/09/18(20:00)
2016,09,17,101025,69461,52183,17278,33.1,2016/09/17(20:00)
2016,09,16,101025,70906,51254,19652,38.3,2016/09/16(20:00)
2016,09,15,101025,71121,48036,23085,48.1,2016/09/15(20:00)
2016,09,14,101025,71163,50931,20232,39.7,2016/09/14(20:00)
2016,09,13,101025,84097,67051,17046,25.4,2016/09/13(15:00)
2016,09,12,101025,87436,70245,17191,24.5,2016/09/12(15:00)
2016,09,11,101025,76541,59361,17180,28.9,2016/09/11(20:00)
2016,09,10,101025,75753,64267,11486,17.9,2016/09/10(15:00)
2016,09,09,101025,85078,72942,12136,16.6,2016/09/09(15:00)
2016,09,08,101025,85869,72779,13090,18,2016/09/08(15:00)
2016,09,07,101025,85422,74096,11326,15.3,2016/09/07(15:00)
2016,09,06,101025,85469,74763,10706,14.3,2016/09/06(15:00)
2016,09,05,101025,85109,75299,9810,13,2016/09/05(17:00)
2016,09,04,101025,73267,59979,13288,22.2,2016/09/04(20:00)
2016,09,03,101025,75346,62793,12553,20,2016/09/03(15:00)
2016,09,02,101025,88668,70674,17994,25.5,2016/09/02(15:00)
2016,09,01,101025,88838,72151,16687,23.1,2016/09/01(15:00)
2016,08,31,101025,90561,66093,24468,37,2016/08/31(17:00)
2016,08,30,100670,91280,66987,24293,36.3,2016/08/30(17:00)
2016,08,29,100670,91348,67384,24480,36.6,2016/08/29(17:00)
2016,08,28,100670,79409,55005,24404,44.4,2016/08/28(20:00)
2016,08,27,100670,80851,61325,19526,31.8,2016/08/27(15:00)
2016,08,26,100670,90970,71673,19297,26.9,2016/08/26(11:00)
2016,08,25,100670,90720,81780,8940,10.9,2016/08/25(15:00)
2016,08,24,100670,90720,81362,9358,11.5,2016/08/24(17:00)
2016,08,23,100670,90449,82564,7885,9.6,2016/08/23(15:00)
2016,08,22,100670,90425,83731,6694,8,2016/08/22(17:00)
2016,08,21,100180,79171,67470,11701,17.3,2016/08/21(20:00)
2016,08,20,100180,84910,72886,12024,16.5,2016/08/20(15:00)
2016,08,19,100180,91151,82770,8381,10.1,2016/08/19(15:00)
2016,08,18,100180,91084,83742,7342,8.8,2016/08/18(15:00)
2016,08,17,100180,91009,83296,7713,9.3,2016/08/17(15:00)
2016,08,16,100180,90967,83068,7899,9.5,2016/08/16(17:00)
2016,08,15,100180,83695,71947,11748,16.3,2016/08/15(15:00)
2016,08,14,100180,80544,67993,12551,18.5,2016/08/14(21:00)
2016,08,13,100180,83300,74429,8871,11.9,2016/08/13(15:00)
2016,08,12,100180,92395,85183,7212,8.5,2016/08/12(17:00)
2016,08,11,100180,91680,84974,6706,7.9,2016/08/11(17:00)
2016,08,10,100180,92386,83123,9263,11.1,2016/08/10(17:00)
2016,08,09,100180,91440,82724,8716,10.5,2016/08/09(15:00)
2016,08,08,100180,89608,83700,5908,7.1,2016/08/08(15:00)
2016,08,07,100180,76815,67510,9305,13.8,2016/08/07(21:00)
2016,08,06,100180,81236,71602,9634,13.5,2016/08/06(15:00)
2016,08,05,100180,88096,77573,10523,13.6,2016/08/05(15:00)
2016,08,04,100180,88410,75694,12716,16.8,2016/08/04(17:00)
2016,08,03,100180,88676,69613,19063,27.4,2016/08/03(15:00)
2016,08,02,100180,89826,68743,21083,30.7,2016/08/02(15:00)
2016,08,01,100180,89095,68944,20151,29.2,2016/08/01(15:00)
2016,07,31,100180,76193,64469,11724,18.2,2016/07/31(21:00)
2016,07,30,100180,77676,66669,11007,16.5,2016/07/30(15:00)
2016,07,29,100180,86712,76408,10304,13.5,2016/07/29(15:00)
2016,07,28,100180,89311,79547,9764,12.3,2016/07/28(15:00)
2016,07,27,100180,89712,80482,9230,11.5,2016/07/27(15:00)
2016,07,26,100180,88923,81110,7813,9.6,2016/07/26(15:00)
2016,07,25,100180,88990,80215,8775,10.9,2016/07/25(15:00)
2016,07,24,100180,76202,65790,10412,15.8,2016/07/24(21:00)
2016,07,23,100180,79141,69122,10019,14.5,2016/07/23(15:00)
2016,07,22,100180,88555,77815,10740,13.8,2016/07/22(17:00)
2016,07,21,100180,88526,76366,12160,15.9,2016/07/21(17:00)
2016,07,20,100180,88889,76667,12222,15.9,2016/07/20(15:00)
2016,07,19,100180,88635,75150,13485,17.9,2016/07/19(15:00)
2016,07,18,99878,89091,71810,17281,24.1,2016/07/18(17:00)
2016,07,17,99878,76339,57401,18938,33,2016/07/17(21:00)
2016,07,16,99878,78526,62859,15667,24.9,2016/07/16(12:00)
2016,07,15,99878,88032,74767,13265,17.7,2016/07/15(15:00)
2016,07,14,99878,87194,76203,10991,14.4,2016/07/14(15:00)
2016,07,13,99878,86944,76326,10618,13.9,2016/07/13(15:00)
2016,07,12,99878,86506,76630,9876,12.9,2016/07/12(15:00)
2016,07,11,99878,85481,78197,7284,9.3,2016/07/11(15:00)
2016,07,10,99878,73413,61203,12210,20,2016/07/10(21:00)
2016,07,09,99878,74830,66515,8315,12.5,2016/07/09(15:00)
2016,07,08,98948,84847,74997,9850,13.1,2016/07/08(15:00)
2016,07,07,98948,86068,73086,12982,17.8,2016/07/07(15:00)
2016,07,06,98948,86705,71949,14756,20.5,2016/07/06(15:00)
2016,07,05,98948,86753,72993,13760,18.9,2016/07/05(15:00)
2016,07,04,98948,85873,69487,16386,23.6,2016/07/04(15:00)
2016,07,03,98948,75199,56509,18690,33.1,2016/07/03(21:00)
2016,07,02,98948,75644,61952,13692,22.1,2016/07/02(12:00)
2016,07,01,98948,85533,72275,13258,18.3,2016/07/01(15:00)
2016,06,30,98948,83978,72528,11450,15.8,2016/06/30(15:00)
2016,06,29,98948,83457,71556,11901,16.6,2016/06/29(15:00)
2016,06,28,98948,83416,71431,11985,16.8,2016/06/28(15:00)
2016,06,27,98948,83934,70520,13414,19,2016/06/27(15:00)
2016,06,26,98948,71621,56370,15251,27.1,2016/06/26(21:00)
2016,06,25,98948,72876,59406,13470,22.7,2016/06/25(21:00)
2016,06,24,98948,82074,70325,11749,16.7,2016/06/24(15:00)
2016,06,23,98948,80956,72816,8140,11.2,2016/06/23(15:00)
2016,06,22,98948,82034,72340,9694,13.4,2016/06/22(15:00)
2016,06,21,98948,80966,72018,8948,12.4,2016/06/21(15:00)
2016,06,20,98948,80999,71333,9666,13.6,2016/06/20(15:00)
2016,06,19,98948,71404,57111,14293,25,2016/06/19(21:00)
2016,06,18,98948,70240,61326,8914,14.5,2016/06/18(15:00)
2016,06,17,98948,81941,69037,12904,18.7,2016/06/17(17:00)
2016,06,16,98948,81864,67964,13900,20.5,2016/06/16(15:00)
2016,06,15,98948,82117,68154,13963,20.5,2016/06/15(15:00)
2016,06,14,98948,80985,69628,11357,16.3,2016/06/14(15:00)
2016,06,13,98948,79589,69342,10247,14.8,2016/06/13(17:00)
2016,06,12,98948,70120,56360,13760,24.4,2016/06/12(21:00)
2016,06,11,98948,72076,61226,10850,17.7,2016/06/11(15:00)
2016,06,10,98948,79214,69908,9306,13.3,2016/06/10(15:00)
2016,06,09,98948,80280,68792,11488,16.7,2016/06/09(17:00)
2016,06,08,98948,80661,67384,13277,19.7,2016/06/08(15:00)
2016,06,07,98948,80807,66902,13905,20.8,2016/06/07(17:00)
2016,06,06,98948,72901,58231,14670,25.2,2016/06/06(15:00)
2016,06,05,98948,71323,54852,16471,30,2016/06/05(21:00)
2016,06,04,98948,71809,58332,13477,23.1,2016/06/04(12:00)
2016,06,03,98948,80650,67242,13408,19.9,2016/06/03(15:00)
2016,06,02,98948,80301,67243,13058,19.4,2016/06/02(17:00)
2016,06,01,98948,79870,66550,13320,20,2016/06/01(17:00)
2016,05,31,98948,80087,68011,12076,17.8,2016/05/31(15:00)
2016,05,30,98948,77432,67467,9965,14.8,2016/05/30(17:00)
2016,05,29,98948,71377,54762,16615,30.3,2016/05/29(21:00)
2016,05,28,98948,77748,66831,10917,16.3,2016/05/28(12:00)
2016,05,27,98948,77748,66831,10917,16.3,2016/05/27(15:00)
2016,05,26,98948,79616,66201,13415,20.3,2016/05/26(17:00)
2016,05,25,98948,78513,65014,13499,20.8,2016/05/25(17:00)
2016,05,24,98948,78445,65836,12609,19.2,2016/05/24(11:00)
2016,05,23,98948,78012,66919,11093,15.8,2016/05/23(17:00)
2016,05,22,98948,71452,54753,16699,30.5,2016/05/22(21:00)
2016,05,21,98948,72679,57439,15240,26.5,2016/05/21(21:00)
2016,05,20,98948,77682,66044,11638,17.6,2016/05/20(17:00)
2016,05,19,98948,77843,66331,11512,17.4,2016/05/19(17:00)
2016,05,18,98948,77528,64944,12584,19.4,2016/05/18(17:00)
2016,05,17,98948,77333,63763,13570,21.3,2016/05/17(17:00)
2016,05,16,98948,77734,62267,15467,24.8,2016/05/16(17:00)
2016,05,15,98948,73973,53811,20162,37.5,2016/05/15(21:00)
2016,05,14,98948,73290,55611,17679,31.8,2016/05/14(21:00)
2016,05,13,98948,79581,63059,16522,26.2,2016/05/13(17:00)
2016,05,12,98948,78180,63305,14875,23.5,2016/05/12(17:00)
2016,05,11,98948,78974,62605,16369,26.1,2016/05/11(17:00)
2016,05,10,98948,79158,64634,14524,22.5,2016/05/10(11:00)
2016,05,09,98948,77645,63579,14066,22.1,2016/05/09(17:00)
2016,05,08,98948,75249,52557,22692,43.2,2016/05/08(21:00)
2016,05,07,98948,75354,53034,22320,42.1,2016/05/07(21:00)
2016,05,06,98948,80494,57534,22960,39.9,2016/05/06(11:00)
2016,05,05,98948,78957,56793,22164,39,2016/05/05(21:00)
2016,05,04,98948,81780,60799,20981,34.5,2016/05/04(10:00)
2016,05,03,98948,81749,64682,17067,26.4,2016/05/03(11:00)
2016,05,02,98948,80915,63788,17127,26.8,2016/05/02(17:00)
2016,05,01,98948,75485,52528,22957,43.7,2016/05/01(21:00)
2016,04,30,98948,76444,54824,21620,39.4,2016/04/30(11:00)
2016,04,29,98948,80891,61635,19256,31.2,2016/04/29(11:00)
2016,04,28,98948,81850,62761,19089,30.4,2016/04/28(11:00)
2016,04,27,98948,81832,64566,17266,26.7,2016/04/27(15:00)
2016,04,26,98948,80954,63140,17814,28.2,2016/04/26(17:00)
2016,04,25,98948,81817,61770,20047,32.5,2016/04/25(20:00)
2016,04,24,98948,78123,53148,24975,47,2016/04/24(21:00)
2016,04,23,98948,78138,56709,21429,37.8,2016/04/23(11:00)
2016,04,22,98948,81163,62611,18552,29.6,2016/04/22(17:00)
2016,04,21,98948,81849,65489,16360,25,2016/04/21(11:00)
2016,04,20,98796,81465,63040,18425,29.2,2016/04/20(17:00)
2016,04,19,98796,82269,63025,19244,30.5,2016/04/19(20:00)
2016,04,18,98796,82442,63016,19426,30.8,2016/04/18(20:00)
2016,04,17,98796,76164,53629,22535,42,2016/04/17(21:00)
2016,04,16,98796,76726,56605,20121,35.3,2016/04/16(12:00)
2016,04,15,98796,84266,62730,21536,34.3,2016/04/15(10:00)
2016,04,14,98796,85256,61592,23664,38.4,2016/04/14(11:00)
2016,04,13,98796,85256,61592,23664,38.4,2016/04/13(11:00)
2016,04,12,98796,84871,63629,21242,33.4,2016/04/12(10:00)
2016,04,11,98796,84966,63842,21124,33.1,2016/04/11(20:00)
2016,04,10,98796,80722,53991,26731,49.5,2016/04/10(21:00)
2016,04,09,98796,79445,56897,22548,39.6,2016/04/09(11:00)
2016,04,08,98796,85758,64364,21394,33.2,2016/04/08(10:00)
2016,04,07,98796,86048,65765,20283,30.8,2016/04/07(10:00)
2016,04,06,98796,86168,63973,22195,34.7,2016/04/06(10:00)
2016,04,05,98796,85987,63821,22166,34.7,2016/04/05(10:00)
2016,04,04,98796,86308,64622,21686,33.6,2016/04/04(11:00)
2016,04,03,98796,80805,54758,26047,47.6,2016/04/03(23:00)
2016,04,02,98796,81090,56000,25090,44.8,2016/04/02(11:00)
2016,04,01,98796,89366,63321,26045,41.1,2016/04/01(10:00)
2016,03,31,98796,88016,65372,22644,34.6,2016/03/31(10:00)
2016,03,30,98796,88014,65286,22728,34.8,2016/03/30(10:00)
2016,03,29,98796,87122,66996,20126,30,2016/03/29(10:00)
2016,03,28,98796,87978,66453,21525,32.4,2016/03/28(10:00)
2016,03,27,98796,83309,56066,27243,48.6,2016/03/27(23:00)
2016,03,26,98796,86163,59204,26959,45.5,2016/03/26(01:00)
2016,03,25,98796,88950,67803,21147,31.2,2016/03/25(10:00)
2016,03,24,98796,88005,67411,20954,29.8,2016/03/24(10:00)
2016,03,23,98796,86797,66518,20279,30.5,2016/03/23(10:00)
2016,03,22,98796,86880,66468,20412,30.7,2016/03/22(10:00)
2016,03,21,98796,90330,65976,24354,36.9,2016/03/21(10:00)
2016,03,20,98796,85864,55692,30172,54.2,2016/03/20(23:00)
2016,03,19,98796,84259,59798,25461,43.3,2016/03/19(10:00)
2016,03,18,98796,88762,68855,19907,28.9,2016/03/18(10:00)
2016,03,17,98796,88762,68585,19591,28.6,2016/03/17(10:00)
2016,03,16,98796,85861,70048,15813,22.6,2016/03/16(10:00)
2016,03,15,98796,88001,71249,16752,23.5,2016/03/15(10:00)
2016,03,14,98796,85600,71811,13789,19.2,2016/03/14(10:00)
2016,03,13,98796,81728,58472,23256,39.8,2016/03/13(24:00)
2016,03,12,98796,80319,63026,17293,27.4,2016/03/12(11:00)
2016,03,11,98796,86383,73355,13028,17.8,2016/03/11(10:00)
2016,03,10,98796,84830,73534,11296,15.4,2016/03/10(10:00)
2016,03,09,98796,85282,73394,11888,16.2,2016/03/09(10:00)
2016,03,08,98796,84776,71496,13280,18.6,2016/03/08(11:00)
2016,03,07,98796,85296,68654,16642,24.2,2016/03/07(10:00)
2016,03,06,98796,80856,56541,24315,43,2016/03/06(23:00)
2016,03,05,98796,79847,61088,18759,30.7,2016/03/05(11:00)
2016,03,04,98796,83372,71181,12191,17.1,2016/03/04(10:00)
2016,03,03,98796,84410,73339,11071,15.1,2016/03/03(10:00)
2016,03,02,98796,85097,75697,9400,12.4,2016/03/02(10:00)
2016,03,01,98796,85747,65659,20088,30.6,2016/03/01(24:00)
2016,02,29,98796,87502,75081,12421,16.5,2016/02/29(11:00)
2016,02,28,98796,82820,60454,22366,37,2016/02/28(24:00)
2016,02,27,98190,85576,62835,22741,36.2,2016/02/27(11:00)
2016,02,26,98190,88805,74143,14662,19.8,2016/02/26(10:00)
2016,02,25,98190,89978,74692,15286,20.5,2016/02/25(10:00)
2016,02,24,98190,91005,74895,16110,21.5,2016/02/24(11:00)
2016,02,23,98190,91110,73020,18090,24.8,2016/02/23(10:00)
2016,02,22,98190,91271,75055,16216,21.6,2016/02/22(11:00)
2016,02,21,98190,86329,61244,25085,41,2016/02/21(24:00)
2016,02,20,98190,87494,63910,23584,36.9,2016/02/20(11:00)
2016,02,19,98190,90889,73525,17364,23.6,2016/02/19(11:00)
2016,02,18,98190,90451,74491,15960,21.4,2016/02/18(11:00)
2016,02,17,98190,89842,75386,14456,19.2,2016/02/17(10:00)
2016,02,16,98190,90441,77048,13393,17.4,2016/02/16(11:00)
2016,02,15,98190,90405,76750,13655,17.8,2016/02/15(11:00)
2016,02,14,98190,87554,62099,25455,41,2016/02/14(24:00)
2016,02,13,98190,85427,63690,23737,38.5,2016/02/13(11:00)
2016,02,12,98190,88403,72165,16238,22.5,2016/02/12(11:00)
2016,02,11,98190,93000,71422,21578,30.2,2016/02/11(11:00)
2016,02,10,98190,89176,58442,30734,52.6,2016/02/10(24:00)
2016,02,09,98190,86697,56144,30553,54.4,2016/02/09(24:00)
2016,02,08,98190,85210,54354,30856,56.8,2016/02/08(01:00)
2016,02,07,98190,85242,60053,25189,41.9,2016/02/07(01:00)
2016,02,06,98190,88569,64785,23784,36.7,2016/02/06(01:00)
2016,02,05,98190,93589,76775,16814,21.9,2016/02/05(10:00)
2016,02,04,98190,93417,78046,15371,19.7,2016/02/04(10:00)
2016,02,03,98190,93667,79833,12910,16.2,2016/02/03(10:00)
2016,02,02,98190,93809,80020,13789,17.2,2016/02/02(10:00)
2016,02,01,98190,93179,79041,14138,17.9,2016/02/01(11:00)
2016,01,31,98190,92631,63782,28849,45.2,2016/01/31(24:00)
2016,01,30,98190,88397,67071,21326,31.8,2016/01/30(11:00)
2016,01,29,98190,93196,78730,14466,18.4,2016/01/29(11:00)
2016,01,28,98190,93706,80274,13432,16.7,2016/01/28(11:00)
2016,01,27,98190,92222,79191,13031,16.5,2016/01/27(11:00)
2016,01,26,98190,93157,81877,11280,13.8,2016/01/26(11:00)
2016,01,25,98190,93248,82811,10437,12.6,2016/01/25(11:00)
2016,01,24,98190,92052,67807,24245,35.8,2016/01/24(24:00)
2016,01,23,98190,93437,71326,22111,31,2016/01/23(11:00)
2016,01,22,98190,94529,80802,13727,17,2016/01/22(11:00)
2016,01,21,98190,94793,82972,11821,14.2,2016/01/21(11:00)
2016,01,20,98190,94868,81861,13007,15.9,2016/01/20(11:00)
2016,01,19,98190,95511,82123,13388,16.3,2016/01/19(11:00)
2016,01,18,98190,95589,78462,17127,21.8,2016/01/18(18:00)
2016,01,17,98190,91948,61528,30420,49.4,2016/01/17(24:00)
2016,01,16,98190,90209,66852,23357,34.9,2016/01/16(11:00)
2016,01,15,97553,93817,77494,16323,21.1,2016/01/15(10:00)
2016,01,14,97533,94597,78269,16328,20.9,2016/01/14(10:00)
2016,01,13,97553,95050,78819,16231,20.6,2016/01/13(10:00)
2016,01,12,97553,95128,78291,16837,21.5,2016/01/12(10:00)
2016,01,11,97553,94970,76764,18206,23.7,2016/01/11(10:00)
2016,01,10,97553,94012,61698,32314,52.4,2016/01/10(24:00)
2016,01,09,97553,93863,66036,27827,42.1,2016/01/09(11:00)
2016,01,08,97553,93845,76982,16863,21.9,2016/01/08(10:00)
2016,01,07,97553,94730,76531,18199,23.8,2016/01/07(10:00)
2016,01,06,97553,91498,76602,14896,19.4,2016/01/06(10:00)
2016,01,05,97553,91944,76909,15035,19.5,2016/01/05(11:00)
2016,01,04,97553,91005,71516,19489,27.3,2016/01/04(10:00)
2016,01,03,97553,90033,58280,31753,54.5,2016/01/03(24:00)
2016,01,02,97553,89449,58562,30887,52.7,2016/01/02(24:00)
2016,01,01,97553,90066,59662,30404,51,2016/01/01(01:00)
2015,12,31,97649,90899,69887,21012,30.1,2015/12/31(10:00)
2015,12,30,97649,92185,74257,17928,24.1,2015/12/30(10:00)
2015,12,29,97649,92413,76087,16326,21.5,2015/12/29(10:00)
2015,12,28,97649,91740,75834,15906,21,2015/12/28(10:00)
2015,12,27,97649,89152,61544,27608,44.9,2015/12/27(24:00)
2015,12,26,97649,91013,61301,29712,48.5,2015/12/26(24:00)
2015,12,25,97649,90707,62658,28049,44.8,2015/12/25(24:00)
2015,12,24,97649,91827,72706,19121,26.3,2015/12/24(10:00)
2015,12,23,97649,90339,72896,17443,23.9,2015/12/23(10:00)
2015,12,22,97649,91101,74781,16320,21.8,2015/12/22(10:00)
2015,12,21,97649,91650,75526,16124,21.3,2015/12/21(11:00)
2015,12,20,97649,89053,60678,28375,46.8,2015/12/20(01:00)
2015,12,19,97649,88888,65145,23743,36.4,2015/12/19(11:00)
2015,12,18,97649,89191,77282,11909,15.4,2015/12/18(10:00)
2015,12,17,97649,87841,76340,11501,15.1,2015/12/17(10:00)
2015,12,16,97649,87330,73369,13961,19,2015/12/16(10:00)
2015,12,15,97649,86324,71928,14396,20,2015/12/15(10:00)
2015,12,14,97649,86639,71845,14794,20.6,2015/12/14(11:00)
2015,12,13,97649,84224,58055,26169,45.1,2015/12/13(24:00)
2015,12,12,97649,84692,61903,22789,36.8,2015/12/12(11:00)
2015,12,11,97649,86897,71554,15343,21.4,2015/12/11(10:00)
2015,12,10,97649,86861,72052,14809,20.6,2015/12/10(11:00)
2015,12,09,97649,86975,73300,13675,18.7,2015/12/09(10:00)
2015,12,08,97649,86628,73169,13459,18.4,2015/12/08(10:00)
2015,12,07,97649,86035,73760,12275,16.6,2015/12/07(10:00)
2015,12,06,97649,83940,59924,24016,40.1,2015/12/06(24:00)
2015,12,05,97649,82735,62921,19814,31.5,2015/12/05(11:00)
2015,12,04,97649,87385,74655,12730,17.1,2015/12/04(10:00)
2015,12,03,97649,87792,73871,13921,18.8,2015/12/03(11:00)
2015,12,02,97649,88032,71955,16077,22.3,2015/12/02(11:00)
2015,12,01,97649,87826,72117,15709,21.8,2015/12/01(10:00)
2015,11,30,97649,86474,70678,15796,22.3,2015/11/30(10:00)
2015,11,29,97649,76811,58656,18155,31,2015/11/29(01:00)
2015,11,28,97649,80131,63822,16309,25.6,2015/11/28(11:00)
2015,11,27,97649,87180,73965,13215,17.9,2015/11/27(11:00)
2015,11,26,97649,87156,73301,13855,18.9,2015/11/26(18:00)
2015,11,25,97649,84776,70103,14673,20.9,2015/11/25(11:00)
2015,11,24,97649,84583,67791,16792,24.8,2015/11/24(18:00)
2015,11,23,97476,83739,66940,16799,25.1,2015/11/23(18:00)
2015,11,22,97476,76676,54692,21984,40.2,2015/11/22(23:00)
2015,11,21,97476,78079,58603,19476,33.2,2015/11/21(11:00)
2015,11,20,97476,82380,65527,16853,25.7,2015/11/20(10:00)
2015,11,19,97476,82445,66358,16087,24.2,2015/11/19(18:00)
2015,11,18,97476,81932,66812,15120,22.6,2015/11/18(17:00)
2015,11,17,97476,81452,65056,16396,25.2,2015/11/17(11:00)
2015,11,16,97476,81378,65914,15464,23.5,2015/11/16(18:00)
2015,11,15,97476,75023,54480,20543,37.7,2015/11/15(23:00)
2015,11,14,97476,78775,57776,20999,36.3,2015/11/14(11:00)
2015,11,13,97476,82613,66214,16399,24.8,2015/11/13(11:00)
2015,11,12,97476,83048,64451,18597,28.9,2015/11/12(19:00)
2015,11,11,97476,81643,64221,17422,27.1,2015/11/11(10:00)
2015,11,10,97476,82102,65234,16868,25.9,2015/11/10(19:00)
2015,11,09,97476,81759,65021,16738,25.7,2015/11/09(18:00)
2015,11,08,97476,75984,54098,21895,40.5,2015/11/08(19:00)
2015,11,07,97476,76226,58830,17396,29.6,2015/11/07(12:00)
2015,11,06,97476,81267,63785,17482,27.4,2015/11/06(18:00)
2015,11,05,97476,80033,63626,16407,25.8,2015/11/05(10:00)
2015,11,04,97476,79933,64007,15926,24.9,2015/11/04(19:00)
2015,11,03,97476,80177,64524,15646,24.2,2015/11/03(19:00)
2015,11,02,97476,80407,64439,15968,24.8,2015/11/02(19:00)
2015,11,01,97476,72113,54224,17889,33,2015/11/01(19:00)
2015,10,31,97476,73327,56721,16606,29.3,2015/10/31(19:00)
2015,10,30,96828,80518,64239,16279,25.3,2015/10/30(19:00)
2015,10,29,96828,81438,64520,16918,26.2,2015/10/29(19:00)
2015,10,28,96828,80177,63356,16821,26.5,2015/10/28(19:00)
2015,10,27,96828,80026,64385,15641,24.3,2015/10/27(19:00)
2015,10,26,96828,79075,63891,15184,23.8,2015/10/26(19:00)
2015,10,25,96828,69680,52758,16922,32.1,2015/10/25(20:00)
2015,10,24,96828,70752,55946,14806,26.5,2015/10/24(11:00)
2015,10,23,96828,75294,63199,12095,19.1,2015/10/23(19:00)
2015,10,22,96828,75761,64211,11550,18,2015/10/22(19:00)
2015,10,21,96828,75341,64102,11239,17.5,2015/10/21(19:00)
2015,10,20,96828,75208,65040,10168,15.6,2015/10/20(19:00)
2015,10,19,96828,74906,64033,10873,17,2015/10/19(19:00)
2015,10,18,96828,71642,53494,18148,33.9,2015/10/18(20:00)
2015,10,17,96828,71663,56043,15620,27.9,2015/10/17(11:00)
2015,10,16,96828,74633,63790,10843,17,2015/10/16(19:00)
2015,10,15,96828,74187,64576,9611,14.9,2015/10/15(19:00)
2015,10,14,96828,73097,63625,9472,14.9,2015/10/14(01:00)
2015,10,13,96828,73167,63812,9355,14.7,2015/10/13(19:00)
2015,10,12,96828,74544,63312,11232,17.7,2015/10/12(19:00)
2015,10,11,96828,68218,52812,15406,29.2,2015/10/11(20:00)
2015,10,10,96828,69590,54244,15346,28.3,2015/10/10(19:00)
2015,10,09,96828,72391,58063,14328,24.7,2015/10/09(20:00)
2015,10,08,96828,76750,63497,13253,20.9,2015/10/08(19:00)
2015,10,07,96828,76699,64311,12388,19.3,2015/10/07(17:00)
2015,10,06,96828,78198,64572,13626,21.1,2015/10/06(19:00)
2015,10,05,96828,78704,63691,15013,23.6,2015/10/05(19:00)
2015,10,04,96828,72856,53269,19587,36.8,2015/10/04(20:00)
2015,10,03,96828,72319,55982,16337,29.2,2015/10/03(20:00)
2015,10,02,96828,80112,62303,17809,28.6,2015/10/02(19:00)
2015,10,01,96828,80604,65322,15282,23.4,2015/10/01(17:00)
2015,09,30,96828,80325,61103,19222,31.5,2015/09/30(15:00)
2015,09,29,96828,74792,52106,22686,43.5,2015/09/29(20:00)
2015,09,28,96828,71623,47846,23777,49.7,2015/09/28(20:00)
2015,09,27,96828,73331,44389,28942,65.2,2015/09/27(20:00)
2015,09,26,96828,74353,49043,25310,51.6,2015/09/26(01:00)
2015,09,25,96828,85334,62960,22374,35.5,2015/09/25(11:00)
2015,09,24,96828,82560,67067,15493,23.1,2015/09/24(17:00)
2015,09,23,96828,83887,66815,17072,25.6,2015/09/23(15:00)
2015,09,22,96828,83452,68297,15155,22.2,2015/09/22(17:00)
2015,09,21,96828,83380,67755,15625,23.1,2015/09/21(17:00)
2015,09,20,96828,73283,55707,17576,31.6,2015/09/20(20:00)
2015,09,19,96828,74695,59505,15190,25.5,2015/09/19(15:00)
2015,09,18,96828,82599,66562,16037,24.1,2015/09/18(17:00)
2015,09,17,96828,81586,66608,14978,22.5,2015/09/17(17:00)
2015,09,16,96828,82133,66232,15901,24,2015/09/16(17:00)
2015,09,15,96828,81410,66393,15017,22.6,2015/09/15(17:00)
2015,09,14,96828,81625,66672,14953,22.4,2015/09/14(17:00)
2015,09,13,96828,70323,53986,16337,30.3,2015/09/13(20:00)
2015,09,12,96828,72775,59147,13628,23,2015/09/12(11:00)
2015,09,11,96828,81573,67735,13838,20.4,2015/09/11(15:00)
2015,09,10,96828,80419,67993,12426,18.3,2015/09/10(01:00)
2015,09,09,96828,80598,67573,13025,19.3,2015/09/09(17:00)
2015,09,08,96828,82583,67206,15377,22.9,2015/09/08(17:00)
2015,09,07,96828,83216,68207,15009,22,2015/09/07(17:00)
2015,09,06,96828,74779,55172,19607,35.5,2015/09/06(20:00)
2015,09,05,96828,76266,62551,13715,21.9,2015/09/05(12:00)
2015,09,04,96828,83274,72121,11153,15.5,2015/09/04(15:00)
2015,09,03,96828,84154,71937,12217,17,2015/09/03(15:00)
2015,09,02,96828,84561,72236,12325,17.1,2015/09/02(15:00)
2015,09,01,96828,85102,72991,12111,16.6,2015/09/01(15:00)
2015,08,31,96828,87868,72639,15229,21,2015/08/31(15:00)
2015,08,30,96828,77848,57913,19935,34.4,2015/08/30(20:00)
2015,08,29,96828,77956,62100,15856,25.5,2015/08/29(15:00)
2015,08,28,96828,86244,70617,15627,22.1,2015/08/28(15:00)
2015,08,27,96828,86300,69840,16460,23.6,2015/08/27(15:00)
2015,08,26,96828,86665,67939,18726,27.6,2015/08/26(01:00)
2015,08,25,96828,86548,68423,18125,26.5,2015/08/25(11:00)
2015,08,24,96828,86169,73542,12627,17.2,2015/08/24(15:00)
2015,08,23,96828,76044,59361,16683,28.1,2015/08/23(20:00)
2015,08,22,96828,78190,64772,16410,27.6,2015/08/22(01:00)
2015,08,21,96828,87359,72231,15128,20.9,2015/08/21(15:00)
2015,08,20,96828,87278,74079,13199,17.8,2015/08/20(15:00)
2015,08,19,96828,87191,75218,11973,15.9,2015/08/19(15:00)
2015,08,18,96828,86170,75600,10570,14,2015/08/18(15:00)
2015,08,17,96828,87724,74469,13255,17.8,2015/08/17(17:00)
2015,08,16,96828,80270,59581,20689,34.7,2015/08/16(20:00)
2015,08,15,96828,81084,64512,16572,25.7,2015/08/15(15:00)
2015,08,14,96828,86408,69377,17031,24.5,2015/08/14(15:00)
2015,08,13,96828,87995,74160,13835,18.7,2015/08/13(15:00)
2015,08,12,96828,87919,73511,14408,19.6,2015/08/12(17:00)
2015,08,11,96828,87841,76028,11813,15.5,2015/08/11(15:00)
2015,08,10,96828,88000,76504,11496,15,2015/08/10(15:00)
2015,08,09,96828,79815,62661,17154,27.4,2015/08/09(21:00)
2015,08,08,96828,82097,69683,12414,17.8,2015/08/08(12:00)
2015,08,07,96828,89595,76916,12679,16.5,2015/08/07(15:00)
2015,08,06,96828,89876,75159,14717,19.6,2015/08/06(15:00)
2015,08,05,96828,90601,69924,20677,29.6,2015/08/05(17:00)
2015,08,04,96828,90475,67177,23298,34.7,2015/08/04(17:00)
2015,08,03,96828,89520,65735,23785,36.2,2015/08/03(17:00)
2015,08,02,96828,84378,60346,24032,39.8,2015/08/02(21:00)
2015,08,01,96828,83707,62162,21545,34.7,2015/08/01(15:00)
2015,07,31,96828,89766,74429,15337,20.6,2015/07/31(15:00)
2015,07,30,96828,89654,76696,12958,16.9,2015/07/30(15:00)
2015,07,29,96828,90010,74624,15386,20.6,2015/07/29(15:00)
2015,07,28,96828,89955,76179,13776,18.1,2015/07/28(15:00)
2015,07,27,96828,89481,73976,15505,21,2015/07/27(15:00)
2015,07,26,96828,80528,60454,20074,33.2,2015/07/26(21:00)
2015,07,25,96828,81887,64202,17685,27.5,2015/07/25(12:00)
2015,07,24,95681,88145,71742,16403,22.9,2015/07/24(12:00)
2015,07,23,95681,88247,75266,12981,17.2,2015/07/23(15:00)
2015,07,22,95681,89153,74740,14413,19.3,2015/07/22(15:00)
2015,07,21,95681,89942,73302,16640,22.7,2015/07/21(15:00)
2015,07,20,95681,89174,72128,17046,23.6,2015/07/20(15:00)
2015,07,19,95681,83966,57172,26794,46.9,2015/07/19(21:00)
2015,07,18,95681,85770,60151,25619,42.6,2015/07/18(15:00)
2015,07,17,95681,90868,67045,23823,35.5,2015/07/17(15:00)
2015,07,16,95681,90304,69032,21272,30.8,2015/07/16(15:00)
2015,07,15,95681,89665,73691,15974,21.7,2015/07/15(15:00)
2015,07,14,95681,89895,72249,17646,24.4,2015/07/14(15:00)
2015,07,13,95681,90691,67906,22785,33.6,2015/07/13(17:00)
2015,07,12,95681,84475,57062,27413,48,2015/07/12(21:00)
2015,07,11,95681,83597,65687,17910,27.3,2015/07/11(15:00)
2015,07,10,95681,89158,71612,17546,24.5,2015/07/10(15:00)
2015,07,09,95681,89194,69524,19670,28.3,2015/07/09(15:00)
2015,07,08,95681,90117,67481,22636,33.5,2015/07/08(15:00)
2015,07,07,95681,89693,67267,22426,33.3,2015/07/07(15:00)
2015,07,06,95681,89839,68718,21121,30.7,2015/07/06(15:00)
2015,07,05,95681,85946,54730,31216,57,2015/07/05(21:00)
2015,07,04,95681,87485,58508,28977,49.5,2015/07/04(15:00)
2015,07,03,95681,89885,67572,22313,33,2015/07/03(15:00)
2015,07,02,95681,89114,68058,21056,30.9,2015/07/02(15:00)
2015,07,01,95681,88897,67370,21527,32,2015/07/01(15:00)
2015,06,30,95681,87788,68545,19243,28.1,2015/06/30(15:00)
2015,06,29,95681,86322,69381,16941,24.4,2015/06/29(15:00)
2015,06,28,95681,80620,55007,25613,46.6,2015/06/28(21:00)
2015,06,27,95681,80748,59267,21481,36.2,2015/06/27(12:00)
2015,06,26,95681,86757,66006,20751,31.4,2015/06/26(15:00)
2015,06,25,95681,84325,68538,15787,23,2015/06/25(15:00)
2015,06,24,95681,84047,69882,14165,20.3,2015/06/24(15:00)
2015,06,23,95681,83419,69046,14373,20.8,2015/06/23(17:00)
2015,06,22,95681,83289,67716,15573,23,2015/06/22(15:00)
2015,06,21,95681,76306,54945,21361,38.9,2015/06/21(21:00)
2015,06,20,95681,78686,59363,19323,32.6,2015/06/20(12:00)
2015,06,19,95681,82650,68273,14377,21.1,2015/06/19(15:00)
2015,06,18,95681,82773,68456,14317,20.9,2015/06/18(16:00)
2015,06,17,95681,82024,68766,13258,19.3,2015/06/17(15:00)
2015,06,16,95681,82348,69508,12840,18.5,2015/06/16(16:00)
2015,06,15,95681,83188,69112,14076,20.4,2015/06/15(15:00)
2015,06,14,95681,78369,55037,23332,42.4,2015/06/14(21:00)
2015,06,13,95681,79295,60698,18597,30.6,2015/06/13(15:00)
2015,06,12,95681,82531,67843,14688,21.6,2015/06/12(17:00)
2015,06,11,95681,80871,67071,13800,20.6,2015/06/11(15:00)
2015,06,10,95681,79594,68573,11021,16.1,2015/06/10(15:00)
2015,06,09,95681,79795,66364,13431,20.2,2015/06/09(01:00)
2015,06,08,95681,79638,65474,14164,21.6,2015/06/08(17:00)
2015,06,07,95681,76856,53713,23143,43.1,2015/06/07(21:00)
2015,06,06,95681,74606,56114,18492,33,2015/06/06(15:00)
2015,06,05,95681,77774,63284,14490,22.9,2015/06/05(11:00)
2015,06,04,95681,78049,66264,11785,17.8,2015/06/04(15:00)
2015,06,03,95681,78028,65327,12701,19.4,2015/06/03(17:00)
2015,06,02,95681,79512,66172,13340,20.2,2015/06/02(15:00)
2015,06,01,95681,79227,65718,13509,20.6,2015/06/01(17:00)
2015,05,31,95681,75956,53681,22275,41.5,2015/05/31(21:00)
2015,05,30,95681,76038,58526,17512,29.9,2015/05/30(11:00)
2015,05,29,95681,76874,67107,9767,14.6,2015/05/29(15:00)
2015,05,28,95681,77532,66923,10609,15.9,2015/05/28(17:00)
2015,05,27,95681,76914,66092,10822,16.4,2015/05/27(17:00)
2015,05,26,95681,76617,65143,11474,17.6,2015/05/26(17:00)
2015,05,25,95681,73296,56379,16917,30,2015/05/25(21:00)
2015,05,24,95681,73939,51931,20590,39.6,2015/05/24(21:00)
2015,05,23,95681,72507,56701,15806,27.9,2015/05/23(12:00)
2015,05,22,95681,78663,63627,15036,23.6,2015/05/22(15:00)
2015,05,21,95681,77968,63145,14823,23.5,2015/05/21(17:00)
2015,05,20,95681,76699,62147,14552,23.4,2015/05/20(15:00)
2015,05,19,95681,76833,63092,13741,21.8,2015/05/19(17:00)
2015,05,18,95365,75638,62864,12774,20.3,2015/05/18(15:00)
2015,05,17,95365,72600,52474,20126,38.4,2015/05/17(21:00)
2015,05,16,95365,72529,56217,16312,29,2015/05/16(11:00)
2015,05,15,95365,78307,64069,14238,22.2,2015/05/15(15:00)
2015,05,14,95365,78219,63827,14392,22.5,2015/05/14(17:00)
2015,05,13,95365,78224,62025,16199,26.1,2015/05/13(17:00)
2015,05,12,95365,79682,61499,18183,29.6,2015/05/12(20:00)
2015,05,11,95365,79358,62407,16951,27.2,2015/05/11(17:00)
2015,05,10,95365,76585,52096,24489,47,2015/05/10(21:00)
2015,05,09,95365,76643,55800,20843,37.4,2015/05/09(11:00)
2015,05,08,95365,79521,62005,17516,28.2,2015/05/08(15:00)
2015,05,07,95365,78713,61489,17224,28,2015/05/07(17:00)
2015,05,06,95365,79932,61056,18876,30.9,2015/05/06(17:00)
2015,05,05,95365,78856,55179,23677,42.9,2015/05/05(21:00)
2015,05,04,95365,78474,57053,21421,37.5,2015/05/04(20:00)
2015,05,03,95365,75137,51611,23526,45.6,2015/05/03(21:00)
2015,05,02,95365,75723,53086,22637,42.6,2015/05/02(21:00)
2015,05,01,95365,78162,54959,23203,42.2,2015/05/01(21:00)
2015,04,30,95365,80456,62204,18252,29.3,2015/04/30(15:00)
2015,04,29,95365,79896,62500,17396,27.8,2015/04/29(01:00)
2015,04,28,95365,80029,62730,17299,27.6,2015/04/28(15:00)
2015,04,27,95365,80964,61897,19067,30.8,2015/04/27(17:00)
2015,04,26,95365,77061,52441,24620,46.9,2015/04/26(21:00)
2015,04,25,95365,78643,55101,23542,42.7,2015/04/25(11:00)
2015,04,24,95365,81058,61939,19119,30.9,2015/04/24(10:00)
2015,04,23,95365,81142,62522,18620,29.8,2015/04/23(10:00)
2015,04,22,95365,81554,62719,18835,30,2015/04/22(10:00)
2015,04,21,95365,81727,63196,18531,29.3,2015/04/21(10:00)
2015,04,20,95365,81806,65618,16188,24.7,2015/04/20(11:00)
2015,04,19,95365,77617,54102,23515,43.5,2015/04/19(23:00)
2015,04,18,95365,78532,56800,21732,38.3,2015/04/18(11:00)
2015,04,17,95365,82262,63104,19158,30.4,2015/04/17(10:00)
2015,04,16,95365,81764,65211,16553,25.4,2015/04/16(15:00)
2015,04,15,95365,81194,65086,16108,24.7,2015/04/15(10:00)
2015,04,14,95365,82017,65786,16231,24.7,2015/04/14(10:00)
2015,04,13,95365,80515,64956,15559,24,2015/04/13(11:00)
2015,04,12,95365,76842,54000,22842,42.3,2015/04/12(23:00)
2015,04,11,95365,80145,64409,15736,24.4,2015/04/11(10:00)
2015,04,10,95365,80145,64409,15736,24.4,2015/04/10(10:00)
2015,04,09,95365,79044,65751,13293,20.2,2015/04/09(10:00)
2015,04,08,95365,79635,66582,13053,19.6,2015/04/08(10:00)
2015,04,07,95365,80698,66436,14262,21.5,2015/04/07(10:00)
2015,04,06,95365,80882,65749,15133,23,2015/04/06(11:00)
2015,04,05,95365,77236,54596,22640,41.5,2015/04/05(23:00)
2015,04,04,95365,77017,56498,20519,36.3,2015/04/04(10:00)
2015,04,03,95365,83318,65030,18288,28.1,2015/04/03(10:00)
2015,04,02,95365,83739,64708,19031,29.4,2015/04/02(10:00)
2015,04,01,95365,85206,65584,19622,29.9,2015/04/01(11:00)
2015,03,31,95635,84751,65746,19005,28.9,2015/03/31(11:00)
2015,03,30,95365,84215,63670,20545,32.3,2015/03/30(10:00)
2015,03,29,95365,81444,54591,26853,49.2,2015/03/29(23:00)
2015,03,28,95365,81966,57762,24204,41.9,2015/03/28(10:00)
2015,03,27,95365,84373,66385,17988,27.1,2015/03/27(10:00)
2015,03,26,95365,85354,66899,18455,27.6,2015/03/26(10:00)
2015,03,25,95365,85329,67829,17500,25.8,2015/03/25(10:00)
2015,03,24,95365,84153,67669,16484,24.4,2015/03/24(10:00)
2015,03,23,94102,84643,66568,18075,27.2,2015/03/23(20:00)
2015,03,22,94102,76981,55520,21461,38.7,2015/03/22(23:00)
2015,03,21,94102,81538,57464,24074,41.9,2015/03/21(10:00)
2015,03,20,94102,83296,66148,17148,25.9,2015/03/20(10:00)
2015,03,19,94102,83965,66798,17167,25.7,2015/03/19(10:00)
2015,03,18,94102,83181,68802,14379,20.9,2015/03/18(10:00)
2015,03,17,94102,82075,68242,13833,20.3,2015/03/17(10:00)
2015,03,16,94102,81997,69413,12584,18.1,2015/03/16(10:00)
2015,03,15,94102,80077,57815,22262,38.5,2015/03/15(23:00)
2015,03,14,94102,80398,61622,18776,30.5,2015/03/14(11:00)
2015,03,13,94102,82119,71828,10291,14.3,2015/03/13(10:00)
2015,03,12,94102,83829,72718,11111,15.3,2015/03/12(10:00)
2015,03,11,94102,84174,73483,10691,14.5,2015/03/11(10:00)
2015,03,10,94102,84910,75375,9535,12.7,2015/03/10(01:00)
2015,03,09,94102,84130,70053,14077,20.1,2015/03/09(20:00)
2015,03,08,94102,80904,57792,23112,40,2015/03/08(01:00)
2015,03,07,94102,81505,62615,18890,30.2,2015/03/07(11:00)
2015,03,06,94102,85201,73317,11884,16.2,2015/03/06(10:00)
2015,03,05,94102,85795,74289,11506,15.5,2015/03/05(10:00)
2015,03,04,91402,87216,74800,11457,15.3,2015/03/04(10:00)
2015,03,03,94102,86423,74129,12294,16.6,2015/03/03(11:00)
2015,03,02,94102,87732,71982,15750,21.9,2015/03/02(10:00)
2015,03,01,94102,85648,59786,25862,43.3,2015/03/01(23:00)
2015,02,28,94102,86997,64908,22089,34,2015/02/28(11:00)
2015,02,27,94102,89400,73371,16029,21.8,2015/02/27(01:00)
2015,02,26,94102,88445,70678,17767,25.1,2015/02/26(10:00)
2015,02,25,94102,88372,71105,17267,24.3,2015/02/25(10:00)
2015,02,24,94102,88612,71195,17417,24.5,2015/02/24(10:00)
2015,02,23,94102,88324,71663,16661,23.2,2015/02/23(10:00)
2015,02,22,94102,86653,57926,28727,49.6,2015/02/22(24:00)
2015,02,21,94102,86220,54759,31461,57.5,2015/02/21(24:00)
2015,02,20,94102,85982,52756,32626,61.8,2015/02/20(24:00)
2015,02,19,94102,86270,52266,34004,65.1,2015/02/19(24:00)
2015,02,18,94102,88092,58143,29949,51.5,2015/02/18(01:00)
2015,02,17,94102,89268,69509,19759,28.4,2015/02/17(10:00)
2015,02,16,94102,89185,72707,16478,22.7,2015/02/16(11:00)
2015,02,15,94102,86990,60953,26037,42.7,2015/02/15(01:00)
2015,02,14,94102,84842,66381,18461,27.8,2015/02/14(10:00)
2015,02,13,94102,88296,75325,12971,17.2,2015/02/13(10:00)
2015,02,12,94102,88782,74263,14519,19.6,2015/02/12(10:00)
2015,02,11,94102,87281,74650,12631,16.9,2015/02/11(10:00)
2015,02,10,94102,88298,75019,13279,17.7,2015/02/10(10:00)
2015,02,09,94102,87926,78790,9136,11.6,2015/02/09(11:00)
2015,02,08,94102,86036,64160,21876,37.4,2015/02/08(24:00)
2015,02,07,94102,85284,66074,19210,29.1,2015/02/07(11:00)
2015,02,06,94102,88162,75326,12836,17,2015/02/06(10:00)
2015,02,05,94102,89353,75568,13785,18.2,2015/02/05(10:00)
2015,02,04,94102,88986,75795,13191,17.4,2015/02/04(10:00)
2015,02,03,94102,89487,76039,13448,17.7,2015/02/03(10:00)
2015,02,02,94102,89181,76071,13110,17.2,2015/02/02(11:00)
2015,02,01,94102,87725,61909,25816,41.7,2015/02/01(01:00)
2015,01,31,94102,88021,66124,21877,33.1,2015/01/31(11:00)
2015,01,30,94102,90133,75223,14910,19.8,2015/01/30(10:00)
2015,01,29,94102,90680,76407,14273,18.7,2015/01/29(10:00)
2015,01,28,94102,90033,76557,13476,17.6,2015/01/28(10:00)
2015,01,27,93201,90908,74412,14430,19.1,2015/01/27(10:00)
2015,01,26,93201,89867,73232,16635,22.7,2015/01/26(11:00)
2015,01,25,93201,90436,60041,30395,50.6,2015/01/25(01:00)
2015,01,24,93201,89975,64081,25894,40.4,2015/01/24(01:00)
2015,01,23,93201,92004,73957,18047,24.4,2015/01/23(10:00)
2015,01,22,93201,91587,73723,17864,24.2,2015/01/22(10:00)
2015,01,21,93201,91461,75544,15917,21.1,2015/01/21(11:00)
2015,01,20,93201,90433,76235,14198,18.6,2015/01/20(10:00)
2015,01,19,93201,90027,74564,15463,20.7,2015/01/19(11:00)
2015,01,18,93201,88913,62801,26112,41.6,2015/01/18(01:00)
2015,01,17,93201,88861,66531,22330,33.6,2015/01/17(11:00)
2015,01,16,92825,90210,75615,14595,19.3,2015/01/16(11:00)
2015,01,15,92825,90144,74662,15482,20.7,2015/01/15(10:00)
2015,01,14,92825,90287,76363,13924,18.2,2015/01/14(11:00)
2015,01,13,92825,91019,77150,13869,18,2015/01/13(10:00)
2015,01,12,92825,89953,76899,13054,17,2015/01/12(10:00)
2015,01,11,92825,88542,62260,26282,42.2,2015/01/11(11:00)
2015,01,10,92825,90179,66147,24032,36.3,2015/01/10(01:00)
2015,01,09,92825,90631,77107,13524,17.5,2015/01/09(11:00)
2015,01,08,92825,90501,77796,12705,16.3,2015/01/08(10:00)
2015,01,07,92825,90603,77597,13006,16.8,2015/01/07(10:00)
2015,01,06,92825,90377,74547,15830,21,2015/01/06(10:00)
2015,01,05,92825,89735,75118,14617,19.5,2015/01/05(11:00)
2015,01,04,92825,89554,61203,28826,46.3,2015/01/04(24:00)
2015,01,03,92825,89309,64079,25230,39.4,2015/01/03(11:00)
2015,01,02,92825,88904,69797,19107,27.4,2015/01/02(11:00)
2015,01,01,92825,87437,61739,25698,41.6,2015/01/01(24:00)
