년,월,일,최대전력(MW)
2018,12,31,74652
2018,12,30,67295
2018,12,29,71171
2018,12,28,86083
2018,12,27,84377
2018,12,26,79897
2018,12,25,67836
2018,12,24,77453
2018,12,23,63817
2018,12,22,65656
2018,12,21,79490
2018,12,20,81081
2018,12,19,80550
2018,12,18,81939
2018,12,17,81991
2018,12,16,65711
2018,12,15,70400
2018,12,14,83871
2018,12,13,83702
2018,12,12,83447
2018,12,11,85463
2018,12,10,83776
2018,12,9,67263
2018,12,8,69510
2018,12,7,82072
2018,12,6,78157
2018,12,5,76287
2018,12,4,73600
2018,12,3,73728
2018,12,2,60232
2018,12,1,63484
2018,11,30,74676
2018,11,29,75914
2018,11,28,74495
2018,11,27,74408
2018,11,26,74483
2018,11,25,60418
2018,11,24,66363
2018,11,23,74515
2018,11,22,73930
2018,11,21,74205
2018,11,20,72086
2018,11,19,71325
2018,11,18,59566
2018,11,17,60668
2018,11,16,71160
2018,11,15,69041
2018,11,14,69403
2018,11,13,69176
2018,11,12,67888
2018,11,11,58243
2018,11,10,59583
2018,11,9,69575
2018,11,8,71046
2018,11,7,70063
2018,11,6,68452
2018,11,5,68082
2018,11,4,58032
2018,11,3,59940
2018,11,2,68213
2018,11,1,69302
2018,10,31,69211
2018,10,30,70329
2018,10,29,69629
2018,10,28,57363
2018,10,27,59055
2018,10,26,68352
2018,10,25,68029
2018,10,24,67241
2018,10,23,68261
2018,10,22,67942
2018,10,21,57268
2018,10,20,58460
2018,10,19,66699
2018,10,18,68273
2018,10,17,67428
2018,10,16,68140
2018,10,15,67919
2018,10,14,57197
2018,10,13,58171
2018,10,12,66908
2018,10,11,67931
2018,10,10,67212
2018,10,9,63339
2018,10,8,66445
2018,10,7,56947
2018,10,6,60380
2018,10,5,68545
2018,10,4,68210
2018,10,3,63204
2018,10,2,66291
2018,10,1,66789
2018,9,30,57311
2018,9,29,59632
2018,9,28,66524
2018,9,27,65404
2018,9,26,55992
2018,9,25,51414
2018,9,24,47981
2018,9,23,51604
2018,9,22,57029
2018,9,21,69729
2018,9,20,71784
2018,9,19,72654
2018,9,18,72897
2018,9,17,73080
2018,9,16,61788
2018,9,15,64896
2018,9,14,73530
2018,9,13,73607
2018,9,12,73004
2018,9,11,71320
2018,9,10,72230
2018,9,9,59747
2018,9,8,61542
2018,9,7,73304
2018,9,6,76604
2018,9,5,75416
2018,9,4,76268
2018,9,3,78405
2018,9,2,62574
2018,9,1,65117
2018,8,31,77420
2018,8,30,81281
2018,8,29,80284
2018,8,28,79359
2018,8,27,77224
2018,8,26,61434
2018,8,25,68483
2018,8,24,79844
2018,8,23,84786
2018,8,22,87911
2018,8,21,84025
2018,8,20,83917
2018,8,19,66730
2018,8,18,67131
2018,8,17,80289
2018,8,16,88720
2018,8,15,83275
2018,8,14,91548
2018,8,13,91405
2018,8,12,73509
2018,8,11,75167
2018,8,10,87807
2018,8,9,88582
2018,8,8,88955
2018,8,7,88893
2018,8,6,88816
2018,8,5,74791
2018,8,4,74087
2018,8,3,81589
2018,8,2,82283
2018,8,1,82486
2018,7,31,83087
2018,7,30,82882
2018,7,29,72063
2018,7,28,77487
2018,7,27,90678
2018,7,26,90682
2018,7,25,90399
2018,7,24,92478
2018,7,23,90695
2018,7,22,73794
2018,7,21,76999
2018,7,20,88080
2018,7,19,87591
2018,7,18,86710
2018,7,17,86286
2018,7,16,86306
2018,7,15,69798
2018,7,14,70700
2018,7,13,82076
2018,7,12,81393
2018,7,11,79406
2018,7,10,76258
2018,7,9,70920
2018,7,8,58944
2018,7,7,60855
2018,7,6,73639
2018,7,5,77530
2018,7,4,78919
2018,7,3,77312
2018,7,2,75611
2018,7,1,60609
2018,6,30,65571
2018,6,29,75049
2018,6,28,74820
2018,6,27,74803
2018,6,26,75237
2018,6,25,76606
2018,6,24,60899
2018,6,23,61832
2018,6,22,73832
2018,6,21,72656
2018,6,20,72551
2018,6,19,72215
2018,6,18,73210
2018,6,17,58275
2018,6,16,58833
2018,6,15,68421
2018,6,14,68133
2018,6,13,65009
2018,6,12,68930
2018,6,11,68243
2018,6,10,56753
2018,6,9,61116
2018,6,8,71187
2018,6,7,73379
2018,6,6,65117
2018,6,5,71221
2018,6,4,71429
2018,6,3,58359
2018,6,2,59990
2018,6,1,70127
2018,5,31,69024
2018,5,30,70407
2018,5,29,70664
2018,5,28,70232
2018,5,27,56576
2018,5,26,58811
2018,5,25,67071
2018,5,24,66977
2018,5,23,65409
2018,5,22,60900
2018,5,21,64307
2018,5,20,55326
2018,5,19,57867
2018,5,18,70160
2018,5,17,73173
2018,5,16,72229
2018,5,15,70067
2018,5,14,66805
2018,5,13,55959
2018,5,12,60553
2018,5,11,65425
2018,5,10,65752
2018,5,9,65350
2018,5,8,65600
2018,5,7,60354
2018,5,6,55321
2018,5,5,56278
2018,5,4,63828
2018,5,3,65747
2018,5,2,67840
2018,5,1,60435
2018,4,30,64781
2018,4,29,55893
2018,4,28,56946
2018,4,27,64547
2018,4,26,65403
2018,4,25,64939
2018,4,24,68449
2018,4,23,69692
2018,4,22,56420
2018,4,21,57277
2018,4,20,65575
2018,4,19,66264
2018,4,18,65506
2018,4,17,66456
2018,4,16,65800
2018,4,15,56623
2018,4,14,62481
2018,4,13,66251
2018,4,12,66438
2018,4,11,65533
2018,4,10,66523
2018,4,9,68149
2018,4,8,58110
2018,4,7,60912
2018,4,6,69296
2018,4,5,70520
2018,4,4,68281
2018,4,3,66335
2018,4,2,65846
2018,4,1,56397
2018,3,31,57558
2018,3,30,65637
2018,3,29,67110
2018,3,28,66068
2018,3,27,67622
2018,3,26,69467
2018,3,25,57513
2018,3,24,61698
2018,3,23,72231
2018,3,22,73423
2018,3,21,78017
2018,3,20,72583
2018,3,19,72795
2018,3,18,58324
2018,3,17,61946
2018,3,16,72510
2018,3,15,71174
2018,3,14,68060
2018,3,13,71017
2018,3,12,73285
2018,3,11,59781
2018,3,10,64427
2018,3,9,75922
2018,3,8,78855
2018,3,7,75974
2018,3,6,74384
2018,3,5,77198
2018,3,4,58887
2018,3,3,64571
2018,3,2,76433
2018,3,1,68728
2018,2,28,78122
2018,2,27,77133
2018,2,26,76656
2018,2,25,63005
2018,2,24,66278
2018,2,23,79069
2018,2,22,79662
2018,2,21,80128
2018,2,20,79383
2018,2,19,76438
2018,2,18,61172
2018,2,17,59867
2018,2,16,57733
2018,2,15,63182
2018,2,14,77843
2018,2,13,83809
2018,2,12,86637
2018,2,11,68538
2018,2,10,71240
2018,2,9,84660
2018,2,8,87277
2018,2,7,87513
2018,2,6,88238
2018,2,5,87623
2018,2,4,69711
2018,2,3,72685
2018,2,2,84653
2018,2,1,83904
2018,1,31,85260
2018,1,30,86754
2018,1,29,86561
2018,1,28,68496
2018,1,27,74418
2018,1,26,87063
2018,1,25,87247
2018,1,24,86277
2018,1,23,85442
2018,1,22,80609
2018,1,21,63917
2018,1,20,67813
2018,1,19,79633
2018,1,18,79748
2018,1,17,80766
2018,1,16,82564
2018,1,15,80495
2018,1,14,66286
2018,1,13,72843
2018,1,12,85497
2018,1,11,85612
2018,1,10,84978
2018,1,9,84021
2018,1,8,83012
2018,1,7,64428
2018,1,6,68502
2018,1,5,82551
2018,1,4,84027
2018,1,3,81596
2018,1,2,79331
2018,1,1,62145
2017,12,31,62446
2017,12,30,64779
2017,12,29,78857
2017,12,28,83478
2017,12,27,83589
2017,12,26,81374
2017,12,25,66498
2017,12,24,63302
2017,12,23,67211
2017,12,22,81852
2017,12,21,83450
2017,12,20,83664
2017,12,19,83873
2017,12,18,84640
2017,12,17,66825
2017,12,16,70890
2017,12,15,84115
2017,12,14,84968
2017,12,13,84012
2017,12,12,85133
2017,12,11,83927
2017,11,25,65980
2017,11,24,77605
2017,11,23,77003
2017,11,22,77349
2017,11,21,77327
2017,11,20,76794
2017,11,19,61715
2017,11,18,64400
2017,11,17,74345
2017,11,16,72971
2017,11,15,72590
2017,11,14,70501
2017,11,13,70689
2017,11,12,57618
2017,11,11,59621
2017,11,10,68299
2017,11,9,67500
2017,11,8,66862
2017,11,7,67851
2017,11,6,68148
2017,11,5,56809
2017,11,4,58933
2017,11,3,66731
2017,11,2,67063
2017,11,1,66262
2017,10,31,67675
2017,10,30,68265
2017,10,29,56295
2017,10,28,58510
2017,10,27,66589
2017,10,26,67751
2017,10,25,67111
2017,10,24,67971
2017,10,23,67501
2017,10,22,56047
2017,10,21,58896
2017,10,20,66981
2017,10,19,68224
2017,10,18,67701
2017,10,17,68021
2017,10,16,67783
2017,10,15,56499
2017,10,14,58848
2017,10,13,66400
2017,10,12,67158
2017,10,11,68423
2017,10,10,70113
2017,10,9,62781
2017,10,8,56165
2017,10,7,54716
2017,10,6,52312
2017,10,5,48919
2017,10,4,46004
2017,10,3,48934
2017,10,2,55447
2017,10,1,56530
2017,9,30,58351
2017,9,29,64707
2017,9,28,68330
2017,9,27,70978
2017,9,26,72947
2017,9,25,72798
2017,9,24,59195
2017,9,23,61791
2017,9,22,69987
2017,9,21,69362
2017,9,20,68979
2017,9,19,73115
2017,9,18,71299
2017,9,17,58088
2017,9,16,60602
2017,9,15,69521
2017,9,14,71099
2017,9,13,70373
2017,9,12,72229
2017,9,11,70946
2017,9,10,59509
2017,9,9,64087
2017,9,8,73038
2017,9,7,71699
2017,9,6,71880
2017,9,5,71944
2017,9,4,72688
2017,9,3,58814
2017,9,2,61591
2017,9,1,70931
2017,8,31,70229
2017,8,30,68797
2017,8,29,71234
2017,8,28,75454
2017,8,27,59950
2017,8,26,63547
2017,8,25,79071
2017,8,24,83432
2017,8,23,83840
2017,8,22,80879
2017,8,21,79104
2017,8,20,62497
2017,8,19,67973
2017,8,18,77648
2017,8,17,77288
2017,8,16,75902
2017,8,15,67072
2017,8,14,72855
2017,8,13,61500
2017,8,12,69570
2017,8,11,80629
2017,8,10,79807
2017,8,9,80418
2017,8,8,83775
2017,8,7,84489
2017,8,6,70906
2017,8,5,72300
2017,8,4,76990
2017,8,3,74343
2017,8,2,73103
2017,8,1,71974
2017,7,31,69467
2017,7,30,63971
2017,7,29,66214
2017,7,28,78700
2017,7,27,79180
2017,7,26,80610
2017,7,25,83321
2017,7,24,82052
2017,7,23,68319
2017,7,22,75408
2017,7,21,84586
2017,7,20,84558
2017,7,19,82682
2017,7,18,80430
2017,7,17,81042
2017,7,16,65320
2017,7,15,69532
2017,7,14,83214
2017,7,13,81830
2017,7,12,80087
2017,7,11,79685
2017,7,10,78441
2017,7,9,64400
2017,7,8,68187
2017,7,7,78640
2017,7,6,80673
2017,7,5,78494
2017,7,4,78325
2017,7,3,77051
2017,7,2,61902
2017,7,1,64637
2017,6,30,75413
2017,6,29,74958
2017,6,28,74442
2017,6,27,73199
2017,6,26,73186
2017,6,25,58182
2017,6,24,63296
2017,6,23,75077
2017,6,22,73196
2017,6,21,73408
2017,6,20,73961
2017,6,19,72473
2017,6,18,57785
2017,6,17,61261
2017,6,16,71332
2017,6,15,70246
2017,6,14,68179
2017,6,13,68006
2017,6,12,66895
2017,6,11,55233
2017,6,10,58759
2017,6,9,67241
2017,6,8,66753
2017,6,7,67008
2017,6,6,61087
2017,6,5,65530
2017,6,4,54654
2017,6,3,56898
2017,6,2,65633
2017,6,1,68853
2017,5,31,69234
2017,5,30,69887
2017,5,29,69854
2017,5,28,55277
2017,5,27,56633
2017,5,26,64402
2017,5,25,67007
2017,5,24,67810
2017,5,23,67772
2017,5,22,67482
2017,5,21,55580
2017,5,20,58028
2017,5,19,66619
2017,5,18,66176
2017,5,17,65506
2017,5,16,64434
2017,5,15,64452
2017,5,14,54246
2017,5,13,57892
2017,5,12,66500
2017,5,11,65315
2017,5,10,65137
2017,5,9,61163
2017,5,8,63803
2017,5,7,53449
2017,5,6,53271
2017,5,5,56195
2017,5,4,60366
2017,5,3,58991
2017,5,2,62100
2017,5,1,56790
2017,4,30,54163
2017,4,29,55507
2017,4,28,62861
2017,4,27,63751
2017,4,26,63329
2017,4,25,64533
2017,4,24,63820
2017,4,23,54420
2017,4,22,56424
2017,4,21,63284
2017,4,20,65335
2017,4,19,62985
2017,4,18,65101
2017,4,17,66355
2017,4,16,54282
2017,4,15,55961
2017,4,14,64493
2017,4,13,64430
2017,4,12,64262
2017,4,11,65921
2017,4,10,63993
2017,4,9,54617
2017,4,8,56759
2017,4,7,65396
2017,4,6,69129
2017,4,5,68200
2017,4,4,65973
2017,4,3,65686
2017,4,2,56420
2017,4,1,59219
2017,3,31,68976
2017,3,30,67807
2017,3,29,69891
2017,3,28,70060
2017,3,27,70135
2017,3,26,57467
2017,3,25,61395
2017,3,24,69257
2017,3,23,69549
2017,3,22,70170
2017,3,21,68210
2017,3,20,69809
2017,3,19,56890
2017,3,18,61921
2017,3,17,70322
2017,3,16,70775
2017,3,15,71134
2017,3,14,70674
2017,3,13,70385
2017,3,12,57589
2017,3,11,62468
2017,3,10,73349
2017,3,9,74556
2017,3,8,76634
2017,3,7,76756
2017,3,6,73396
2017,3,5,58780
2017,3,4,62651
2017,3,3,74262
2017,3,2,75921
2017,3,1,64523
2017,2,28,73617
2017,2,27,73564
2017,2,26,60444
2017,2,25,64596
2017,2,24,75970
2017,2,23,75909
2017,2,22,78523
2017,2,21,77149
2017,2,20,76063
2017,2,19,61553
2017,2,18,65574
2017,2,17,74358
2017,2,16,75604
2017,2,15,77770
2017,2,14,78279
2017,2,13,79050
2017,2,12,64047
2017,2,11,69363
2017,2,10,81268
2017,2,9,80002
2017,2,8,79274
2017,2,7,80163
2017,2,6,78251
2017,2,5,62577
2017,2,4,67533
2017,2,3,78232
2017,2,2,80243
2017,2,1,80173
2017,1,31,77034
2017,1,30,62634
2017,1,29,57667
2017,1,28,56442
2017,1,27,62908
2017,1,26,78670
2017,1,25,81686
2017,1,24,82884
2017,1,23,83657
2017,1,22,66749
2017,1,21,71225
2017,1,20,81765
2017,1,19,80171
2017,1,18,79959
2017,1,17,81681
2017,1,16,80790
2017,1,15,66021
2017,1,14,69894
2017,1,13,80079
2017,1,12,78403
2017,1,11,78898
2017,1,10,76690
2017,1,9,75090
2017,1,8,59058
2017,1,7,64879
2017,1,6,74060
2017,1,5,76304
2017,1,4,75778
2017,1,3,75471
2017,1,2,72901
2017,1,1,59234
2016,12,31,63693
2016,12,30,76199
2016,12,29,77900
2016,12,28,77863
2016,12,27,76864
2016,12,26,77204
2016,12,25,61186
2016,12,24,66078
2016,12,23,77048
2016,12,22,73690
2016,12,21,74306
2016,12,20,74281
2016,12,19,76506
2016,12,18,61057
2016,12,17,67116
2016,12,16,79966
2016,12,15,78945
2016,12,14,77634
2016,12,13,76461
2016,12,12,77426
2016,12,11,61800
2016,12,10,65024
2016,12,9,73993
2016,12,8,76313
2016,12,7,76917
2016,12,6,74652
2016,12,5,72596
2016,12,4,58853
2016,12,3,62882
2016,12,2,73589
2016,12,1,72598
2016,11,30,74959
2016,11,29,74756
2016,11,28,73520
2016,11,27,59455
2016,11,26,66203
2016,11,25,73611
2016,11,24,74022
2016,11,23,72066
2016,11,22,71284
2016,11,21,68476
2016,11,20,55821
2016,11,19,60212
2016,11,18,67877
2016,11,17,67768
2016,11,16,68765
2016,11,15,67832
2016,11,14,66834
2016,11,13,55217
2016,11,12,58495
2016,11,11,67352
2016,11,10,69906
2016,11,9,67885
2016,11,8,68309
2016,11,7,65572
2016,11,6,55010
2016,11,5,58041
2016,11,4,67038
2016,11,3,63626
2016,11,2,68711
2016,11,1,68949
2016,10,31,68282
2016,10,30,54656
2016,10,29,58250
2016,10,28,65408
2016,10,27,65786
2016,10,26,64893
2016,10,25,66171
2016,10,24,65420
2016,10,23,54151
2016,10,22,57118
2016,10,21,64898
2016,10,20,66271
2016,10,19,65157
2016,10,18,66241
2016,10,17,65430
2016,10,16,54441
2016,10,15,56484
2016,10,14,64400
2016,10,13,65420
2016,10,12,64249
2016,10,11,65143
2016,10,10,64320
2016,10,9,53219
2016,10,8,58538
2016,10,7,66082
2016,10,6,65864
2016,10,5,66398
2016,10,4,68076
2016,10,3,59881
2016,10,2,54396
2016,10,1,57724
2016,9,30,65346
2016,9,29,66486
2016,9,28,68539
2016,9,27,69576
2016,9,26,68737
2016,9,25,55864
2016,9,24,59413
2016,9,23,67087
2016,9,22,66526
2016,9,21,65243
2016,9,20,65571
2016,9,19,66807
2016,9,18,55063
2016,9,17,52183
2016,9,16,51254
2016,9,15,48036
2016,9,14,50931
2016,9,13,67051
2016,9,12,70245
2016,9,11,59361
2016,9,10,64267
2016,9,9,72942
2016,9,8,72779
2016,9,7,74096
2016,9,6,74763
2016,9,5,75299
2016,9,4,59979
2016,9,3,62793
2016,9,2,70674
2016,9,1,72151
2016,8,31,66093
2016,8,30,66987
2016,8,29,67384
2016,8,28,55005
2016,8,27,61325
2016,8,26,71673
2016,8,25,81780
2016,8,24,81362
2016,8,23,82564
2016,8,22,83731
2016,8,21,67470
2016,8,20,72886
2016,8,19,82770
2016,8,18,83742
2016,8,17,83296
2016,8,16,83068
2016,8,15,71947
2016,8,14,67993
2016,8,13,74429
2016,8,12,85183
2016,8,11,84974
2016,8,10,83123
2016,8,9,82724
2016,8,8,83700
2016,8,7,67510
2016,8,6,71602
2016,8,5,77573
2016,8,4,75694
2016,8,3,69613
2016,8,2,68743
2016,8,1,68944
2016,7,31,64469
2016,7,30,66669
2016,7,29,76408
2016,7,28,79547
2016,7,27,80482
2016,7,26,81110
2016,7,25,80215
2016,7,24,65790
2016,7,23,69122
2016,7,22,77815
2016,7,21,76366
2016,7,20,76667
2016,7,19,75150
2016,7,18,71810
2016,7,17,57401
2016,7,16,62859
2016,7,15,74767
2016,7,14,76203
2016,7,13,76326
2016,7,12,76630
2016,7,11,78197
2016,7,10,61203
2016,7,9,66515
2016,7,8,74997
2016,7,7,73086
2016,7,6,71949
2016,7,5,72993
2016,7,4,69487
2016,7,3,56509
2016,7,2,61952
2016,7,1,72275
2016,6,30,72528
2016,6,29,71556
2016,6,28,71431
2016,6,27,70520
2016,6,26,56370
2016,6,25,59406
2016,6,24,70325
2016,6,23,72816
2016,6,22,72340
2016,6,21,72018
2016,6,20,71333
2016,6,19,57111
2016,6,18,61326
2016,6,17,69037
2016,6,16,67964
2016,6,15,68154
2016,6,14,69628
2016,6,13,69342
2016,6,12,56360
2016,6,11,61226
2016,6,10,69908
2016,6,9,68792
2016,6,8,67384
2016,6,7,66902
2016,6,6,58231
2016,6,5,54852
2016,6,4,58332
2016,6,3,67242
2016,6,2,67243
2016,6,1,66550
2016,5,31,68011
2016,5,30,67467
2016,5,29,54762
2016,5,28,66831
2016,5,27,66831
2016,5,26,66201
2016,5,25,65014
2016,5,24,65836
2016,5,23,66919
2016,5,22,54753
2016,5,21,57439
2016,5,20,66044
2016,5,19,66331
2016,5,18,64944
2016,5,17,63763
2016,5,16,62267
2016,5,15,53811
2016,5,14,55611
2016,5,13,63059
2016,5,12,63305
2016,5,11,62605
2016,5,10,64634
2016,5,9,63579
2016,5,8,52557
2016,5,7,53034
2016,5,6,57534
2016,5,5,56793
2016,5,4,60799
2016,5,3,64682
2016,5,2,63788
2016,5,1,52528
2016,4,30,54824
2016,4,29,61635
2016,4,28,62761
2016,4,27,64566
2016,4,26,63140
2016,4,25,61770
2016,4,24,53148
2016,4,23,56709
2016,4,22,62611
2016,4,21,65489
2016,4,20,63040
2016,4,19,63025
2016,4,18,63016
2016,4,17,53629
2016,4,16,56605
2016,4,15,62730
2016,4,14,61592
2016,4,13,61592
2016,4,12,63629
2016,4,11,63842
2016,4,10,53991
2016,4,9,56897
2016,4,8,64364
2016,4,7,65765
2016,4,6,63973
2016,4,5,63821
2016,4,4,64622
2016,4,3,54758
2016,4,2,56000
2016,4,1,63321
2016,3,31,65372
2016,3,30,65286
2016,3,29,66996
2016,3,28,66453
2016,3,27,56066
2016,3,26,59204
2016,3,25,67803
2016,3,24,67411
2016,3,23,66518
2016,3,22,66468
2016,3,21,65976
2016,3,20,55692
2016,3,19,59798
2016,3,18,68855
2016,3,17,68585
2016,3,16,70048
2016,3,15,71249
2016,3,14,71811
2016,3,13,58472
2016,3,12,63026
2016,3,11,73355
2016,3,10,73534
2016,3,9,73394
2016,3,8,71496
2016,3,7,68654
2016,3,6,56541
2016,3,5,61088
2016,3,4,71181
2016,3,3,73339
2016,3,2,75697
2016,3,1,65659
2016,2,29,75081
2016,2,28,60454
2016,2,27,62835
2016,2,26,74143
2016,2,25,74692
2016,2,24,74895
2016,2,23,73020
2016,2,22,75055
2016,2,21,61244
2016,2,20,63910
2016,2,19,73525
2016,2,18,74491
2016,2,17,75386
2016,2,16,77048
2016,2,15,76750
2016,2,14,62099
2016,2,13,63690
2016,2,12,72165
2016,2,11,71422
2016,2,10,58442
2016,2,9,56144
2016,2,8,54354
2016,2,7,60053
2016,2,6,64785
2016,2,5,76775
2016,2,4,78046
2016,2,3,79833
2016,2,2,80020
2016,2,1,79041
2016,1,31,63782
2016,1,30,67071
2016,1,29,78730
2016,1,28,80274
2016,1,27,79191
2016,1,26,81877
2016,1,25,82811
2016,1,24,67807
2016,1,23,71326
2016,1,22,80802
2016,1,21,82972
2016,1,20,81861
2016,1,19,82123
2016,1,18,78462
2016,1,17,61528
2016,1,16,66852
2016,1,15,77494
2016,1,14,78269
2016,1,13,78819
2016,1,12,78291
2016,1,11,76764
2016,1,10,61698
2016,1,9,66036
2016,1,8,76982
2016,1,7,76531
2016,1,6,76602
2016,1,5,76909
2016,1,4,71516
2016,1,3,58280
2016,1,2,58562
2016,1,1,59662
2015,12,31,69887
2015,12,30,74257
2015,12,29,76087
2015,12,28,75834
2015,12,27,61544
2015,12,26,61301
2015,12,25,62658
2015,12,24,72706
2015,12,23,72896
2015,12,22,74781
2015,12,21,75526
2015,12,20,60678
2015,12,19,65145
2015,12,18,77282
2015,12,17,76340
2015,12,16,73369
2015,12,15,71928
2015,12,14,71845
2015,12,13,58055
2015,12,12,61903
2015,12,11,71554
2015,12,10,72052
2015,12,9,73300
2015,12,8,73169
2015,12,7,73760
2015,12,6,59924
2015,12,5,62921
2015,12,4,74655
2015,12,3,73871
2015,12,2,71955
2015,12,1,72117
2015,11,30,70678
2015,11,29,58656
2015,11,28,63822
2015,11,27,73965
2015,11,26,73301
2015,11,25,70103
2015,11,24,67791
2015,11,23,66940
2015,11,22,54692
2015,11,21,58603
2015,11,20,65527
2015,11,19,66358
2015,11,18,66812
2015,11,17,65056
2015,11,16,65914
2015,11,15,54480
2015,11,14,57776
2015,11,13,66214
2015,11,12,64451
2015,11,11,64221
2015,11,10,65234
2015,11,9,65021
2015,11,8,54098
2015,11,7,58830
2015,11,6,63785
2015,11,5,63626
2015,11,4,64007
2015,11,3,64524
2015,11,2,64439
2015,11,1,54224
2015,10,31,56721
2015,10,30,64239
2015,10,29,64520
2015,10,28,63356
2015,10,27,64385
2015,10,26,63891
2015,10,25,52758
2015,10,24,55946
2015,10,23,63199
2015,10,22,64211
2015,10,21,64102
2015,10,20,65040
2015,10,19,64033
2015,10,18,53494
2015,10,17,56043
2015,10,16,63790
2015,10,15,64576
2015,10,14,63625
2015,10,13,63812
2015,10,12,63312
2015,10,11,52812
2015,10,10,54244
2015,10,9,58063
2015,10,8,63497
2015,10,7,64311
2015,10,6,64572
2015,10,5,63691
2015,10,4,53269
2015,10,3,55982
2015,10,2,62303
2015,10,1,65322
2015,9,30,61103
2015,9,29,52106
2015,9,28,47846
2015,9,27,44389
2015,9,26,49043
2015,9,25,62960
2015,9,24,67067
2015,9,23,66815
2015,9,22,68297
2015,9,21,67755
2015,9,20,55707
2015,9,19,59505
2015,9,18,66562
2015,9,17,66608
2015,9,16,66232
2015,9,15,66393
2015,9,14,66672
2015,9,13,53986
2015,9,12,59147
2015,9,11,67735
2015,9,10,67993
2015,9,9,67573
2015,9,8,67206
2015,9,7,68207
2015,9,6,55172
2015,9,5,62551
2015,9,4,72121
2015,9,3,71937
2015,9,2,72236
2015,9,1,72991
2015,8,31,72639
2015,8,30,57913
2015,8,29,62100
2015,8,28,70617
2015,8,27,69840
2015,8,26,67939
2015,8,25,68423
2015,8,24,73542
2015,8,23,59361
2015,8,22,64772
2015,8,21,72231
2015,8,20,74079
2015,8,19,75218
2015,8,18,75600
2015,8,17,74469
2015,8,16,59581
2015,8,15,64512
2015,8,14,69377
2015,8,13,74160
2015,8,12,73511
2015,8,11,76028
2015,8,10,76504
2015,8,9,62661
2015,8,8,69683
2015,8,7,76916
2015,8,6,75159
2015,8,5,69924
2015,8,4,67177
2015,8,3,65735
2015,8,2,60346
2015,8,1,62162
2015,7,31,74429
2015,7,30,76696
2015,7,29,74624
2015,7,28,76179
2015,7,27,73976
2015,7,26,60454
2015,7,25,64202
2015,7,24,71742
2015,7,23,75266
2015,7,22,74740
2015,7,21,73302
2015,7,20,72128
2015,7,19,57172
2015,7,18,60151
2015,7,17,67045
2015,7,16,69032
2015,7,15,73691
2015,7,14,72249
2015,7,13,67906
2015,7,12,57062
2015,7,11,65687
2015,7,10,71612
2015,7,9,69524
2015,7,8,67481
2015,7,7,67267
2015,7,6,68718
2015,7,5,54730
2015,7,4,58508
2015,7,3,67572
2015,7,2,68058
2015,7,1,67370
2015,6,30,68545
2015,6,29,69381
2015,6,28,55007
2015,6,27,59267
2015,6,26,66006
2015,6,25,68538
2015,6,24,69882
2015,6,23,69046
2015,6,22,67716
2015,6,21,54945
2015,6,20,59363
2015,6,19,68273
2015,6,18,68456
2015,6,17,68766
2015,6,16,69508
2015,6,15,69112
2015,6,14,55037
2015,6,13,60698
2015,6,12,67843
2015,6,11,67071
2015,6,10,68573
2015,6,9,66364
2015,6,8,65474
2015,6,7,53713
2015,6,6,56114
2015,6,5,63284
2015,6,4,66264
2015,6,3,65327
2015,6,2,66172
2015,6,1,65718
2015,5,31,53681
2015,5,30,58526
2015,5,29,67107
2015,5,28,66923
2015,5,27,66092
2015,5,26,65143
2015,5,25,56379
2015,5,24,51931
2015,5,23,56701
2015,5,22,63627
2015,5,21,63145
2015,5,20,62147
2015,5,19,63092
2015,5,18,62864
2015,5,17,52474
2015,5,16,56217
2015,5,15,64069
2015,5,14,63827
2015,5,13,62025
2015,5,12,61499
2015,5,11,62407
2015,5,10,52096
2015,5,9,55800
2015,5,8,62005
2015,5,7,61489
2015,5,6,61056
2015,5,5,55179
2015,5,4,57053
2015,5,3,51611
2015,5,2,53086
2015,5,1,54959
2015,4,30,62204
2015,4,29,62500
2015,4,28,62730
2015,4,27,61897
2015,4,26,52441
2015,4,25,55101
2015,4,24,61939
2015,4,23,62522
2015,4,22,62719
2015,4,21,63196
2015,4,20,65618
2015,4,19,54102
2015,4,18,56800
2015,4,17,63104
2015,4,16,65211
2015,4,15,65086
2015,4,14,65786
2015,4,13,64956
2015,4,12,54000
2015,4,11,64409
2015,4,10,64409
2015,4,9,65751
2015,4,8,66582
2015,4,7,66436
2015,4,6,65749
2015,4,5,54596
2015,4,4,56498
2015,4,3,65030
2015,4,2,64708
2015,4,1,65584
2015,3,31,65746
2015,3,30,63670
2015,3,29,54591
2015,3,28,57762
2015,3,27,66385
2015,3,26,66899
2015,3,25,67829
2015,3,24,67669
2015,3,23,66568
2015,3,22,55520
2015,3,21,57464
2015,3,20,66148
2015,3,19,66798
2015,3,18,68802
2015,3,17,68242
2015,3,16,69413
2015,3,15,57815
2015,3,14,61622
2015,3,13,71828
2015,3,12,72718
2015,3,11,73483
2015,3,10,75375
2015,3,9,70053
2015,3,8,57792
2015,3,7,62615
2015,3,6,73317
2015,3,5,74289
2015,3,4,74800
2015,3,3,74129
2015,3,2,71982
2015,3,1,59786
2015,2,28,64908
2015,2,27,73371
2015,2,26,70678
2015,2,25,71105
2015,2,24,71195
2015,2,23,71663
2015,2,22,57926
2015,2,21,54759
2015,2,20,52756
2015,2,19,52266
2015,2,18,58143
2015,2,17,69509
2015,2,16,72707
2015,2,15,60953
2015,2,14,66381
2015,2,13,75325
2015,2,12,74263
2015,2,11,74650
2015,2,10,75019
2015,2,9,78790
2015,2,8,64160
2015,2,7,66074
2015,2,6,75326
2015,2,5,75568
2015,2,4,75795
2015,2,3,76039
2015,2,2,76071
2015,2,1,61909
2015,1,31,66124
2015,1,30,75223
2015,1,29,76407
2015,1,28,76557
2015,1,27,74412
2015,1,26,73232
2015,1,25,60041
2015,1,24,64081
2015,1,23,73957
2015,1,22,73723
2015,1,21,75544
2015,1,20,76235
2015,1,19,74564
2015,1,18,62801
2015,1,17,66531
2015,1,16,75615
2015,1,15,74662
2015,1,14,76363
2015,1,13,77150
2015,1,12,76899
2015,1,11,62260
2015,1,10,66147
2015,1,9,77107
2015,1,8,77796
2015,1,7,77597
2015,1,6,74547
2015,1,5,75118
2015,1,4,61203
2015,1,3,64079
2015,1,2,69797
2015,1,1,61739
2014,12,31,71745
2014,12,30,72542
2014,12,29,74198
2014,12,28,61769
2014,12,27,65458
2014,12,26,74911
2014,12,25,65667
2014,12,24,74969
2014,12,23,77981
2014,12,22,79156
2014,12,21,64686
2014,12,20,67176
2014,12,19,79619
2014,12,18,78892
2014,12,17,80154
2014,12,16,77950
2014,12,15,77587
2014,12,14,63231
2014,12,13,66955
2014,12,12,76682
2014,12,11,74831
2014,12,10,75726
2014,12,9,76994
2014,12,8,75976
2014,12,7,62896
2014,12,6,67124
2014,12,5,75608
2014,12,4,74965
2014,12,3,74641
2014,12,2,74227
2014,12,1,72007
2014,11,30,55881
2014,11,29,58884
2014,11,28,68433
2014,11,27,67129
2014,11,26,67069
2014,11,25,67793
2014,11,24,68325
2014,11,23,56032
2014,11,22,59676
2014,11,21,67839
2014,11,20,67975
2014,11,19,69334
2014,11,18,68121
2014,11,17,67858
2014,11,16,56052
2014,11,15,60196
2014,11,14,68655
2014,11,13,69007
2014,11,12,65941
2014,11,11,64580
2014,11,10,64539
2014,11,9,54438
2014,11,8,57532
2014,11,7,63578
2014,11,6,64014
2014,11,5,63214
2014,11,4,64057
2014,11,3,63871
2014,11,2,53691
2014,11,1,56233
2014,10,31,64278
2014,10,30,64653
2014,10,29,63902
2014,10,28,64811
2014,10,27,64128
2014,10,26,53111
2014,10,25,56092
2014,10,24,63436
2014,10,23,64120
2014,10,22,63487
2014,10,21,64634
2014,10,20,64184
2014,10,19,53074
2014,10,18,55517
2014,10,17,62550
2014,10,16,63575
2014,10,15,62626
2014,10,14,63399
2014,10,13,62685
2014,10,12,52890
2014,10,11,54877
2014,10,10,62372
2014,10,9,59045
2014,10,8,61945
2014,10,7,63184
2014,10,6,62404
2014,10,5,51715
2014,10,4,53248
2014,10,3,56747
2014,10,2,62948
2014,10,1,62630
2014,9,30,63847
2014,9,29,65058
2014,9,28,54241
2014,9,27,57263
2014,9,26,64274
2014,9,25,65682
2014,9,24,64878
2014,9,23,65404
2014,9,22,65691
2014,9,21,53797
2014,9,20,57366
2014,9,19,64544
2014,9,18,64944
2014,9,17,65050
2014,9,16,66507
2014,9,15,66972
2014,9,14,55020
2014,9,13,59351
2014,9,12,65955
2014,9,11,65262
2014,9,10,54015
2014,9,9,47665
2014,9,8,44934
2014,9,7,48762
2014,9,6,55141
2014,9,5,67144
2014,9,4,68156
2014,9,3,67408
2014,9,2,67961
2014,9,1,69406
2014,8,31,55541
2014,8,30,60855
2014,8,29,68468
2014,8,28,68404
2014,8,27,68670
2014,8,26,70689
2014,8,25,69048
2014,8,24,57285
2014,8,23,62159
2014,8,22,68320
2014,8,21,68283
2014,8,20,68596
2014,8,19,67191
2014,8,18,66232
2014,8,17,55046
2014,8,16,59837
2014,8,15,61600
2014,8,14,65015
2014,8,13,68662
2014,8,12,69977
2014,8,11,67540
2014,8,10,54596
2014,8,9,59207
2014,8,8,64948
2014,8,7,64831
2014,8,6,66074
2014,8,5,65788
2014,8,4,62294
2014,8,3,57167
2014,8,2,60964
2014,8,1,68690
2014,7,31,72870
2014,7,30,72841
2014,7,29,70243
2014,7,28,70263
2014,7,27,57555
2014,7,26,63452
2014,7,25,76054
2014,7,24,71947
2014,7,23,71830
2014,7,22,73590
2014,7,21,74839
2014,7,20,60592
2014,7,19,65090
2014,7,18,71605
2014,7,17,71498
2014,7,16,72607
2014,7,15,72611
2014,7,14,72580
2014,7,13,57026
2014,7,12,63830
2014,7,11,72310
2014,7,10,73566
2014,7,9,72676
2014,7,8,70523
2014,7,7,69831
2014,7,6,54855
2014,7,5,61356
2014,7,4,68944
2014,7,3,66535
2014,7,2,70518
2014,7,1,71029
2014,6,30,69801
2014,6,29,55503
2014,6,28,61010
2014,6,27,68262
2014,6,26,68774
2014,6,25,67542
2014,6,24,66595
2014,6,23,65547
2014,6,22,53722
2014,6,21,59988
2014,6,20,67428
2014,6,19,66800
2014,6,18,67769
2014,6,17,67326
2014,6,16,66777
2014,6,15,53962
2014,6,14,58813
2014,6,13,64400
2014,6,12,64857
2014,6,11,65006
2014,6,10,66163
2014,6,9,64907
2014,6,8,52889
2014,6,7,55666
2014,6,6,58717
2014,6,5,63187
2014,6,4,61469
2014,6,3,63465
2014,6,2,64375
2014,6,1,54570
2014,5,31,60914
2014,5,30,67424
2014,5,29,66574
2014,5,28,65865
2014,5,27,64420
2014,5,26,62708
2014,5,25,52266
2014,5,24,57838
2014,5,23,63549
2014,5,22,63560
2014,5,21,62891
2014,5,20,63090
2014,5,19,62956
2014,5,18,52446
2014,5,17,56689
2014,5,16,62471
2014,5,15,62172
2014,5,14,62471
2014,5,13,62149
2014,5,12,61216
2014,5,11,52256
2014,5,10,56582
2014,5,9,60847
2014,5,8,61820
2014,5,7,59921
2014,5,6,54460
2014,5,5,52425
2014,5,4,50506
2014,5,3,52592
2014,5,2,58473
2014,5,1,55782
2014,4,30,61294
2014,4,29,62173
2014,4,28,62596
2014,4,27,52100
2014,4,26,55806
2014,4,25,61166
2014,4,24,61546
2014,4,23,60966
2014,4,22,61699
2014,4,21,61312
2014,4,20,52591
2014,4,19,57447
2014,4,18,62898
2014,4,17,63069
2014,4,16,61956
2014,4,15,62333
2014,4,14,62272
2014,4,13,53026
2014,4,12,57820
2014,4,11,63314
2014,4,10,63345
2014,4,9,63343
2014,4,8,63010
2014,4,7,63722
2014,4,6,54598
2014,4,5,57527
2014,4,4,63757
2014,4,3,63504
2014,4,2,61890
2014,4,1,62418
2014,3,31,62487
2014,3,30,53354
2014,3,29,58164
2014,3,28,62413
2014,3,27,64011
2014,3,26,64149
2014,3,25,64482
2014,3,24,64545
2014,3,23,55419
2014,3,22,59838
2014,3,21,67809
2014,3,20,67400
2014,3,19,66737
2014,3,18,65543
2014,3,17,65809
2014,3,16,55703
2014,3,15,61734
2014,3,14,68928
2014,3,13,70934
2014,3,12,70836
2014,3,11,70922
2014,3,10,71629
2014,3,9,58998
2014,3,8,63537
2014,3,7,72167
2014,3,6,71384
2014,3,5,70162
2014,3,4,69932
2014,3,3,68575
2014,3,2,56807
2014,3,1,58850
2014,2,28,67179
2014,2,27,67342
2014,2,26,69420
2014,2,25,69583
2014,2,24,69972
2014,2,23,58631
2014,2,22,62750
2014,2,21,71428
2014,2,20,71641
2014,2,19,71872
2014,2,18,71120
2014,2,17,70900
2014,2,16,58797
2014,2,15,62944
2014,2,14,72398
2014,2,13,73371
2014,2,12,73302
2014,2,11,73982
2014,2,10,74404
2014,2,9,60604
2014,2,8,65220
2014,2,7,74297
2014,2,6,76274
2014,2,5,77295
2014,2,4,75443
2014,2,3,68620
2014,2,2,53374
2014,2,1,51521
2014,1,31,51068
2014,1,30,56440
2014,1,29,69659
2014,1,28,71539
2014,1,27,73444
2014,1,26,61182
2014,1,25,64359
2014,1,24,73391
2014,1,23,75362
2014,1,22,76306
2014,1,21,76751
2014,1,20,75282
2014,1,19,62682
2014,1,18,66275
2014,1,17,75359
2014,1,16,75473
2014,1,15,75939
2014,1,14,76442
2014,1,13,76173
2014,1,12,62125
2014,1,11,65783
2014,1,10,76389
2014,1,9,75555
2014,1,8,73029
2014,1,7,73338
2014,1,6,72948
2014,1,5,59580
2014,1,4,62599
2014,1,3,71195
2014,1,2,68868
2014,1,1,57526
2013,12,31,67916
2013,12,30,71415
2013,12,29,61896
2013,12,28,65478
2013,12,27,74675
2013,12,26,73961
2013,12,25,63668
2013,12,24,74501
2013,12,23,73629
2013,12,22,61367
2013,12,21,65438
2013,12,20,74935
2013,12,19,74118
2013,12,18,72991
2013,12,17,75108
2013,12,16,75681
2013,12,15,60957
2013,12,14,64733
2013,12,13,73917
2013,12,12,72898
2013,12,11,71706
2013,12,10,70932
2013,12,9,71012
2013,12,8,57802
2013,12,7,61430
2013,12,6,69939
2013,12,5,69964
2013,12,4,70241
2013,12,3,69642
2013,12,2,69941
2013,12,1,57856
2013,11,30,62184
2013,11,29,72472
2013,11,28,72686
2013,11,27,71192
2013,11,26,69943
2013,11,25,69053
2013,11,24,56221
2013,11,23,60420
2013,11,22,68915
2013,11,21,69400
2013,11,20,69837
2013,11,19,69483
2013,11,18,69316
2013,11,17,56018
2013,11,16,58986
2013,11,15,65666
2013,11,14,67082
2013,11,13,66150
2013,11,12,66426
2013,11,11,65865
2013,11,10,54144
2013,11,9,55968
2013,11,8,62796
2013,11,7,62671
2013,11,6,62657
2013,11,5,62668
2013,11,4,62623
2013,11,3,52359
2013,11,2,55557
2013,11,1,61066
2013,10,31,63329
2013,10,30,62824
2013,10,29,63926
2013,10,28,63155
2013,10,27,51788
2013,10,26,54801
2013,10,25,62398
2013,10,24,62777
2013,10,23,62185
2013,10,22,62822
2013,10,21,62099
2013,10,20,51487
2013,10,19,55528
2013,10,18,61911
2013,10,17,62394
2013,10,16,61498
2013,10,15,62574
2013,10,14,62685
2013,10,13,51494
2013,10,12,54568
2013,10,11,62118
2013,10,10,64136
2013,10,9,59766
2013,10,8,64075
2013,10,7,64911
2013,10,6,53017
2013,10,5,55667
2013,10,4,61182
2013,10,3,57222
2013,10,2,62685
2013,10,1,63532
2013,9,30,62764
2013,9,29,52725
2013,9,28,56668
2013,9,27,61263
2013,9,26,61708
2013,9,25,63041
2013,9,24,65765
2013,9,23,64919
2013,9,22,52637
2013,9,21,50913
2013,9,20,47235
2013,9,19,44095
2013,9,18,47703
2013,9,17,60397
2013,9,16,62839
2013,9,15,55438
2013,9,14,61174
2013,9,13,67689
2013,9,12,66213
2013,9,11,66061
2013,9,10,65504
2013,9,9,65106
2013,9,8,53099
2013,9,7,57341
2013,9,6,62697
2013,9,5,63323
2013,9,4,64303
2013,9,3,63488
2013,9,2,65238
2013,9,1,54172
2013,8,31,59493
2013,8,30,68095
2013,8,29,69623
2013,8,28,69475
2013,8,27,69286
2013,8,26,69003
2013,8,25,56316
2013,8,24,63061
2013,8,23,70527
2013,8,22,73657
2013,8,21,73266
2013,8,20,73315
2013,8,19,74015
2013,8,18,62710
2013,8,17,67118
2013,8,16,73216
2013,8,15,69027
2013,8,14,72501
2013,8,13,72615
2013,8,12,73302
2013,8,11,62837
2013,8,10,67476
2013,8,9,73600
2013,8,8,73819
2013,8,7,71825
2013,8,6,68852
2013,8,5,67856
2013,8,4,58813
2013,8,3,59182
2013,8,2,62649
2013,8,1,63959
2013,7,31,65764
2013,7,30,67939
2013,7,29,68634
2013,7,28,58219
2013,7,27,62688
2013,7,26,70324
2013,7,25,69868
2013,7,24,69230
2013,7,23,70119
2013,7,22,71648
2013,7,21,59289
2013,7,20,64473
2013,7,19,72112
2013,7,18,71257
2013,7,17,70143
2013,7,16,71529
2013,7,15,71101
2013,7,14,56534
2013,7,13,62633
2013,7,12,69699
2013,7,11,70155
2013,7,10,69934
2013,7,9,69627
2013,7,8,68800
2013,7,7,55795
2013,7,6,61321
2013,7,5,68039
2013,7,4,69137
2013,7,3,69222
2013,7,2,69401
2013,7,1,68943
2013,6,30,55838
2013,6,29,60959
2013,6,28,68422
2013,6,27,68472
2013,6,26,67914
2013,6,25,67878
2013,6,24,67212
2013,6,23,52918
2013,6,22,60744
2013,6,21,67030
2013,6,20,67488
2013,6,19,67156
2013,6,18,66929
2013,6,17,66566
2013,6,16,53717
2013,6,15,60427
2013,6,14,66475
2013,6,13,66272
2013,6,12,64819
2013,6,11,65850
2013,6,10,66076
2013,6,9,53036
2013,6,8,58352
2013,6,7,63441
2013,6,6,60606
2013,6,5,63384
2013,6,4,63185
2013,6,3,62596
2013,6,2,51697
2013,6,1,55168
2013,5,31,61677
2013,5,30,61737
2013,5,29,62090
2013,5,28,63029
2013,5,27,62576
2013,5,26,51923
2013,5,25,57270
2013,5,24,61928
2013,5,23,61462
2013,5,22,60558
2013,5,21,59595
2013,5,20,59795
2013,5,19,50511
2013,5,18,52401
2013,5,17,54382
2013,5,16,60111
2013,5,15,61018
2013,5,14,60873
2013,5,13,60757
2013,5,12,50776
2013,5,11,53938
2013,5,10,60692
2013,5,9,60325
2013,5,8,59488
2013,5,7,59475
2013,5,6,58827
2013,5,5,50753
2013,5,4,53102
2013,5,3,59617
2013,5,2,59465
2013,5,1,54401
2013,4,30,59710
2013,4,29,60584
2013,4,28,51398
2013,4,27,54274
2013,4,26,60659
2013,4,25,61275
2013,4,24,59889
2013,4,23,62169
2013,4,22,60892
2013,4,21,53250
2013,4,20,58619
2013,4,19,61310
2013,4,18,61778
2013,4,17,62189
2013,4,16,61632
2013,4,15,63318
2013,4,14,53790
2013,4,13,56491
2013,4,12,63704
2013,4,11,64092
2013,4,10,64054
2013,4,9,64098
2013,4,8,63306
2013,4,7,54491
2013,4,6,57295
2013,4,5,60601
2013,4,4,62740
2013,4,3,63906
2013,4,2,64872
2013,4,1,63611
2013,3,31,54007
2013,3,30,56973
2013,3,29,63768
2013,3,28,63891
2013,3,27,64627
2013,3,26,66106
2013,3,25,65718
2013,3,24,54589
2013,3,23,58514
2013,3,22,66964
2013,3,21,67159
2013,3,20,65952
2013,3,19,64275
2013,3,18,64038
2013,3,17,54585
2013,3,16,58869
2013,3,15,66752
2013,3,14,66346
2013,3,13,66668
2013,3,12,66052
2013,3,11,66073
2013,3,10,55328
2013,3,9,57125
2013,3,8,66335
2013,3,7,66035
2013,3,6,68551
2013,3,5,69252
2013,3,4,69653
2013,3,3,57568
2013,3,2,60144
2013,3,1,61639
2013,2,28,66378
2013,2,27,66919
2013,2,26,69758
2013,2,25,69513
2013,2,24,59503
2013,2,23,62773
2013,2,22,70240
2013,2,21,71294
2013,2,20,71826
2013,2,19,71243
2013,2,18,70278
2013,2,17,59718
2013,2,16,63952
2013,2,15,69697
2013,2,14,71414
2013,2,13,70551
2013,2,12,62525
2013,2,11,56338
2013,2,10,54678
2013,2,9,62468
2013,2,8,74196
2013,2,7,73964
2013,2,6,70985
2013,2,5,72515
2013,2,4,70352
2013,2,3,60333
2013,2,2,62234
2013,2,1,67350
2013,1,31,69136
2013,1,30,70366
2013,1,29,72309
2013,1,28,73589
2013,1,27,63092
2013,1,26,66011
2013,1,25,73340
2013,1,24,70895
2013,1,23,70555
2013,1,22,70439
2013,1,21,71696
2013,1,20,61013
2013,1,19,64737
2013,1,18,74135
2013,1,17,73613
2013,1,16,72808
2013,1,15,73364
2013,1,14,72869
2013,1,13,61334
2013,1,12,65458
2013,1,11,75583
2013,1,10,75570
2013,1,9,75609
2013,1,8,75220
2013,1,7,75383
2013,1,6,64147
2013,1,5,68053
2013,1,4,76375
2013,1,3,76522
2013,1,2,73387
2013,1,1,60178
2012,12,31,65266
2012,12,30,61819
2012,12,29,63609
2012,12,28,73073
2012,12,27,75105
2012,12,26,75987
2012,12,25,65874
2012,12,24,74300
2012,12,23,63306
2012,12,22,64515
2012,12,21,74947
2012,12,20,75154
2012,12,19,67769
2012,12,18,75172
2012,12,17,72407
2012,12,16,59375
2012,12,15,63513
2012,12,14,73928
2012,12,13,73244
2012,12,12,73890
2012,12,11,74052
2012,12,10,74269
2012,12,9,62638
2012,12,8,64826
2012,12,7,73291
2012,12,6,72744
2012,12,5,72502
2012,12,4,71774
2012,12,3,70771
2012,12,2,57401
2012,12,1,60745
2012,11,30,68779
2012,11,29,69062
2012,11,28,68297
2012,11,27,68958
2012,11,26,68602
2012,11,25,56021
2012,11,24,59203
2012,11,23,66568
2012,11,22,66803
2012,11,21,67861
2012,11,20,67338
2012,11,19,66846
2012,11,18,55874
2012,11,17,58325
2012,11,16,65817
2012,11,15,65600
2012,11,14,65597
2012,11,13,65071
2012,11,12,63856
2012,11,11,54242
2012,11,10,55606
2012,11,9,62933
2012,11,8,63379
2012,11,7,62448
2012,11,6,63871
2012,11,5,63267
2012,11,4,53038
2012,11,3,55191
2012,11,2,61775
2012,11,1,62758
2012,10,31,61481
2012,10,30,61165
2012,10,29,61144
2012,10,28,51516
2012,10,27,55277
2012,10,26,60371
2012,10,25,61308
2012,10,24,60965
2012,10,23,61622
2012,10,22,61429
2012,10,21,51456
2012,10,20,54174
2012,10,19,60020
2012,10,18,61039
2012,10,17,60257
2012,10,16,60814
2012,10,15,60196
2012,10,14,50815
2012,10,13,53632
2012,10,12,59780
2012,10,11,61169
2012,10,10,60099
2012,10,9,60972
2012,10,8,60359
2012,10,7,51457
2012,10,6,55401
2012,10,5,60138
2012,10,4,59549
2012,10,3,51925
2012,10,2,48778
2012,10,1,44079
2012,9,30,41302
2012,9,29,46048
2012,9,28,58686
2012,9,27,60988
2012,9,26,61849
2012,9,25,61999
2012,9,24,61955
2012,9,23,52648
2012,9,22,56074
2012,9,21,61504
2012,9,20,61933
2012,9,19,61552
2012,9,18,61632
2012,9,17,60517
2012,9,16,52053
2012,9,15,55814
2012,9,14,61461
2012,9,13,63730
2012,9,12,63598
2012,9,11,63690
2012,9,10,63382
2012,9,9,52607
2012,9,8,56953
2012,9,7,64860
2012,9,6,64096
2012,9,5,65566
2012,9,4,66324
2012,9,3,67693
2012,9,2,54602
2012,9,1,58196
2012,8,31,64788
2012,8,30,65840
2012,8,29,68780
2012,8,28,65715
2012,8,27,71046
2012,8,26,58068
2012,8,25,60599
2012,8,24,63708
2012,8,23,64960
2012,8,22,66037
2012,8,21,70992
2012,8,20,71059
2012,8,19,59360
2012,8,18,63768
2012,8,17,71135
2012,8,16,69481
2012,8,15,62387
2012,8,14,69018
2012,8,13,69090
2012,8,12,57960
2012,8,11,63524
2012,8,10,70288
2012,8,9,72940
2012,8,8,72497
2012,8,7,73653
2012,8,6,74291
2012,8,5,63236
2012,8,4,62279
2012,8,3,66851
2012,8,2,67314
2012,8,1,68525
2012,7,31,70763
2012,7,30,69856
2012,7,29,60779
2012,7,28,64680
2012,7,27,72704
2012,7,26,72630
2012,7,25,72784
2012,7,24,72913
2012,7,23,72595
2012,7,22,57900
2012,7,21,62512
2012,7,20,69021
2012,7,19,67871
2012,7,18,68952
2012,7,17,66197
2012,7,16,64442
2012,7,15,53714
2012,7,14,59922
2012,7,13,68543
2012,7,12,67740
2012,7,11,67862
2012,7,10,67961
2012,7,9,68751
2012,7,8,54057
2012,7,7,57899
2012,7,6,65582
2012,7,5,66378
2012,7,4,67858
2012,7,3,66433
2012,7,2,65642
2012,7,1,53160
2012,6,30,59230
2012,6,29,67390
2012,6,28,65842
2012,6,27,65558
2012,6,26,65382
2012,6,25,66791
2012,6,24,54183
2012,6,23,60035
2012,6,22,66429
2012,6,21,66934
2012,6,20,67009
2012,6,19,66982
2012,6,18,66205
2012,6,17,53298
2012,6,16,58330
2012,6,15,63990
2012,6,14,64546
2012,6,13,63780
2012,6,12,64506
2012,6,11,63222
2012,6,10,52788
2012,6,9,57383
2012,6,8,62556
2012,6,7,63340
2012,6,6,59139
2012,6,5,62958
2012,6,4,62206
2012,6,3,51865
2012,6,2,56122
2012,6,1,60411
2012,5,31,60991
2012,5,30,60395
2012,5,29,60116
2012,5,28,53876
2012,5,27,50165
2012,5,26,54131
2012,5,25,60262
2012,5,24,60583
2012,5,23,61029
2012,5,22,60915
2012,5,21,59738
2012,5,20,51396
2012,5,19,54050
2012,5,18,58805
2012,5,17,59354
2012,5,16,59297
2012,5,15,59545
2012,5,14,60105
2012,5,13,50870
2012,5,12,53474
2012,5,11,59389
2012,5,10,59469
2012,5,9,59180
2012,5,8,59726
2012,5,7,58783
2012,5,6,49265
2012,5,5,51023
2012,5,4,58254
2012,5,3,58681
2012,5,2,59194
2012,5,1,53469
2012,4,30,57303
2012,4,29,50060
2012,4,28,52289
2012,4,27,57420
2012,4,26,58571
2012,4,25,60184
2012,4,24,57954
2012,4,23,59092
2012,4,22,51897
2012,4,21,56020
2012,4,20,58827
2012,4,19,59736
2012,4,18,58531
2012,4,17,59495
2012,4,16,59317
2012,4,15,51032
2012,4,14,54323
2012,4,13,59998
2012,4,12,60318
2012,4,11,57192
2012,4,10,60615
2012,4,9,59632
2012,4,8,52545
2012,4,7,56470
2012,4,6,61955
2012,4,5,61447
2012,4,4,62455
2012,4,3,64390
2012,4,2,62058
2012,4,1,53824
2012,3,31,55993
2012,3,30,62023
2012,3,29,61505
2012,3,28,62671
2012,3,27,64132
2012,3,26,65406
2012,3,25,55600
2012,3,24,58455
2012,3,23,65916
2012,3,22,66314
2012,3,21,65554
2012,3,20,65917
2012,3,19,65929
2012,3,18,55516
2012,3,17,58487
2012,3,16,65949
2012,3,15,66662
2012,3,14,67941
2012,3,13,67944
2012,3,12,69180
2012,3,11,58214
2012,3,10,59193
2012,3,9,67403
2012,3,8,67407
2012,3,7,67480
2012,3,6,68119
2012,3,5,67475
2012,3,4,55923
2012,3,3,57884
2012,3,2,65461
2012,3,1,59676
2012,2,29,66910
2012,2,28,69091
2012,2,27,68116
2012,2,26,58687
2012,2,25,60731
2012,2,24,66140
2012,2,23,66267
2012,2,22,68837
2012,2,21,70066
2012,2,20,70433
2012,2,19,60733
2012,2,18,64121
2012,2,17,70987
2012,2,16,69414
2012,2,15,69690
2012,2,14,70253
2012,2,13,71147
2012,2,12,60365
2012,2,11,64071
2012,2,10,72535
2012,2,9,72432
2012,2,8,73131
2012,2,7,73098
2012,2,6,72008
2012,2,5,61327
2012,2,4,65486
2012,2,3,73040
2012,2,2,73833
2012,2,1,72012
2012,1,31,72308
2012,1,30,71609
2012,1,29,60436
2012,1,28,63016
2012,1,27,71023
2012,1,26,70451
2012,1,25,63424
2012,1,24,56051
2012,1,23,53318
2012,1,22,54550
2012,1,21,58618
2012,1,20,66299
2012,1,19,69189
2012,1,18,69874
2012,1,17,69998
2012,1,16,71422
2012,1,15,60377
2012,1,14,63746
2012,1,13,71893
2012,1,12,71980
2012,1,11,72453
2012,1,10,71620
2012,1,9,71646
2012,1,8,61089
2012,1,7,64570
2012,1,6,72552
2012,1,5,72199
2012,1,4,72865
2012,1,3,71631
2012,1,2,69015
2012,1,1,58124
2011,12,31,60312
2011,12,30,68524
2011,12,29,68986
2011,12,28,71482
2011,12,27,72554
2011,12,26,72128
2011,12,25,60765
2011,12,24,63489
2011,12,23,71886
2011,12,22,70990
2011,12,21,70090
2011,12,20,71573
2011,12,19,71145
2011,12,18,60134
2011,12,17,64187
2011,12,16,69899
2011,12,15,68667
2011,12,14,68985
2011,12,13,69017
2011,12,12,67595
2011,12,11,57849
2011,12,10,61464
2011,12,9,69410
2011,12,8,68671
2011,12,7,66500
2011,12,6,67180
2011,12,5,67115
2011,12,4,55878
2011,12,3,57807
2011,12,2,65139
2011,12,1,65542
2011,11,30,64892
2011,11,29,63079
2011,11,28,62210
2011,11,27,54280
2011,11,26,58814
2011,11,25,66512
2011,11,24,67554
2011,11,23,66818
2011,11,22,65709
2011,11,21,65357
2011,11,20,54654
2011,11,19,55031
2011,11,18,61210
2011,11,17,62286
2011,11,16,61292
2011,11,15,62550
2011,11,14,62271
2011,11,13,52104
2011,11,12,54054
2011,11,11,60197
2011,11,10,61125
2011,11,9,60409
2011,11,8,61174
2011,11,7,60708
2011,11,6,51533
2011,11,5,54200
2011,11,4,60326
2011,11,3,60915
2011,11,2,60192
2011,11,1,60289
2011,10,31,60913
2011,10,30,51704
2011,10,29,55053
2011,10,28,60753
2011,10,27,61921
2011,10,26,61599
2011,10,25,62575
2011,10,24,61578
2011,10,23,51428
2011,10,22,54621
2011,10,21,60554
2011,10,20,61343
2011,10,19,60644
2011,10,18,61448
2011,10,17,61107
2011,10,16,50957
2011,10,15,53962
2011,10,14,60044
2011,10,13,60907
2011,10,12,60476
2011,10,11,60691
2011,10,10,60712
2011,10,9,50842
2011,10,8,53737
2011,10,7,59674
2011,10,6,60086
2011,10,5,59182
2011,10,4,59282
2011,10,3,53024
2011,10,2,49454
2011,10,1,52404
2011,9,30,57516
2011,9,29,60274
2011,9,28,59963
2011,9,27,61003
2011,9,26,60018
2011,9,25,51479
2011,9,24,54366
2011,9,23,59500
2011,9,22,59707
2011,9,21,58737
2011,9,20,59172
2011,9,19,59227
2011,9,18,52738
2011,9,17,62936
2011,9,16,67405
2011,9,15,67281
2011,9,14,58754
2011,9,13,48043
2011,9,12,42993
2011,9,11,45021
2011,9,10,51803
2011,9,9,62293
2011,9,8,64524
2011,9,7,64990
2011,9,6,66278
2011,9,5,66594
2011,9,4,54861
2011,9,3,61977
2011,9,2,71061
2011,9,1,70529
2011,8,31,72194
2011,8,30,71745
2011,8,29,70767
2011,8,28,56941
2011,8,27,60944
2011,8,26,66226
2011,8,25,65285
2011,8,24,63959
2011,8,23,63587
2011,8,22,64261
2011,8,21,53116
2011,8,20,57322
2011,8,19,65828
2011,8,18,67527
2011,8,17,67645
2011,8,16,68649
2011,8,15,59826
2011,8,14,55352
2011,8,13,60927
2011,8,12,68112
2011,8,11,69587
2011,8,10,67776
2011,8,9,67523
2011,8,8,66784
2011,8,7,57003
2011,8,6,61767
2011,8,5,67951
2011,8,4,65124
2011,8,3,61244
2011,8,2,59306
2011,8,1,57942
2011,7,31,54326
2011,7,30,58439
2011,7,29,68307
2011,7,28,67942
2011,7,27,67464
2011,7,26,68964
2011,7,25,67965
2011,7,24,55435
2011,7,23,61339
2011,7,22,66105
2011,7,21,69173
2011,7,20,70350
2011,7,19,71393
2011,7,18,70956
2011,7,17,56518
2011,7,16,61028
2011,7,15,67140
2011,7,14,66480
2011,7,13,66087
2011,7,12,65237
2011,7,11,64240
2011,7,10,53593
2011,7,9,58040
2011,7,8,64283
2011,7,7,64622
2011,7,6,65060
2011,7,5,66128
2011,7,4,64946
2011,7,3,53332
2011,7,2,59613
2011,7,1,66358
2011,6,30,65497
2011,6,29,64414
2011,6,28,64249
2011,6,27,60942
2011,6,26,50607
2011,6,25,56412
2011,6,24,63144
2011,6,23,65856
2011,6,22,64846
2011,6,21,66254
2011,6,20,66872
2011,6,19,52965
2011,6,18,57953
2011,6,17,63935
2011,6,16,64211
2011,6,15,63471
2011,6,14,62196
2011,6,13,61587
2011,6,12,51047
2011,6,11,56286
2011,6,10,61087
2011,6,9,60058
2011,6,8,61512
2011,6,7,60236
2011,6,6,53077
2011,6,5,49207
2011,6,4,53800
2011,6,3,58448
2011,6,2,58797
2011,6,1,57787
2011,5,31,58616
2011,5,30,59330
2011,5,29,50249
2011,5,28,53420
2011,5,27,58006
2011,5,26,58444
2011,5,25,58637
2011,5,24,58142
2011,5,23,57395
2011,5,22,49822
2011,5,21,54227
2011,5,20,59355
2011,5,19,58085
2011,5,18,57557
2011,5,17,56867
2011,5,16,56752
2011,5,15,49085
2011,5,14,52212
2011,5,13,56468
2011,5,12,57456
2011,5,11,58162
2011,5,10,54245
2011,5,9,57426
2011,5,8,48844
2011,5,7,53135
2011,5,6,56584
2011,5,5,53773
2011,5,4,57261
2011,5,3,57474
2011,5,2,56616
2011,5,1,49708
2011,4,30,53761
2011,4,29,57543
2011,4,28,58727
2011,4,27,58652
2011,4,26,60417
2011,4,25,58468
2011,4,24,51836
2011,4,23,54022
2011,4,22,60413
2011,4,21,58567
2011,4,20,57945
2011,4,19,59288
2011,4,18,60491
2011,4,17,51060
2011,4,16,53422
2011,4,15,58213
2011,4,14,58387
2011,4,13,58167
2011,4,12,58278
2011,4,11,59317
2011,4,10,51540
2011,4,9,54158
2011,4,8,58990
2011,4,7,61400
2011,4,6,59749
2011,4,5,59513
2011,4,4,60148
2011,4,3,52487
2011,4,2,55482
2011,4,1,59252
2011,3,31,60600
2011,3,30,61571
2011,3,29,63256
2011,3,28,62884
2011,3,27,53874
2011,3,26,57412
2011,3,25,64447
2011,3,24,63658
2011,3,23,64073
2011,3,22,63654
2011,3,21,61855
2011,3,20,53881
2011,3,19,57109
2011,3,18,64124
2011,3,17,65740
2011,3,16,65532
2011,3,15,64101
2011,3,14,62730
2011,3,13,53341
2011,3,12,57908
2011,3,11,64038
2011,3,10,66221
2011,3,9,65762
2011,3,8,65497
2011,3,7,65700
2011,3,6,55736
2011,3,5,61100
2011,3,4,67320
2011,3,3,67310
2011,3,2,66746
2011,3,1,60454
2011,2,28,65290
2011,2,27,55444
2011,2,26,58402
2011,2,25,64032
2011,2,24,63250
2011,2,23,64759
2011,2,22,64954
2011,2,21,65622
2011,2,20,57482
2011,2,19,61327
2011,2,18,67796
2011,2,17,68750
2011,2,16,69763
2011,2,15,69913
2011,2,14,71002
2011,2,13,60087
2011,2,12,63786
2011,2,11,69597
2011,2,10,70087
2011,2,9,67876
2011,2,8,68791
2011,2,7,68498
2011,2,6,57142
2011,2,5,55570
2011,2,4,52817
2011,2,3,50796
2011,2,2,58340
2011,2,1,67396
2011,1,31,71555
2011,1,30,64028
2011,1,29,66813
2011,1,28,72274
2011,1,27,73014
2011,1,26,72292
2011,1,25,72344
2011,1,24,71913
2011,1,23,62263
2011,1,22,65505
2011,1,21,71910
2011,1,20,71918
2011,1,19,72223
2011,1,18,72433
2011,1,17,73137
2011,1,16,64446
2011,1,15,66923
2011,1,14,71569
2011,1,13,71783
2011,1,12,71785
2011,1,11,71687
2011,1,10,71840
2011,1,9,61861
2011,1,8,65100
2011,1,7,71423
2011,1,6,71285
2011,1,5,70073
2011,1,4,70869
2011,1,3,70868
2011,1,2,59173
2011,1,1,59796
