瘤痢,瘤痢疙,老矫,弥历扁柯(∑C),弥绊扁柯(∑C)
143,措备,2015-01-01,-5.9,-.5
143,措备,2015-01-02,-5.4,1.5
143,措备,2015-01-03,-6.1,5.2
143,措备,2015-01-04,-3.1,10.8
143,措备,2015-01-05,-2,10.1
143,措备,2015-01-06,-1.2,7.2
143,措备,2015-01-07,-4.5,2.8
143,措备,2015-01-08,-4.5,4.8
143,措备,2015-01-09,-1.9,6
143,措备,2015-01-10,-.1,7.9
143,措备,2015-01-11,-2.3,8.6
143,措备,2015-01-12,-3.2,7.2
143,措备,2015-01-13,-4.6,9.1
143,措备,2015-01-14,.7,6.4
143,措备,2015-01-15,2,11.3
143,措备,2015-01-16,-1.3,8.2
143,措备,2015-01-17,-1.1,5.2
143,措备,2015-01-18,-3.5,7.7
143,措备,2015-01-19,1.1,6.9
143,措备,2015-01-20,-3,8.9
143,措备,2015-01-21,1.4,5
143,措备,2015-01-22,3.2,6.1
143,措备,2015-01-23,-.1,8.5
143,措备,2015-01-24,0,9.9
143,措备,2015-01-25,-.7,6.4
143,措备,2015-01-26,4.4,11.8
143,措备,2015-01-27,-.7,7.3
143,措备,2015-01-28,-3.9,4.7
143,措备,2015-01-29,-1.1,5.5
143,措备,2015-01-30,-1.6,6.2
143,措备,2015-01-31,-4.4,4.5
143,措备,2015-02-01,-5.7,7.9
143,措备,2015-02-02,-4,9.2
143,措备,2015-02-03,-2.4,9.9
143,措备,2015-02-04,0,8.8
143,措备,2015-02-05,.7,7.1
143,措备,2015-02-06,-1.2,9.8
143,措备,2015-02-07,.1,9.8
143,措备,2015-02-08,-6.9,4.6
143,措备,2015-02-09,-8.9,2.2
143,措备,2015-02-10,-.4,10.1
143,措备,2015-02-11,-1.4,11.5
143,措备,2015-02-12,-1.1,6.2
143,措备,2015-02-13,-3.2,6.5
143,措备,2015-02-14,-2,11.7
143,措备,2015-02-15,-.2,10.7
143,措备,2015-02-16,5.2,7.6
143,措备,2015-02-17,2.8,8.8
143,措备,2015-02-18,2.2,7.4
143,措备,2015-02-19,0,10.3
143,措备,2015-02-20,-1.2,12.7
143,措备,2015-02-21,5.2,8.2
143,措备,2015-02-22,3.8,14.7
143,措备,2015-02-23,1.7,11.1
143,措备,2015-02-24,2.6,11.6
143,措备,2015-02-25,2.1,11.3
143,措备,2015-02-26,0,10.8
143,措备,2015-02-27,-2.2,5.4
143,措备,2015-02-28,-2.1,7.1
143,措备,2015-03-01,.9,8.6
143,措备,2015-03-02,.4,13
143,措备,2015-03-03,1.5,4.7
143,措备,2015-03-04,-1.1,6.5
143,措备,2015-03-05,-3,8.4
143,措备,2015-03-06,-.9,12.6
143,措备,2015-03-07,1.1,14.6
143,措备,2015-03-08,.5,15.7
143,措备,2015-03-09,-2.1,14.9
143,措备,2015-03-10,-4.8,4.3
143,措备,2015-03-11,-.9,10
143,措备,2015-03-12,-.6,12.3
143,措备,2015-03-13,1.7,11.2
143,措备,2015-03-14,1.6,13.8
143,措备,2015-03-15,2,18.2
143,措备,2015-03-16,4.3,22.2
143,措备,2015-03-17,6.5,24.1
143,措备,2015-03-18,8.7,15.7
143,措备,2015-03-19,8.8,19.1
143,措备,2015-03-20,10.2,20.8
143,措备,2015-03-21,9.1,22.6
143,措备,2015-03-22,9,18.8
143,措备,2015-03-23,3.1,13.3
143,措备,2015-03-24,2,14.1
143,措备,2015-03-25,1,16
143,措备,2015-03-26,3.3,19.7
143,措备,2015-03-27,6.4,19.6
143,措备,2015-03-28,5.5,22.5
143,措备,2015-03-29,10.4,21.4
143,措备,2015-03-30,7.9,24.1
143,措备,2015-03-31,11,16.2
143,措备,2015-04-01,9.7,15.3
143,措备,2015-04-02,9.8,18.4
143,措备,2015-04-03,11,23.4
143,措备,2015-04-04,8.1,16.8
143,措备,2015-04-05,8.1,12.7
143,措备,2015-04-06,10,13
143,措备,2015-04-07,7.9,10.7
143,措备,2015-04-08,7.3,12.6
143,措备,2015-04-09,3.9,17.2
143,措备,2015-04-10,6.2,20.4
143,措备,2015-04-11,5.6,21.5
143,措备,2015-04-12,6.5,18.2
143,措备,2015-04-13,9.2,12.8
143,措备,2015-04-14,8.7,17.4
143,措备,2015-04-15,8,22.3
143,措备,2015-04-16,8.9,24.6
143,措备,2015-04-17,6.4,21.7
143,措备,2015-04-18,7.4,22.5
143,措备,2015-04-19,12,17.2
143,措备,2015-04-20,9.5,13.6
143,措备,2015-04-21,8.2,23.3
143,措备,2015-04-22,11,24.6
143,措备,2015-04-23,9.3,25.1
143,措备,2015-04-24,11.2,26.1
143,措备,2015-04-25,11.1,27
143,措备,2015-04-26,12.2,30
143,措备,2015-04-27,14.7,29.5
143,措备,2015-04-28,14.8,25.4
143,措备,2015-04-29,14.7,17.5
143,措备,2015-04-30,13.5,25.7
143,措备,2015-05-01,14.3,29.6
143,措备,2015-05-02,15.4,28
143,措备,2015-05-03,17.5,21.8
143,措备,2015-05-04,14.6,24.1
143,措备,2015-05-05,9.6,25.3
143,措备,2015-05-06,11.4,25.5
143,措备,2015-05-07,12.9,27.8
143,措备,2015-05-08,13.4,26
143,措备,2015-05-09,16.2,27.1
143,措备,2015-05-10,13.3,26.8
143,措备,2015-05-11,13.5,23.8
143,措备,2015-05-12,13.8,23.1
143,措备,2015-05-13,13.6,29.3
143,措备,2015-05-14,15.5,29.8
143,措备,2015-05-15,19.7,28.2
143,措备,2015-05-16,14.7,28.7
143,措备,2015-05-17,12.8,27.8
143,措备,2015-05-18,14.7,19.2
143,措备,2015-05-19,13.7,28.6
143,措备,2015-05-20,15.6,25.4
143,措备,2015-05-21,12.6,28.1
143,措备,2015-05-22,17.3,30.9
143,措备,2015-05-23,19.2,29.8
143,措备,2015-05-24,16.2,31.5
143,措备,2015-05-25,17.2,32.5
143,措备,2015-05-26,18.1,34.5
143,措备,2015-05-27,18.3,33.5
143,措备,2015-05-28,18.9,31.9
143,措备,2015-05-29,16.6,32.8
143,措备,2015-05-30,19.4,25.6
143,措备,2015-05-31,17.8,30.4
143,措备,2015-06-01,17,32.8
143,措备,2015-06-02,22.2,27.3
143,措备,2015-06-03,19.6,31
143,措备,2015-06-04,15.5,32.1
143,措备,2015-06-05,13.9,23.1
143,措备,2015-06-06,12.9,28.2
143,措备,2015-06-07,16.1,30.8
143,措备,2015-06-08,17.9,27.1
143,措备,2015-06-09,18.2,31.3
143,措备,2015-06-10,19.8,35
143,措备,2015-06-11,20.7,26.6
143,措备,2015-06-12,19.2,33.4
143,措备,2015-06-13,17.6,30.2
143,措备,2015-06-14,17.3,30.2
143,措备,2015-06-15,20.5,31.9
143,措备,2015-06-16,21.9,30.3
143,措备,2015-06-17,20,26
143,措备,2015-06-18,19.2,25.6
143,措备,2015-06-19,18.5,28.1
143,措备,2015-06-20,17.4,20.9
143,措备,2015-06-21,17.2,27.5
143,措备,2015-06-22,18.9,29.9
143,措备,2015-06-23,19.1,30.4
143,措备,2015-06-24,20.8,27.3
143,措备,2015-06-25,19,25.8
143,措备,2015-06-26,19,24.1
143,措备,2015-06-27,18.4,24.7
143,措备,2015-06-28,16.6,25.3
143,措备,2015-06-29,16.9,32.4
143,措备,2015-06-30,18.2,25.4
143,措备,2015-07-01,18.5,30.4
143,措备,2015-07-02,16.8,31.2
143,措备,2015-07-03,19,30.6
143,措备,2015-07-04,18.1,25.6
143,措备,2015-07-05,18.1,28.1
143,措备,2015-07-06,19.3,26.5
143,措备,2015-07-07,17.7,21.3
143,措备,2015-07-08,17.7,22.6
143,措备,2015-07-09,19.4,22.2
143,措备,2015-07-10,20.5,27.9
143,措备,2015-07-11,20.6,31.8
143,措备,2015-07-12,23.4,26.4
143,措备,2015-07-13,23.9,29
143,措备,2015-07-14,21.2,32.4
143,措备,2015-07-15,21.3,31.2
143,措备,2015-07-16,19.1,25.9
143,措备,2015-07-17,17.2,25.2
143,措备,2015-07-18,20,29
143,措备,2015-07-19,19.6,27.3
143,措备,2015-07-20,19.4,24.9
143,措备,2015-07-21,20.6,30.5
143,措备,2015-07-22,22,31.4
143,措备,2015-07-23,24.7,30.4
143,措备,2015-07-24,25.3,30.2
143,措备,2015-07-25,25.3,32.4
143,措备,2015-07-26,22.3,35.1
143,措备,2015-07-27,25,33.1
143,措备,2015-07-28,25.5,34.5
143,措备,2015-07-29,25.9,33.4
143,措备,2015-07-30,26.3,37
143,措备,2015-07-31,26.6,36.3
143,措备,2015-08-01,25.7,36.8
143,措备,2015-08-02,24.3,35.6
143,措备,2015-08-03,25.8,36.4
143,措备,2015-08-04,24.3,36.8
143,措备,2015-08-05,24.3,37.7
143,措备,2015-08-06,25.6,38.3
143,措备,2015-08-07,24.7,37.7
143,措备,2015-08-08,24.5,35.2
143,措备,2015-08-09,23.6,34.5
143,措备,2015-08-10,24.6,33.5
143,措备,2015-08-11,19.8,31.5
143,措备,2015-08-12,19.3,22.8
143,措备,2015-08-13,20.6,30.7
143,措备,2015-08-14,21.2,32
143,措备,2015-08-15,21.8,33.2
143,措备,2015-08-16,22.9,30.3
143,措备,2015-08-17,21.5,30.3
143,措备,2015-08-18,20.7,28.2
143,措备,2015-08-19,21.5,28.2
143,措备,2015-08-20,21.5,24.5
143,措备,2015-08-21,19.9,28.6
143,措备,2015-08-22,21.6,30.4
143,措备,2015-08-23,22.3,29.5
143,措备,2015-08-24,22.8,27.3
143,措备,2015-08-25,20.3,24
143,措备,2015-08-26,19.6,28.5
143,措备,2015-08-27,18.3,29.9
143,措备,2015-08-28,19.5,29.5
143,措备,2015-08-29,20,28.6
143,措备,2015-08-30,19.1,29
143,措备,2015-08-31,20.8,28.6
143,措备,2015-09-01,20.1,27.1
143,措备,2015-09-02,20.3,28
143,措备,2015-09-03,20,28.4
143,措备,2015-09-04,19.1,30
143,措备,2015-09-05,20.2,26.6
143,措备,2015-09-06,19.1,23.2
143,措备,2015-09-07,16.6,25.3
143,措备,2015-09-08,13.9,25
143,措备,2015-09-09,13.8,28.3
143,措备,2015-09-10,13.9,28.5
143,措备,2015-09-11,15.9,29.5
143,措备,2015-09-12,16.6,22.6
143,措备,2015-09-13,14.1,25.5
143,措备,2015-09-14,12.8,26.1
143,措备,2015-09-15,13.3,24.2
143,措备,2015-09-16,13.7,23.8
143,措备,2015-09-17,16,19.9
143,措备,2015-09-18,15.4,25.3
143,措备,2015-09-19,15,27.4
143,措备,2015-09-20,15.7,26.9
143,措备,2015-09-21,16.6,28.5
143,措备,2015-09-22,14.6,27.2
143,措备,2015-09-23,15.1,21.7
143,措备,2015-09-24,18.3,23.2
143,措备,2015-09-25,16.4,25.8
143,措备,2015-09-26,15.9,27.2
143,措备,2015-09-27,16.5,27.2
143,措备,2015-09-28,14.5,28.2
143,措备,2015-09-29,15.9,25.4
143,措备,2015-09-30,16.9,22.3
143,措备,2015-10-01,15.6,23.1
143,措备,2015-10-02,12.2,23.1
143,措备,2015-10-03,11.2,26.1
143,措备,2015-10-04,12.5,25.1
143,措备,2015-10-05,11.8,24
143,措备,2015-10-06,10.7,25.5
143,措备,2015-10-07,11.5,24.8
143,措备,2015-10-08,11,25.6
143,措备,2015-10-09,12.5,22.4
143,措备,2015-10-10,6.9,23.2
143,措备,2015-10-11,11.2,18.6
143,措备,2015-10-12,10.8,19.1
143,措备,2015-10-13,7.8,22.7
143,措备,2015-10-14,10.6,24.2
143,措备,2015-10-15,9.9,23.8
143,措备,2015-10-16,11,23.7
143,措备,2015-10-17,10.7,24.6
143,措备,2015-10-18,9.2,26.9
143,措备,2015-10-19,10,24
143,措备,2015-10-20,12.3,24.3
143,措备,2015-10-21,12,25.3
143,措备,2015-10-22,14.1,21.5
143,措备,2015-10-23,12.1,23.4
143,措备,2015-10-24,12.2,22.8
143,措备,2015-10-25,11.7,19.7
143,措备,2015-10-26,7.7,20.5
143,措备,2015-10-27,11,18.3
143,措备,2015-10-28,7.2,17.9
143,措备,2015-10-29,7.7,16.3
143,措备,2015-10-30,5.1,14.1
143,措备,2015-10-31,2.8,14.2
143,措备,2015-11-01,.7,10.2
143,措备,2015-11-02,4.5,16.8
143,措备,2015-11-03,6.4,20.1
143,措备,2015-11-04,3.8,20.4
143,措备,2015-11-05,6.2,21.8
143,措备,2015-11-06,7.4,19.6
143,措备,2015-11-07,12,14.7
143,措备,2015-11-08,12.3,15.1
143,措备,2015-11-09,11,17.7
143,措备,2015-11-10,8.1,17.7
143,措备,2015-11-11,9.2,18.3
143,措备,2015-11-12,10.9,17.9
143,措备,2015-11-13,11.8,14.6
143,措备,2015-11-14,12.3,17.2
143,措备,2015-11-15,10.5,18.1
143,措备,2015-11-16,8.6,15.1
143,措备,2015-11-17,13.5,15.4
143,措备,2015-11-18,9.5,13.6
143,措备,2015-11-19,9.3,13.3
143,措备,2015-11-20,8.6,17.7
143,措备,2015-11-21,6.4,12.6
143,措备,2015-11-22,10.7,16.1
143,措备,2015-11-23,12.2,15.1
143,措备,2015-11-24,8.1,13.7
143,措备,2015-11-25,5.4,8.7
143,措备,2015-11-26,.6,5.9
143,措备,2015-11-27,-.3,6.5
143,措备,2015-11-28,2.4,10
143,措备,2015-11-29,1.1,11.6
143,措备,2015-11-30,3.3,13.2
143,措备,2015-12-01,-.2,13.4
143,措备,2015-12-02,3,11.4
143,措备,2015-12-03,1.3,8.3
143,措备,2015-12-04,1.3,7.7
143,措备,2015-12-05,4.7,9.4
143,措备,2015-12-06,1,9.4
143,措备,2015-12-07,-1,12.1
143,措备,2015-12-08,4.7,13.5
143,措备,2015-12-09,1.8,12.9
143,措备,2015-12-10,7,9.5
143,措备,2015-12-11,3.7,10.8
143,措备,2015-12-12,.9,11.1
143,措备,2015-12-13,3.1,12.7
143,措备,2015-12-14,3.5,9.8
143,措备,2015-12-15,5.8,11
143,措备,2015-12-16,-.4,6.2
143,措备,2015-12-17,-2.9,2
143,措备,2015-12-18,-3,6.3
143,措备,2015-12-19,-2.6,9.2
143,措备,2015-12-20,-3.1,4.2
143,措备,2015-12-21,1.9,12
143,措备,2015-12-22,-1.9,9.3
143,措备,2015-12-23,5,8.6
143,措备,2015-12-24,1.3,10.6
143,措备,2015-12-25,-1.8,6.3
143,措备,2015-12-26,-2.5,11.6
143,措备,2015-12-27,-1.5,5.4
143,措备,2015-12-28,-4,2.8
143,措备,2015-12-29,-3.6,5.1
143,措备,2015-12-30,-5.6,8
143,措备,2015-12-31,-1.2,7
143,措备,2016-01-01,-4,8
143,措备,2016-01-02,-2.7,9.9
143,措备,2016-01-03,-2.3,13.9
143,措备,2016-01-04,1.1,11.4
143,措备,2016-01-05,.9,5.9
143,措备,2016-01-06,-.8,5.8
143,措备,2016-01-07,-.7,5.3
143,措备,2016-01-08,-1.8,4.5
143,措备,2016-01-09,-4.1,7.4
143,措备,2016-01-10,-3.9,8
143,措备,2016-01-11,-1.8,5.5
143,措备,2016-01-12,-5.9,5.2
143,措备,2016-01-13,-3.9,3.1
143,措备,2016-01-14,-3,3.9
143,措备,2016-01-15,-6,6.8
143,措备,2016-01-16,-4.8,8.3
143,措备,2016-01-17,-1.8,4.5
143,措备,2016-01-18,-5.1,3.7
143,措备,2016-01-19,-8.5,-3.6
143,措备,2016-01-20,-8.8,-1.8
143,措备,2016-01-21,-7.8,.4
143,措备,2016-01-22,-5.2,1.6
143,措备,2016-01-23,-10.7,-2.3
143,措备,2016-01-24,-13,-7.6
143,措备,2016-01-25,-10.2,.1
143,措备,2016-01-26,-5.5,4.9
143,措备,2016-01-27,-4.4,8.1
143,措备,2016-01-28,-4.4,2.5
143,措备,2016-01-29,-.2,1.8
143,措备,2016-01-30,0,4.8
143,措备,2016-01-31,-1.5,4.2
143,措备,2016-02-01,-3.7,2.7
143,措备,2016-02-02,-5.3,3.9
143,措备,2016-02-03,-6.1,5.3
143,措备,2016-02-04,-2.4,6.5
143,措备,2016-02-05,-1.8,6
143,措备,2016-02-06,-4.4,4.5
143,措备,2016-02-07,-5.4,6.5
143,措备,2016-02-08,-5.6,8.9
143,措备,2016-02-09,-.6,7.9
143,措备,2016-02-10,-4.3,11.9
143,措备,2016-02-11,-2.8,13.3
143,措备,2016-02-12,5.7,12.6
143,措备,2016-02-13,10.3,15.9
143,措备,2016-02-14,-2.2,15.6
143,措备,2016-02-15,-5.2,.9
143,措备,2016-02-16,-2.4,4.9
143,措备,2016-02-17,-1.7,7.4
143,措备,2016-02-18,-2.7,10.6
143,措备,2016-02-19,-.7,11.1
143,措备,2016-02-20,2.1,10.8
143,措备,2016-02-21,-1.4,6.6
143,措备,2016-02-22,-.7,7.5
143,措备,2016-02-23,.3,9.7
143,措备,2016-02-24,-1.8,4.6
143,措备,2016-02-25,-3.1,6.8
143,措备,2016-02-26,-2.2,8.4
143,措备,2016-02-27,1.5,12.3
143,措备,2016-02-28,1.6,15.3
143,措备,2016-02-29,-3.1,2.4
143,措备,2016-03-01,-4.6,5.7
143,措备,2016-03-02,-3.4,13.5
143,措备,2016-03-03,-1.5,17.5
143,措备,2016-03-04,4.2,9.4
143,措备,2016-03-05,7.6,17.2
143,措备,2016-03-06,8.1,19.1
143,措备,2016-03-07,6.7,17.4
143,措备,2016-03-08,7.1,10.6
143,措备,2016-03-09,4.2,12.2
143,措备,2016-03-10,.3,7
143,措备,2016-03-11,-1.8,6.9
143,措备,2016-03-12,-1.8,9.8
143,措备,2016-03-13,2.2,9.3
143,措备,2016-03-14,2.2,12.1
143,措备,2016-03-15,-1.4,15.6
143,措备,2016-03-16,5.4,18.6
143,措备,2016-03-17,1.9,21.1
143,措备,2016-03-18,8.6,13.7
143,措备,2016-03-19,6.7,16.9
143,措备,2016-03-20,7.3,11.7
143,措备,2016-03-21,5.2,16.8
143,措备,2016-03-22,4.5,20.2
143,措备,2016-03-23,6.4,15.7
143,措备,2016-03-24,3,10.8
143,措备,2016-03-25,3.3,11.6
143,措备,2016-03-26,2.8,13.6
143,措备,2016-03-27,1.8,15.7
143,措备,2016-03-28,3.7,18.7
143,措备,2016-03-29,5.6,18.8
143,措备,2016-03-30,7.8,22.4
143,措备,2016-03-31,6.8,21.1
143,措备,2016-04-01,5.6,23.2
143,措备,2016-04-02,6.7,24.3
143,措备,2016-04-03,9.2,15.6
143,措备,2016-04-04,9,13.1
143,措备,2016-04-05,8.5,20.9
143,措备,2016-04-06,8.3,22.1
143,措备,2016-04-07,9.4,17.6
143,措备,2016-04-08,8.7,24.8
143,措备,2016-04-09,10.2,25.7
143,措备,2016-04-10,10.1,19.8
143,措备,2016-04-11,7.2,13.6
143,措备,2016-04-12,4,19.8
143,措备,2016-04-13,12.5,17.1
143,措备,2016-04-14,12.3,25.3
143,措备,2016-04-15,10.2,21.9
143,措备,2016-04-16,8,21
143,措备,2016-04-17,13.4,20.1
143,措备,2016-04-18,12,21.8
143,措备,2016-04-19,9.8,21
143,措备,2016-04-20,7.3,22.2
143,措备,2016-04-21,9.6,17
143,措备,2016-04-22,11.6,27.2
143,措备,2016-04-23,15.4,22.1
143,措备,2016-04-24,9.8,21.8
143,措备,2016-04-25,7.9,25.9
143,措备,2016-04-26,9.6,24.2
143,措备,2016-04-27,9.4,12.8
143,措备,2016-04-28,9.5,19.1
143,措备,2016-04-29,9.4,22.7
143,措备,2016-04-30,9.8,26.9
143,措备,2016-05-01,12.2,29.3
143,措备,2016-05-02,12.5,27
143,措备,2016-05-03,14.6,21.4
143,措备,2016-05-04,14.7,25
143,措备,2016-05-05,11.7,28
143,措备,2016-05-06,18.4,24
143,措备,2016-05-07,15.2,25.5
143,措备,2016-05-08,10.5,26.1
143,措备,2016-05-09,15.1,24.9
143,措备,2016-05-10,12,20.1
143,措备,2016-05-11,12.5,23.4
143,措备,2016-05-12,12.2,27.4
143,措备,2016-05-13,12.7,22.2
143,措备,2016-05-14,9.1,23.1
143,措备,2016-05-15,11.1,25.1
143,措备,2016-05-16,10.6,22.5
143,措备,2016-05-17,8.2,27.4
143,措备,2016-05-18,11.8,31.1
143,措备,2016-05-19,12.1,29.9
143,措备,2016-05-20,11.9,29.6
143,措备,2016-05-21,11.4,27.2
143,措备,2016-05-22,10.5,27.4
143,措备,2016-05-23,11.2,30.6
143,措备,2016-05-24,15.9,22.7
143,措备,2016-05-25,13.8,28
143,措备,2016-05-26,15.5,28.2
143,措备,2016-05-27,21.3,29.1
143,措备,2016-05-28,19.2,29.2
143,措备,2016-05-29,17.6,28.6
143,措备,2016-05-30,16.3,32.3
143,措备,2016-05-31,19.4,30.8
143,措备,2016-06-01,16.6,25.1
143,措备,2016-06-02,12.3,28
143,措备,2016-06-03,15.9,31.2
143,措备,2016-06-04,17.4,23
143,措备,2016-06-05,16.8,25.6
143,措备,2016-06-06,17.7,19.3
143,措备,2016-06-07,17.8,28.4
143,措备,2016-06-08,19.6,24.7
143,措备,2016-06-09,19.7,27.4
143,措备,2016-06-10,18.2,32.1
143,措备,2016-06-11,20.7,31.6
143,措备,2016-06-12,21.7,26.3
143,措备,2016-06-13,19.2,28.3
143,措备,2016-06-14,18.5,28.4
143,措备,2016-06-15,19.4,25.6
143,措备,2016-06-16,21.9,28.9
143,措备,2016-06-17,19.5,32
143,措备,2016-06-18,20.3,33.5
143,措备,2016-06-19,20.5,32.6
143,措备,2016-06-20,19.1,31.5
143,措备,2016-06-21,22,25.3
143,措备,2016-06-22,20.9,25.5
143,措备,2016-06-23,20.3,32.7
143,措备,2016-06-24,20.1,25.5
143,措备,2016-06-25,21,29.6
143,措备,2016-06-26,18.7,30.9
143,措备,2016-06-27,18.8,27.8
143,措备,2016-06-28,18.4,27.8
143,措备,2016-06-29,19.4,26.6
143,措备,2016-06-30,20.7,32.3
143,措备,2016-07-01,23.5,28.5
143,措备,2016-07-02,22.9,28.3
143,措备,2016-07-03,20.3,26.7
143,措备,2016-07-04,20.5,23
143,措备,2016-07-05,21.1,32.6
143,措备,2016-07-06,20.7,31
143,措备,2016-07-07,19.4,32.6
143,措备,2016-07-08,20,31.7
143,措备,2016-07-09,21.5,33.9
143,措备,2016-07-10,24.5,33.5
143,措备,2016-07-11,23.4,29.9
143,措备,2016-07-12,24.2,29.7
143,措备,2016-07-13,23.7,32.4
143,措备,2016-07-14,22.7,32.3
143,措备,2016-07-15,20.5,29.8
143,措备,2016-07-16,21.2,22.8
143,措备,2016-07-17,21.2,31.6
143,措备,2016-07-18,21.6,30.9
143,措备,2016-07-19,22.6,29.8
143,措备,2016-07-20,22,29
143,措备,2016-07-21,21.1,29.2
143,措备,2016-07-22,20.9,30.6
143,措备,2016-07-23,20.6,34
143,措备,2016-07-24,23.4,36
143,措备,2016-07-25,24.6,32.6
143,措备,2016-07-26,25.4,35
143,措备,2016-07-27,25.8,36.1
143,措备,2016-07-28,27.3,35.4
143,措备,2016-07-29,26.2,36
143,措备,2016-07-30,25.7,35.1
143,措备,2016-07-31,22.7,35.1
143,措备,2016-08-01,23.4,34.3
143,措备,2016-08-02,24.3,32.2
143,措备,2016-08-03,24,33.2
143,措备,2016-08-04,23.5,33.8
143,措备,2016-08-05,23.4,34.5
143,措备,2016-08-06,24.5,35.1
143,措备,2016-08-07,25,34.6
143,措备,2016-08-08,24.9,35.6
143,措备,2016-08-09,24.9,31.8
143,措备,2016-08-10,23,35.4
143,措备,2016-08-11,25.5,37.8
143,措备,2016-08-12,26.4,37.7
143,措备,2016-08-13,26.1,38.1
143,措备,2016-08-14,26.5,37
143,措备,2016-08-15,26.9,36
143,措备,2016-08-16,25.6,32.8
143,措备,2016-08-17,23.6,35.2
143,措备,2016-08-18,24,35
143,措备,2016-08-19,23.9,34.6
143,措备,2016-08-20,23.4,33.6
143,措备,2016-08-21,23.6,33.9
143,措备,2016-08-22,23.3,34.6
143,措备,2016-08-23,24.5,32.5
143,措备,2016-08-24,22.1,33.9
143,措备,2016-08-25,21,36.2
143,措备,2016-08-26,19.1,30.2
143,措备,2016-08-27,18.6,27.4
143,措备,2016-08-28,17.9,23
143,措备,2016-08-29,17.9,25.6
143,措备,2016-08-30,16.9,26
143,措备,2016-08-31,20.3,28.5
143,措备,2016-09-01,21.5,32.2
143,措备,2016-09-02,18.9,21.5
143,措备,2016-09-03,19.2,24.4
143,措备,2016-09-04,21.6,27.8
143,措备,2016-09-05,22,27.8
143,措备,2016-09-06,22.9,28.6
143,措备,2016-09-07,20.6,30.1
143,措备,2016-09-08,18,29.2
143,措备,2016-09-09,19.8,29.6
143,措备,2016-09-10,21.4,27.1
143,措备,2016-09-11,20.2,27.1
143,措备,2016-09-12,18.8,22.8
143,措备,2016-09-13,17.8,28.1
143,措备,2016-09-14,18.4,28.2
143,措备,2016-09-15,19.2,28.6
143,措备,2016-09-16,20.7,24.9
143,措备,2016-09-17,18.2,21
143,措备,2016-09-18,18.1,21.4
143,措备,2016-09-19,18,23.3
143,措备,2016-09-20,15,23.8
143,措备,2016-09-21,13.1,23.5
143,措备,2016-09-22,17.2,23.9
143,措备,2016-09-23,16.3,26.8
143,措备,2016-09-24,16.4,28
143,措备,2016-09-25,16.2,26.9
143,措备,2016-09-26,18.7,25.9
143,措备,2016-09-27,21,29.8
143,措备,2016-09-28,20.1,25.8
143,措备,2016-09-29,16.9,20.6
143,措备,2016-09-30,15.6,18.4
143,措备,2016-10-01,17,21.8
143,措备,2016-10-02,19,26.7
143,措备,2016-10-03,21.2,27.6
143,措备,2016-10-04,19,25.6
143,措备,2016-10-05,17.5,23.4
143,措备,2016-10-06,15.8,25.4
143,措备,2016-10-07,16.6,23.5
143,措备,2016-10-08,15.8,20.8
143,措备,2016-10-09,11,19
143,措备,2016-10-10,10.2,19.7
143,措备,2016-10-11,11.4,20.5
143,措备,2016-10-12,11.9,22.7
143,措备,2016-10-13,12.9,20.9
143,措备,2016-10-14,10.1,22.9
143,措备,2016-10-15,10.2,23.5
143,措备,2016-10-16,13.6,16.8
143,措备,2016-10-17,15.1,24.3
143,措备,2016-10-18,12.4,23.6
143,措备,2016-10-19,13.5,23.5
143,措备,2016-10-20,12.4,22.9
143,措备,2016-10-21,14.7,17.9
143,措备,2016-10-22,13.8,20.8
143,措备,2016-10-23,12.3,16.9
143,措备,2016-10-24,10.8,19.4
143,措备,2016-10-25,12.3,20.5
143,措备,2016-10-26,10.3,20.1
143,措备,2016-10-27,9.3,19.7
143,措备,2016-10-28,13.2,15.9
143,措备,2016-10-29,10.1,15.6
143,措备,2016-10-30,5.7,16.4
143,措备,2016-10-31,5.8,11.8
143,措备,2016-11-01,2.8,10.7
143,措备,2016-11-02,2.3,12.4
143,措备,2016-11-03,1.3,14.6
143,措备,2016-11-04,2.5,18
143,措备,2016-11-05,4.9,20.3
143,措备,2016-11-06,8.8,14.5
143,措备,2016-11-07,9.5,17.4
143,措备,2016-11-08,5.2,13.5
143,措备,2016-11-09,1.6,12
143,措备,2016-11-10,4.3,14.2
143,措备,2016-11-11,5.7,15.9
143,措备,2016-11-12,2.8,18.7
143,措备,2016-11-13,4.6,17.8
143,措备,2016-11-14,10.4,20.4
143,措备,2016-11-15,5.5,17
143,措备,2016-11-16,1.6,16.1
143,措备,2016-11-17,5.9,15.5
143,措备,2016-11-18,4,16.5
143,措备,2016-11-19,11.2,18.3
143,措备,2016-11-20,10.7,19.6
143,措备,2016-11-21,7.7,16.8
143,措备,2016-11-22,4.2,11.3
143,措备,2016-11-23,2.1,10.1
143,措备,2016-11-24,-1.3,5.8
143,措备,2016-11-25,.2,8.2
143,措备,2016-11-26,-3,4.7
143,措备,2016-11-27,.9,9
143,措备,2016-11-28,.5,9
143,措备,2016-11-29,-.1,10.2
143,措备,2016-11-30,4.8,10.6
143,措备,2016-12-01,3.7,11.8
143,措备,2016-12-02,1.8,10.9
143,措备,2016-12-03,-2.6,12.3
143,措备,2016-12-04,1,9.8
143,措备,2016-12-05,.4,15.4
143,措备,2016-12-06,-1.9,8.3
143,措备,2016-12-07,-4.9,5.1
143,措备,2016-12-08,-2.4,10.4
143,措备,2016-12-09,1.9,10.4
143,措备,2016-12-10,-3,8.7
143,措备,2016-12-11,-4.8,8.2
143,措备,2016-12-12,-2.9,10.5
143,措备,2016-12-13,1.9,10.1
143,措备,2016-12-14,2.2,6.7
143,措备,2016-12-15,-2.8,3.9
143,措备,2016-12-16,-4.5,3.2
143,措备,2016-12-17,-2.8,10.5
143,措备,2016-12-18,-1.9,10.5
143,措备,2016-12-19,3.2,7.5
143,措备,2016-12-20,4.7,12.6
143,措备,2016-12-21,3.3,11
143,措备,2016-12-22,6,16.6
143,措备,2016-12-23,.6,6.1
143,措备,2016-12-24,-1.9,5
143,措备,2016-12-25,-1.5,10.1
143,措备,2016-12-26,4.1,6.4
143,措备,2016-12-27,-1.5,6.5
143,措备,2016-12-28,-5.1,6.1
143,措备,2016-12-29,-2.4,3.2
143,措备,2016-12-30,-3.1,5.5
143,措备,2016-12-31,-2.2,7.9
143,措备,2017-01-01,-2,10
143,措备,2017-01-02,-.4,12.3
143,措备,2017-01-03,.9,10.9
143,措备,2017-01-04,-1.9,11.2
143,措备,2017-01-05,-1.6,7.6
143,措备,2017-01-06,.7,8.4
143,措备,2017-01-07,-2.7,8.1
143,措备,2017-01-08,4.4,13
143,措备,2017-01-09,2.2,9.4
143,措备,2017-01-10,-.7,5.5
143,措备,2017-01-11,-4.6,3.3
143,措备,2017-01-12,-3.9,8.2
143,措备,2017-01-13,-3.2,4.7
143,措备,2017-01-14,-6.8,-.7
143,措备,2017-01-15,-8.2,2.8
143,措备,2017-01-16,-7.2,5.6
143,措备,2017-01-17,-7.8,7.1
143,措备,2017-01-18,-3.3,6.6
143,措备,2017-01-19,-4.3,8.3
143,措备,2017-01-20,-3.7,1.8
143,措备,2017-01-21,-6.8,3.3
143,措备,2017-01-22,-5.6,-.4
143,措备,2017-01-23,-7.8,-.5
143,措备,2017-01-24,-6.8,2.4
143,措备,2017-01-25,-9,4.4
143,措备,2017-01-26,-8.6,8.1
143,措备,2017-01-27,-.2,7.9
143,措备,2017-01-28,-5.6,9.7
143,措备,2017-01-29,1.1,6.3
143,措备,2017-01-30,-3.3,4.8
143,措备,2017-01-31,-7.3,6.6
143,措备,2017-02-01,-2,5.5
143,措备,2017-02-02,-3.5,7.8
143,措备,2017-02-03,-1,9.7
143,措备,2017-02-04,-2,13.2
143,措备,2017-02-05,2.8,12
143,措备,2017-02-06,-.3,6.2
143,措备,2017-02-07,-3.4,8.1
143,措备,2017-02-08,-1.6,7.9
143,措备,2017-02-09,-4.8,2.5
143,措备,2017-02-10,-5.8,.5
143,措备,2017-02-11,-6.2,2.4
143,措备,2017-02-12,-4.8,6.5
143,措备,2017-02-13,-4.6,8.2
143,措备,2017-02-14,-1.7,8.4
143,措备,2017-02-15,-4.7,12.9
143,措备,2017-02-16,-1.2,17.1
143,措备,2017-02-17,1.9,14.1
143,措备,2017-02-18,-2.1,5.4
143,措备,2017-02-19,-3.6,12.3
143,措备,2017-02-20,-1.3,9.5
143,措备,2017-02-21,-4.9,9.7
143,措备,2017-02-22,1.2,4.9
143,措备,2017-02-23,-1,5.3
143,措备,2017-02-24,-3,7.1
143,措备,2017-02-25,-2.6,10.3
143,措备,2017-02-26,-1.7,11
143,措备,2017-02-27,-.6,12.8
143,措备,2017-02-28,1.4,13.9
143,措备,2017-03-01,1.3,13.7
143,措备,2017-03-02,1.7,8.7
143,措备,2017-03-03,-.1,13.3
143,措备,2017-03-04,1.5,15.8
143,措备,2017-03-05,1.2,15.9
143,措备,2017-03-06,.7,9.1
143,措备,2017-03-07,-1.6,5.3
143,措备,2017-03-08,-2.5,6.5
143,措备,2017-03-09,.7,13.1
143,措备,2017-03-10,1.2,13.6
143,措备,2017-03-11,-1.5,16.8
143,措备,2017-03-12,1,18.7
143,措备,2017-03-13,7.7,16.3
143,措备,2017-03-14,4.6,14
143,措备,2017-03-15,-.1,13
143,措备,2017-03-16,.8,14.3
143,措备,2017-03-17,2.1,16.8
143,措备,2017-03-18,3.1,17.5
143,措备,2017-03-19,2.3,18.6
143,措备,2017-03-20,2.2,15
143,措备,2017-03-21,5.3,15.3
143,措备,2017-03-22,.9,15.5
143,措备,2017-03-23,7.3,17.1
143,措备,2017-03-24,6.1,14.3
143,措备,2017-03-25,4,10.4
143,措备,2017-03-26,4,11.4
143,措备,2017-03-27,3.3,10.7
143,措备,2017-03-28,.4,15.3
143,措备,2017-03-29,5.4,15.2
143,措备,2017-03-30,5,20.2
143,措备,2017-03-31,7.3,11
143,措备,2017-04-01,5.1,11
143,措备,2017-04-02,2.1,15.8
143,措备,2017-04-03,5.3,21.9
143,措备,2017-04-04,5.3,23.2
143,措备,2017-04-05,12.2,17.2
143,措备,2017-04-06,14.9,21
143,措备,2017-04-07,8.9,22.6
143,措备,2017-04-08,9.2,27.2
143,措备,2017-04-09,11.1,17.1
143,措备,2017-04-10,9.3,16.4
143,措备,2017-04-11,8.3,19
143,措备,2017-04-12,11,19.4
143,措备,2017-04-13,5.9,23.4
143,措备,2017-04-14,8.9,22.7
143,措备,2017-04-15,13.7,27.5
143,措备,2017-04-16,12,29
143,措备,2017-04-17,12,17.8
143,措备,2017-04-18,9.7,24.3
143,措备,2017-04-19,10.4,21.2
143,措备,2017-04-20,10.6,19.6
143,措备,2017-04-21,8.7,21.3
143,措备,2017-04-22,8.9,21.4
143,措备,2017-04-23,7.5,23.7
143,措备,2017-04-24,8.6,25.2
143,措备,2017-04-25,14,24.4
143,措备,2017-04-26,13,20.9
143,措备,2017-04-27,10.9,20.5
143,措备,2017-04-28,7,26.3
143,措备,2017-04-29,10,27.9
143,措备,2017-04-30,14.5,31.1
143,措备,2017-05-01,13.3,23.3
143,措备,2017-05-02,8.5,24.7
143,措备,2017-05-03,8.5,28.5
143,措备,2017-05-04,10.7,28.4
143,措备,2017-05-05,17.1,26.5
143,措备,2017-05-06,15.1,25.1
143,措备,2017-05-07,11.2,28.1
143,措备,2017-05-08,10.9,27.6
143,措备,2017-05-09,13.5,19.6
143,措备,2017-05-10,13.5,21.2
143,措备,2017-05-11,12.7,27.7
143,措备,2017-05-12,15.4,20.3
143,措备,2017-05-13,12.6,27.7
143,措备,2017-05-14,14.5,25.9
143,措备,2017-05-15,12.5,24.6
143,措备,2017-05-16,14.4,23.9
143,措备,2017-05-17,13.8,26
143,措备,2017-05-18,13.8,29.2
143,措备,2017-05-19,17,31.7
143,措备,2017-05-20,20,31.7
143,措备,2017-05-21,17.6,30.2
143,措备,2017-05-22,16.3,31
143,措备,2017-05-23,14.1,28.1
143,措备,2017-05-24,18.4,26.3
143,措备,2017-05-25,17.6,32.1
143,措备,2017-05-26,13.5,24
143,措备,2017-05-27,11.5,27.7
143,措备,2017-05-28,13,30.9
143,措备,2017-05-29,18.7,35.9
143,措备,2017-05-30,19.2,33.3
143,措备,2017-05-31,19.9,30.7
143,措备,2017-06-01,17.5,32.6
143,措备,2017-06-02,14.3,28.8
143,措备,2017-06-03,16.2,27.3
143,措备,2017-06-04,12.2,29.1
143,措备,2017-06-05,13.4,26.8
143,措备,2017-06-06,15.2,21.8
143,措备,2017-06-07,17.3,26.5
143,措备,2017-06-08,18.1,27.9
143,措备,2017-06-09,17.4,33
143,措备,2017-06-10,18.6,28.9
143,措备,2017-06-11,17.1,28.9
143,措备,2017-06-12,15.8,23.8
143,措备,2017-06-13,15.7,27.7
143,措备,2017-06-14,15.3,29.2
143,措备,2017-06-15,20.5,32.7
143,措备,2017-06-16,18.4,28
143,措备,2017-06-17,16.4,32.4
143,措备,2017-06-18,17.8,35.7
143,措备,2017-06-19,20.3,36.3
143,措备,2017-06-20,19.9,30.5
143,措备,2017-06-21,18.7,32.2
143,措备,2017-06-22,18.9,33.2
143,措备,2017-06-23,20.2,33.8
143,措备,2017-06-24,20.4,33.2
143,措备,2017-06-25,19.7,29.7
143,措备,2017-06-26,19.7,26.8
143,措备,2017-06-27,20.1,28.5
143,措备,2017-06-28,19.7,32.7
143,措备,2017-06-29,21.2,29.6
143,措备,2017-06-30,21.5,32.7
143,措备,2017-07-01,24.9,30.5
143,措备,2017-07-02,23.7,31.1
143,措备,2017-07-03,25.7,34.3
143,措备,2017-07-04,24,32.1
143,措备,2017-07-05,22.7,33.1
143,措备,2017-07-06,23.4,32.8
143,措备,2017-07-07,24.4,29.2
143,措备,2017-07-08,25,29.7
143,措备,2017-07-09,25,35.4
143,措备,2017-07-10,27.2,32.6
143,措备,2017-07-11,26.8,34
143,措备,2017-07-12,25.9,35.9
143,措备,2017-07-13,24.3,37.2
143,措备,2017-07-14,23.1,35.8
143,措备,2017-07-15,23.7,30.9
143,措备,2017-07-16,24.8,34.5
143,措备,2017-07-17,22.8,33
143,措备,2017-07-18,23.3,32
143,措备,2017-07-19,23.9,35.2
143,措备,2017-07-20,25.6,35.6
143,措备,2017-07-21,27.5,36.6
143,措备,2017-07-22,22.7,38.4
143,措备,2017-07-23,22.5,31.9
143,措备,2017-07-24,26.4,35.9
143,措备,2017-07-25,24,27.9
143,措备,2017-07-26,21.9,30.1
143,措备,2017-07-27,19.1,33.9
143,措备,2017-07-28,21.9,35.4
143,措备,2017-07-29,21.5,26.2
143,措备,2017-07-30,22,30.9
143,措备,2017-07-31,23.7,26.1
143,措备,2017-08-01,23.4,32.8
143,措备,2017-08-02,23.2,31.3
143,措备,2017-08-03,22.5,32.1
143,措备,2017-08-04,24.3,35.6
143,措备,2017-08-05,25.2,36.5
143,措备,2017-08-06,25.8,37
143,措备,2017-08-07,26.3,35.5
143,措备,2017-08-08,24.8,34.5
143,措备,2017-08-09,24.5,29.7
143,措备,2017-08-10,23.6,26.2
143,措备,2017-08-11,22.8,32.3
143,措备,2017-08-12,21.3,30.2
143,措备,2017-08-13,20.5,26.7
143,措备,2017-08-14,21.3,24.2
143,措备,2017-08-15,21.6,25.2
143,措备,2017-08-16,22.8,30.4
143,措备,2017-08-17,22,30.3
143,措备,2017-08-18,21.8,31.1
143,措备,2017-08-19,22.8,30.2
143,措备,2017-08-20,23.2,29.3
143,措备,2017-08-21,23.4,32
143,措备,2017-08-22,23.7,33.5
143,措备,2017-08-23,25.2,35.9
143,措备,2017-08-24,26.2,35.5
143,措备,2017-08-25,24.1,33.7
143,措备,2017-08-26,20,31.4
143,措备,2017-08-27,16.9,31
143,措备,2017-08-28,19,32.3
143,措备,2017-08-29,21.4,30.9
143,措备,2017-08-30,19.4,25.6
143,措备,2017-08-31,15.5,29.1
143,措备,2017-09-01,17.2,27.1
143,措备,2017-09-02,14.6,26.5
143,措备,2017-09-03,14.8,27.9
143,措备,2017-09-04,17.6,28
143,措备,2017-09-05,18.4,24.8
143,措备,2017-09-06,18.2,25.3
143,措备,2017-09-07,18.2,28.3
143,措备,2017-09-08,17.8,29.8
143,措备,2017-09-09,17.9,30.4
143,措备,2017-09-10,18,29.1
143,措备,2017-09-11,19.4,22.7
143,措备,2017-09-12,19.5,30
143,措备,2017-09-13,16.6,28.2
143,措备,2017-09-14,15.3,27.2
143,措备,2017-09-15,17.5,24.7
143,措备,2017-09-16,18.9,24.8
143,措备,2017-09-17,18.6,25.6
143,措备,2017-09-18,16.2,29.1
143,措备,2017-09-19,15.7,29.2
143,措备,2017-09-20,14.9,25.3
143,措备,2017-09-21,11.5,27.1
143,措备,2017-09-22,15.3,28
143,措备,2017-09-23,15.7,27.4
143,措备,2017-09-24,15.5,28.9
143,措备,2017-09-25,17.2,29.4
143,措备,2017-09-26,16.1,28.7
143,措备,2017-09-27,16.1,21.5
143,措备,2017-09-28,17.6,26.7
143,措备,2017-09-29,13.5,22.2
143,措备,2017-09-30,9.2,26.5
143,措备,2017-10-01,11.7,19.4
143,措备,2017-10-02,17.6,23.6
143,措备,2017-10-03,17.1,24.2
143,措备,2017-10-04,15.6,21.6
143,措备,2017-10-05,13.5,20.2
143,措备,2017-10-06,14.1,17.9
143,措备,2017-10-07,17.1,23.9
143,措备,2017-10-08,16.5,27.7
143,措备,2017-10-09,16.6,29.1
143,措备,2017-10-10,18.1,28.3
143,措备,2017-10-11,17.2,23.6
143,措备,2017-10-12,13.9,17.4
143,措备,2017-10-13,10.6,20.1
143,措备,2017-10-14,11.3,21
143,措备,2017-10-15,12.2,19
143,措备,2017-10-16,12.3,19.6
143,措备,2017-10-17,9.7,21.3
143,措备,2017-10-18,14,19.6
143,措备,2017-10-19,11.7,20.5
143,措备,2017-10-20,11,21.9
143,措备,2017-10-21,9.7,22.2
143,措备,2017-10-22,11,21.8
143,措备,2017-10-23,10.5,18.9
143,措备,2017-10-24,8.9,17.5
143,措备,2017-10-25,6.4,20.2
143,措备,2017-10-26,5.8,19.3
143,措备,2017-10-27,10.4,22.2
143,措备,2017-10-28,10.8,20.7
143,措备,2017-10-29,8.9,21.5
143,措备,2017-10-30,6.1,14.8
143,措备,2017-10-31,1.7,18.3
143,措备,2017-11-01,5.1,19.6
143,措备,2017-11-02,8.8,20.9
143,措备,2017-11-03,7.9,20.4
143,措备,2017-11-04,5.6,14.8
143,措备,2017-11-05,3.3,16.4
143,措备,2017-11-06,2.9,18.2
143,措备,2017-11-07,4.7,20.9
143,措备,2017-11-08,11,21.4
143,措备,2017-11-09,4.3,18.9
143,措备,2017-11-10,4.5,22.2
143,措备,2017-11-11,3.2,13
143,措备,2017-11-12,-.5,14.7
143,措备,2017-11-13,1.5,15.7
143,措备,2017-11-14,6.6,15.8
143,措备,2017-11-15,2.5,11.7
143,措备,2017-11-16,1.1,10.3
143,措备,2017-11-17,-2.2,11.4
143,措备,2017-11-18,-1,9.1
143,措备,2017-11-19,-2.1,6.1
143,措备,2017-11-20,1.7,9
143,措备,2017-11-21,-2.2,11.8
143,措备,2017-11-22,1.3,10.8
143,措备,2017-11-23,.1,7.2
143,措备,2017-11-24,-1,7.8
143,措备,2017-11-25,-3.5,11.2
143,措备,2017-11-26,2.1,14
143,措备,2017-11-27,-.6,13.3
143,措备,2017-11-28,1.2,15.5
143,措备,2017-11-29,4.6,14.3
143,措备,2017-11-30,-.5,8.2
143,措备,2017-12-01,-2.6,4.4
143,措备,2017-12-02,-4.5,8.4
143,措备,2017-12-03,-3.1,12.8
143,措备,2017-12-04,-1.4,8.2
143,措备,2017-12-05,-4.1,2.3
143,措备,2017-12-06,-5.5,7.1
143,措备,2017-12-07,-2.6,7.6
143,措备,2017-12-08,-3.1,2.8
143,措备,2017-12-09,-4.3,7
143,措备,2017-12-10,-.5,11
143,措备,2017-12-11,-5.7,2.9
143,措备,2017-12-12,-8.2,-1
143,措备,2017-12-13,-7,1.8
143,措备,2017-12-14,-10.2,3.7
143,措备,2017-12-15,-6.5,6.5
143,措备,2017-12-16,-4.4,3
143,措备,2017-12-17,-6.9,1.1
143,措备,2017-12-18,-6.8,7.7
143,措备,2017-12-19,-2.9,3
143,措备,2017-12-20,-5.8,5.7
143,措备,2017-12-21,-5.8,7.8
143,措备,2017-12-22,-4.4,9.5
143,措备,2017-12-23,-3.5,10.8
143,措备,2017-12-24,.7,5.9
143,措备,2017-12-25,-.7,4.3
143,措备,2017-12-26,-3.2,5.6
143,措备,2017-12-27,-5.9,1.5
143,措备,2017-12-28,-3.6,4.7
143,措备,2017-12-29,.6,9.1
143,措备,2017-12-30,-2.4,8.3
143,措备,2017-12-31,.7,6.4
143,措备,2018-01-01,-1.3,5
143,措备,2018-01-02,-4.7,7.7
143,措备,2018-01-03,-2.9,4
143,措备,2018-01-04,-3.3,4.8
143,措备,2018-01-05,-.4,6.5
143,措备,2018-01-06,-3,6.9
143,措备,2018-01-07,-6.2,3.5
143,措备,2018-01-08,0,4.6
143,措备,2018-01-09,-2.1,3
143,措备,2018-01-10,-6.7,.5
143,措备,2018-01-11,-8.9,-3.3
143,措备,2018-01-12,-10.6,-3
143,措备,2018-01-13,-8,3.7
143,措备,2018-01-14,-7.2,8
143,措备,2018-01-15,-2.8,13.2
143,措备,2018-01-16,-.9,7
143,措备,2018-01-17,3.3,6.8
143,措备,2018-01-18,1.9,9.4
143,措备,2018-01-19,-2.8,8.5
143,措备,2018-01-20,-4.4,8.1
143,措备,2018-01-21,-3.5,9.1
143,措备,2018-01-22,1.1,8.8
143,措备,2018-01-23,-8.3,3.7
143,措备,2018-01-24,-12.3,-6.1
143,措备,2018-01-25,-12.4,-4.4
143,措备,2018-01-26,-13,-3.9
143,措备,2018-01-27,-13.9,2.8
143,措备,2018-01-28,-3.8,3.3
143,措备,2018-01-29,-7,-1
143,措备,2018-01-30,-8.8,1.8
143,措备,2018-01-31,-7.4,5.3
143,措备,2018-02-01,-5.7,5.4
143,措备,2018-02-02,-8.1,5.2
143,措备,2018-02-03,-6.7,-.1
143,措备,2018-02-04,-9.5,-2.3
143,措备,2018-02-05,-9,-1.6
143,措备,2018-02-06,-10.9,-2.8
143,措备,2018-02-07,-10.9,.7
143,措备,2018-02-08,-10.4,5.3
143,措备,2018-02-09,-6.5,10.6
143,措备,2018-02-10,-2.1,8.7
143,措备,2018-02-11,-5.8,1.3
143,措备,2018-02-12,-7.2,1.8
143,措备,2018-02-13,-3.5,7
143,措备,2018-02-14,-4.3,15
143,措备,2018-02-15,-.2,10.5
143,措备,2018-02-16,-3.6,9.8
143,措备,2018-02-17,-2.4,6
143,措备,2018-02-18,-1.2,7.2
143,措备,2018-02-19,-1.5,11.5
143,措备,2018-02-20,-2.7,10.7
143,措备,2018-02-21,.5,6.9
143,措备,2018-02-22,-4.8,8.2
143,措备,2018-02-23,-4.2,11.5
143,措备,2018-02-24,1.4,12.2
143,措备,2018-02-25,2.5,12.2
143,措备,2018-02-26,-3.1,13.4
143,措备,2018-02-27,-1.8,14.7
143,措备,2018-02-28,4.3,10.9
143,措备,2018-03-01,-.2,9.3
143,措备,2018-03-02,-2.8,11.6
143,措备,2018-03-03,-.3,17.7
143,措备,2018-03-04,5.8,19
143,措备,2018-03-05,2.6,12.9
143,措备,2018-03-06,.3,10.7
143,措备,2018-03-07,2.4,7.9
143,措备,2018-03-08,0,4.4
143,措备,2018-03-09,-.1,6.3
143,措备,2018-03-10,-.3,13.8
143,措备,2018-03-11,2.2,15.7
143,措备,2018-03-12,.7,20.1
143,措备,2018-03-13,4,23
143,措备,2018-03-14,8.2,24.4
143,措备,2018-03-15,11.9,16.5
143,措备,2018-03-16,.8,11.8
143,措备,2018-03-17,-1.9,13.6
143,措备,2018-03-18,1.3,14.8
143,措备,2018-03-19,4,11.3
143,措备,2018-03-20,3.1,7.9
143,措备,2018-03-21,0,3.3
143,措备,2018-03-22,1.8,11.7
143,措备,2018-03-23,0,15.6
143,措备,2018-03-24,4.6,18.5
143,措备,2018-03-25,4.9,21.8
143,措备,2018-03-26,6.2,22.6
143,措备,2018-03-27,7.9,24.1
143,措备,2018-03-28,9.8,25.9
143,措备,2018-03-29,10.3,23.9
143,措备,2018-03-30,9.5,18.5
143,措备,2018-03-31,6,24
143,措备,2018-04-01,10.2,23.7
143,措备,2018-04-02,12.9,26.5
143,措备,2018-04-03,13.6,27.2
143,措备,2018-04-04,7.6,18.6
143,措备,2018-04-05,7.2,9.6
143,措备,2018-04-06,5.8,16.2
143,措备,2018-04-07,3.5,10.2
143,措备,2018-04-08,.5,14.2
143,措备,2018-04-09,8.3,19.4
143,措备,2018-04-10,5.3,22.5
143,措备,2018-04-11,14.5,24.1
143,措备,2018-04-12,8,23.7
143,措备,2018-04-13,7.1,18
143,措备,2018-04-14,9,12.1
143,措备,2018-04-15,9,17.9
143,措备,2018-04-16,6.4,19.2
143,措备,2018-04-17,8.3,21.8
143,措备,2018-04-18,8.5,24.9
143,措备,2018-04-19,9.5,28
143,措备,2018-04-20,11.1,30.5
143,措备,2018-04-21,13,32
143,措备,2018-04-22,12.2,21.5
143,措备,2018-04-23,9.5,12.8
143,措备,2018-04-24,9.7,12.9
143,措备,2018-04-25,5.1,21.8
143,措备,2018-04-26,5.5,25.9
143,措备,2018-04-27,12.1,24
143,措备,2018-04-28,8.2,27
143,措备,2018-04-29,9.7,27.8
143,措备,2018-04-30,14.9,28.3
143,措备,2018-05-01,14.9,24.6
143,措备,2018-05-02,13.4,19.5
143,措备,2018-05-03,9.5,19.3
143,措备,2018-05-04,7.2,23
143,措备,2018-05-05,10.9,27.9
143,措备,2018-05-06,14.9,18.7
143,措备,2018-05-07,13.4,18.9
143,措备,2018-05-08,12.9,16.7
143,措备,2018-05-09,11.1,17.1
143,措备,2018-05-10,11,25
143,措备,2018-05-11,11.3,26.9
143,措备,2018-05-12,15.4,19.9
143,措备,2018-05-13,16.3,25.9
143,措备,2018-05-14,14.2,29.6
143,措备,2018-05-15,17.2,32
143,措备,2018-05-16,22.6,27
143,措备,2018-05-17,23.6,30.6
143,措备,2018-05-18,12.6,25
143,措备,2018-05-19,11.2,18.3
143,措备,2018-05-20,8.9,19.2
143,措备,2018-05-21,13.4,19.2
143,措备,2018-05-22,10.8,25.6
143,措备,2018-05-23,14.9,26.6
143,措备,2018-05-24,11.3,30.2
143,措备,2018-05-25,15.4,29.4
143,措备,2018-05-26,14.8,30.6
143,措备,2018-05-27,15.4,28.2
143,措备,2018-05-28,18.2,27.7
143,措备,2018-05-29,17.4,29.9
143,措备,2018-05-30,17.8,29.1
143,措备,2018-05-31,17.9,27.6
143,措备,2018-06-01,15.5,32.2
143,措备,2018-06-02,18.8,33.9
143,措备,2018-06-03,18.4,32.1
143,措备,2018-06-04,19.2,30.8
143,措备,2018-06-05,20.4,26
143,措备,2018-06-06,17.6,31.5
143,措备,2018-06-07,19.6,33.8
143,措备,2018-06-08,21.2,31.7
143,措备,2018-06-09,18,23.3
143,措备,2018-06-10,15.8,22.4
143,措备,2018-06-11,15.3,19.6
143,措备,2018-06-12,15.2,25.6
143,措备,2018-06-13,17.3,25.2
143,措备,2018-06-14,17.3,24.2
143,措备,2018-06-15,17.2,23.1
143,措备,2018-06-16,16,22.6
143,措备,2018-06-17,13.7,29
143,措备,2018-06-18,18.9,32.4
143,措备,2018-06-19,20.3,25
143,措备,2018-06-20,18.7,29.5
143,措备,2018-06-21,19.1,31.8
143,措备,2018-06-22,17.7,32
143,措备,2018-06-23,20.9,32.3
143,措备,2018-06-24,22.6,35
143,措备,2018-06-25,20.9,35.3
143,措备,2018-06-26,22.3,28.6
143,措备,2018-06-27,20,32.1
143,措备,2018-06-28,20.9,25.4
143,措备,2018-06-29,21.5,29.8
143,措备,2018-06-30,20.4,25.6
143,措备,2018-07-01,19.7,30.2
143,措备,2018-07-02,21.6,29
143,措备,2018-07-03,22.3,27.3
143,措备,2018-07-04,22.2,33.4
143,措备,2018-07-05,21.4,25
143,措备,2018-07-06,18.9,22.5
143,措备,2018-07-07,18,24.3
143,措备,2018-07-08,17.6,22.3
143,措备,2018-07-09,17.9,20.7
143,措备,2018-07-10,18.6,30.9
143,措备,2018-07-11,23,32.9
143,措备,2018-07-12,24.8,34.4
143,措备,2018-07-13,26.6,35.1
143,措备,2018-07-14,26,36.4
143,措备,2018-07-15,26.5,36.5
143,措备,2018-07-16,25.9,37.2
143,措备,2018-07-17,26.1,36.6
143,措备,2018-07-18,25.4,35.6
143,措备,2018-07-19,26,36.6
143,措备,2018-07-20,25.4,38.5
143,措备,2018-07-21,25.7,36.8
143,措备,2018-07-22,26.3,35.8
143,措备,2018-07-23,27.4,38
143,措备,2018-07-24,26.7,38.6
143,措备,2018-07-25,27.2,37.1
143,措备,2018-07-26,27.9,38
143,措备,2018-07-27,28.6,39.2
143,措备,2018-07-28,26.7,33.9
143,措备,2018-07-29,24.4,36.9
143,措备,2018-07-30,25.4,33
143,措备,2018-07-31,24.3,34.3
143,措备,2018-08-01,24,37.5
143,措备,2018-08-02,25.2,37.2
143,措备,2018-08-03,25.3,37.8
143,措备,2018-08-04,27.2,38.7
143,措备,2018-08-05,28.6,36.9
143,措备,2018-08-06,26.9,36.1
143,措备,2018-08-07,25.9,32.2
143,措备,2018-08-08,24.1,37.1
143,措备,2018-08-09,24.9,37
143,措备,2018-08-10,23.7,28.8
143,措备,2018-08-11,24.8,29.5
143,措备,2018-08-12,24.2,32
143,措备,2018-08-13,25.4,36.2
143,措备,2018-08-14,24.6,36.8
143,措备,2018-08-15,24.7,34.9
143,措备,2018-08-16,23.9,31.9
143,措备,2018-08-17,21.6,28.2
143,措备,2018-08-18,18.7,28.6
143,措备,2018-08-19,18.4,31.3
143,措备,2018-08-20,20,32.4
143,措备,2018-08-21,21,36.9
143,措备,2018-08-22,25,33.7
143,措备,2018-08-23,25.3,29.7
143,措备,2018-08-24,24.8,33.5
143,措备,2018-08-25,23.4,31.9
143,措备,2018-08-26,19.3,23.9
143,措备,2018-08-27,20.4,24.9
143,措备,2018-08-28,23,31.7
143,措备,2018-08-29,22.4,33
143,措备,2018-08-30,24.9,32.4
143,措备,2018-08-31,21.7,26.3
143,措备,2018-09-01,20.5,27.4
143,措备,2018-09-02,18.9,25.3
143,措备,2018-09-03,20.3,26.6
143,措备,2018-09-04,19.1,30.2
143,措备,2018-09-05,19.5,30.4
143,措备,2018-09-06,17.9,27.1
143,措备,2018-09-07,20.7,27.4
143,措备,2018-09-08,17.1,24.4
143,措备,2018-09-09,15.2,27.2
143,措备,2018-09-10,16.5,24.9
143,措备,2018-09-11,14.6,23.8
143,措备,2018-09-12,17.1,25.6
143,措备,2018-09-13,19.1,23.9
143,措备,2018-09-14,20.2,23.3
143,措备,2018-09-15,20.3,24.2
143,措备,2018-09-16,21.6,28.9
143,措备,2018-09-17,19.8,28.8
143,措备,2018-09-18,18,29.2
143,措备,2018-09-19,18.5,26.2
143,措备,2018-09-20,19.7,21.6
143,措备,2018-09-21,19.1,20.3
143,措备,2018-09-22,17.4,27.4
143,措备,2018-09-23,14.3,27.4
143,措备,2018-09-24,13.1,21.5
143,措备,2018-09-25,10.4,23.7
143,措备,2018-09-26,13.9,22
143,措备,2018-09-27,11.1,23.2
143,措备,2018-09-28,11,21.9
143,措备,2018-09-29,15.6,21
143,措备,2018-09-30,16.3,27
143,措备,2018-10-01,14,20.6
143,措备,2018-10-02,12.1,23.5
143,措备,2018-10-03,10.2,23.8
143,措备,2018-10-04,11.5,23.7
143,措备,2018-10-05,17.1,19.1
143,措备,2018-10-06,18.4,23.6
143,措备,2018-10-07,14.7,25.8
143,措备,2018-10-08,12.8,22.1
143,措备,2018-10-09,11.5,19.6
143,措备,2018-10-10,11.9,19.2
143,措备,2018-10-11,8.3,16.4
143,措备,2018-10-12,5.3,18.1
143,措备,2018-10-13,8,20.9
143,措备,2018-10-14,8,21.2
143,措备,2018-10-15,10.5,21.7
143,措备,2018-10-16,10.3,17.5
143,措备,2018-10-17,8.3,20.6
143,措备,2018-10-18,6.5,19.5
143,措备,2018-10-19,8.6,20.1
143,措备,2018-10-20,6.6,20.2
143,措备,2018-10-21,4.9,22.1
143,措备,2018-10-22,6.3,19.8
143,措备,2018-10-23,11.4,22.1
143,措备,2018-10-24,9,21.1
143,措备,2018-10-25,5.9,20.7
143,措备,2018-10-26,9.5,14.9
143,措备,2018-10-27,9,16.3
143,措备,2018-10-28,4.2,18.9
143,措备,2018-10-29,5.9,17.5
143,措备,2018-10-30,5.7,13.7
143,措备,2018-10-31,2.8,15.8
143,措备,2018-11-01,1.9,17.2
143,措备,2018-11-02,1.8,18.6
143,措备,2018-11-03,2.2,20.1
143,措备,2018-11-04,3.4,21.2
143,措备,2018-11-05,3.1,20
143,措备,2018-11-06,6.4,20.9
143,措备,2018-11-07,10.9,17
143,措备,2018-11-08,12.9,17.6
143,措备,2018-11-09,8.3,16.5
143,措备,2018-11-10,4.6,19
143,措备,2018-11-11,4.8,17.1
143,措备,2018-11-12,7.3,16.5
143,措备,2018-11-13,6.4,15.4
143,措备,2018-11-14,3.9,17.6
143,措备,2018-11-15,3.5,16.7
143,措备,2018-11-16,4.7,13.4
143,措备,2018-11-17,4.2,15.3
143,措备,2018-11-18,3.9,11.6
143,措备,2018-11-19,2.8,14.5
143,措备,2018-11-20,3,14.5
143,措备,2018-11-21,-.2,11.3
143,措备,2018-11-22,1.5,9
143,措备,2018-11-23,-1.8,8.8
143,措备,2018-11-24,-2.7,5.3
143,措备,2018-11-25,1,10.5
143,措备,2018-11-26,-.6,13.9
143,措备,2018-11-27,.8,16.8
143,措备,2018-11-28,2.2,13.1
143,措备,2018-11-29,-1.2,12
143,措备,2018-11-30,.9,14
143,措备,2018-12-01,2.8,11.4
143,措备,2018-12-02,.7,14.7
143,措备,2018-12-03,8.9,15.5
143,措备,2018-12-04,8,16.1
143,措备,2018-12-05,2.2,10.4
143,措备,2018-12-06,4.1,7.8
143,措备,2018-12-07,-5.2,4.8
143,措备,2018-12-08,-6.5,-.3
143,措备,2018-12-09,-6.2,1.6
143,措备,2018-12-10,-8.3,6.3
143,措备,2018-12-11,-3.3,1.8
143,措备,2018-12-12,-1.8,3.5
143,措备,2018-12-13,-4,6.8
143,措备,2018-12-14,-3.7,3.9
143,措备,2018-12-15,-7.9,6.5
143,措备,2018-12-16,-3.2,1.8
143,措备,2018-12-17,-2.5,7.6
143,措备,2018-12-18,-1.1,8.7
143,措备,2018-12-19,-1.6,13.1
143,措备,2018-12-20,0,9.5
143,措备,2018-12-21,-2.6,12.4
143,措备,2018-12-22,0,14.5
143,措备,2018-12-23,2.7,11.6
143,措备,2018-12-24,-1.3,5.5
143,措备,2018-12-25,-4.6,5.6
143,措备,2018-12-26,1.3,8.9
143,措备,2018-12-27,-7.4,1.6
143,措备,2018-12-28,-8.8,-2.2
143,措备,2018-12-29,-7.3,-.7
143,措备,2018-12-30,-6.8,1.6
143,措备,2018-12-31,-8.3,5.6
