지점,지점명,일시,최저기온(°C),최고기온(°C)
108,서울,2015-01-01,-9.8,-4.3
108,서울,2015-01-02,-9,-1.9
108,서울,2015-01-03,-9.2,3.1
108,서울,2015-01-04,.2,8.5
108,서울,2015-01-05,-1.1,7.9
108,서울,2015-01-06,-7.6,4
108,서울,2015-01-07,-8.9,-.6
108,서울,2015-01-08,-9.5,-.2
108,서울,2015-01-09,-6.8,3.5
108,서울,2015-01-10,-5.6,4.8
108,서울,2015-01-11,-4.3,2.5
108,서울,2015-01-12,-7.3,3.7
108,서울,2015-01-13,-5.1,5.8
108,서울,2015-01-14,-.3,6.1
108,서울,2015-01-15,-1.1,9
108,서울,2015-01-16,-2.5,3.4
108,서울,2015-01-17,-7.7,0
108,서울,2015-01-18,-6.5,2.1
108,서울,2015-01-19,-4,3.1
108,서울,2015-01-20,-6.4,4.4
108,서울,2015-01-21,-1.2,6.5
108,서울,2015-01-22,.8,7.1
108,서울,2015-01-23,-1.6,4.9
108,서울,2015-01-24,.8,8.4
108,서울,2015-01-25,1.1,5
108,서울,2015-01-26,.2,6.5
108,서울,2015-01-27,-7.4,.5
108,서울,2015-01-28,-9.1,2.7
108,서울,2015-01-29,-4.6,3
108,서울,2015-01-30,-7,.8
108,서울,2015-01-31,-8.5,.8
108,서울,2015-02-01,-8.2,3.6
108,서울,2015-02-02,-5.3,6.4
108,서울,2015-02-03,-3.5,7.2
108,서울,2015-02-04,-3.1,5.8
108,서울,2015-02-05,-3.8,4.8
108,서울,2015-02-06,-4.3,6.5
108,서울,2015-02-07,-2.7,5.7
108,서울,2015-02-08,-11.9,-2.8
108,서울,2015-02-09,-13,-.1
108,서울,2015-02-10,-2,5.8
108,서울,2015-02-11,-.8,8
108,서울,2015-02-12,-4.7,1.6
108,서울,2015-02-13,-6.4,4
108,서울,2015-02-14,-3.1,6.6
108,서울,2015-02-15,3.2,13
108,서울,2015-02-16,4.1,7.9
108,서울,2015-02-17,.5,4.1
108,서울,2015-02-18,-1.5,3.3
108,서울,2015-02-19,-2.7,8.6
108,서울,2015-02-20,-1.3,11.4
108,서울,2015-02-21,4.8,6.7
108,서울,2015-02-22,-.7,7
108,서울,2015-02-23,-2.4,5.9
108,서울,2015-02-24,-1.1,7.5
108,서울,2015-02-25,.2,12.5
108,서울,2015-02-26,-3.5,4.7
108,서울,2015-02-27,-5.6,4.8
108,서울,2015-02-28,-2,6.4
108,서울,2015-03-01,-.2,5.9
108,서울,2015-03-02,-1.9,9.7
108,서울,2015-03-03,-1.3,6.7
108,서울,2015-03-04,-4.6,1.4
108,서울,2015-03-05,-5.4,5.5
108,서울,2015-03-06,-3.2,10.4
108,서울,2015-03-07,-2.3,11
108,서울,2015-03-08,.4,15.1
108,서울,2015-03-09,-5.4,8.2
108,서울,2015-03-10,-6.9,1
108,서울,2015-03-11,-5.1,7.5
108,서울,2015-03-12,-3.5,6.7
108,서울,2015-03-13,1.8,11
108,서울,2015-03-14,-1.2,11.6
108,서울,2015-03-15,0,12.5
108,서울,2015-03-16,1.3,18.6
108,서울,2015-03-17,6.9,16.1
108,서울,2015-03-18,8.4,14.4
108,서울,2015-03-19,6.5,21
108,서울,2015-03-20,7.6,21.9
108,서울,2015-03-21,6.9,17.8
108,서울,2015-03-22,2.2,14.9
108,서울,2015-03-23,0,10.1
108,서울,2015-03-24,-.9,12.4
108,서울,2015-03-25,.1,14.2
108,서울,2015-03-26,1.6,14.8
108,서울,2015-03-27,3.2,16.2
108,서울,2015-03-28,2.5,17
108,서울,2015-03-29,7,16.5
108,서울,2015-03-30,5.9,20.8
108,서울,2015-03-31,10,14.9
108,서울,2015-04-01,10,17.6
108,서울,2015-04-02,8.5,21.8
108,서울,2015-04-03,6.9,15.1
108,서울,2015-04-04,8.9,18.5
108,서울,2015-04-05,10.1,12.2
108,서울,2015-04-06,6.9,15.4
108,서울,2015-04-07,5.5,12.2
108,서울,2015-04-08,3.5,13.7
108,서울,2015-04-09,3.8,16.3
108,서울,2015-04-10,4.6,19.2
108,서울,2015-04-11,6.7,20.7
108,서울,2015-04-12,9.1,20.4
108,서울,2015-04-13,7.4,17.6
108,서울,2015-04-14,5.8,8
108,서울,2015-04-15,5.6,17
108,서울,2015-04-16,6.9,14.8
108,서울,2015-04-17,4.8,16.1
108,서울,2015-04-18,5.2,23.7
108,서울,2015-04-19,11.2,17.3
108,서울,2015-04-20,10.3,16.8
108,서울,2015-04-21,7.7,20.9
108,서울,2015-04-22,9.3,20.7
108,서울,2015-04-23,8,20.1
108,서울,2015-04-24,10.4,22.8
108,서울,2015-04-25,9.2,23
108,서울,2015-04-26,9.9,24.4
108,서울,2015-04-27,12.7,24.9
108,서울,2015-04-28,12.3,26.9
108,서울,2015-04-29,15.8,18.4
108,서울,2015-04-30,15.1,28.3
108,서울,2015-05-01,15.9,27.2
108,서울,2015-05-02,15.8,26
108,서울,2015-05-03,17.1,19.6
108,서울,2015-05-04,12.5,20.1
108,서울,2015-05-05,8.3,19.9
108,서울,2015-05-06,9.8,22
108,서울,2015-05-07,10.6,24
108,서울,2015-05-08,11.7,22.7
108,서울,2015-05-09,12.6,24
108,서울,2015-05-10,13.5,25.9
108,서울,2015-05-11,14.4,24.1
108,서울,2015-05-12,10.3,17.5
108,서울,2015-05-13,11.8,21.4
108,서울,2015-05-14,15.3,26.6
108,서울,2015-05-15,16.3,23.7
108,서울,2015-05-16,11.6,25.2
108,서울,2015-05-17,11.7,25.2
108,서울,2015-05-18,13.7,22.2
108,서울,2015-05-19,13,16.2
108,서울,2015-05-20,10.6,21.9
108,서울,2015-05-21,12.6,26
108,서울,2015-05-22,13.7,27.2
108,서울,2015-05-23,13.6,28.3
108,서울,2015-05-24,14,28.5
108,서울,2015-05-25,14.4,28.7
108,서울,2015-05-26,14.1,30.3
108,서울,2015-05-27,14.4,31.5
108,서울,2015-05-28,16.7,32.2
108,서울,2015-05-29,18.5,29.8
108,서울,2015-05-30,17,23.2
108,서울,2015-05-31,15.3,30.4
108,서울,2015-06-01,15.8,28.5
108,서울,2015-06-02,18.1,29.8
108,서울,2015-06-03,17.1,29.4
108,서울,2015-06-04,17.1,31.5
108,서울,2015-06-05,17.5,22
108,서울,2015-06-06,16.4,28.9
108,서울,2015-06-07,18.7,31.5
108,서울,2015-06-08,18.2,27.8
108,서울,2015-06-09,18.8,28.1
108,서울,2015-06-10,17.6,34.9
108,서울,2015-06-11,20.7,30.2
108,서울,2015-06-12,19.4,29.9
108,서울,2015-06-13,20.1,30.9
108,서울,2015-06-14,17.8,27.7
108,서울,2015-06-15,19.6,30.6
108,서울,2015-06-16,20,30.9
108,서울,2015-06-17,20.2,30.8
108,서울,2015-06-18,19.6,31.3
108,서울,2015-06-19,20,29.9
108,서울,2015-06-20,17,22.6
108,서울,2015-06-21,15.6,29.6
108,서울,2015-06-22,19.4,29.1
108,서울,2015-06-23,19.7,31
108,서울,2015-06-24,21.1,30.6
108,서울,2015-06-25,21,29.1
108,서울,2015-06-26,18,25.3
108,서울,2015-06-27,19.2,31.1
108,서울,2015-06-28,21,31.1
108,서울,2015-06-29,21.2,30.6
108,서울,2015-06-30,21.9,29.2
108,서울,2015-07-01,21,27.9
108,서울,2015-07-02,20.4,29.3
108,서울,2015-07-03,19.2,28.3
108,서울,2015-07-04,18.2,29.9
108,서울,2015-07-05,20.1,29.6
108,서울,2015-07-06,20.2,32.5
108,서울,2015-07-07,21.4,29.7
108,서울,2015-07-08,20.7,26.3
108,서울,2015-07-09,22.1,31.8
108,서울,2015-07-10,23.6,34.3
108,서울,2015-07-11,25.7,36
108,서울,2015-07-12,24,28
108,서울,2015-07-13,21.4,24.9
108,서울,2015-07-14,22.5,31.4
108,서울,2015-07-15,22.7,33.9
108,서울,2015-07-16,20.6,28.9
108,서울,2015-07-17,18.4,28.6
108,서울,2015-07-18,22.3,27.8
108,서울,2015-07-19,21.3,29.8
108,서울,2015-07-20,24.4,31.2
108,서울,2015-07-21,24.6,29.6
108,서울,2015-07-22,25.3,31.7
108,서울,2015-07-23,24.9,32.1
108,서울,2015-07-24,22.6,25.4
108,서울,2015-07-25,24.4,26.4
108,서울,2015-07-26,23.5,30
108,서울,2015-07-27,24.4,30
108,서울,2015-07-28,24.6,31.2
108,서울,2015-07-29,24.8,28.8
108,서울,2015-07-30,25.5,33.1
108,서울,2015-07-31,26.2,32.4
108,서울,2015-08-01,26,31.6
108,서울,2015-08-02,24.1,29.2
108,서울,2015-08-03,25.6,31.5
108,서울,2015-08-04,25.4,30.8
108,서울,2015-08-05,25.9,32.7
108,서울,2015-08-06,24.5,34.4
108,서울,2015-08-07,26,34.4
108,서울,2015-08-08,24.3,33
108,서울,2015-08-09,23.3,31
108,서울,2015-08-10,23.9,32
108,서울,2015-08-11,24.5,30.6
108,서울,2015-08-12,22.1,32.9
108,서울,2015-08-13,23.9,31.1
108,서울,2015-08-14,22.7,32.5
108,서울,2015-08-15,23.1,30.8
108,서울,2015-08-16,20.7,31.2
108,서울,2015-08-17,19.8,32.9
108,서울,2015-08-18,24.1,32.2
108,서울,2015-08-19,24.2,29.7
108,서울,2015-08-20,24.2,28.1
108,서울,2015-08-21,23,29.3
108,서울,2015-08-22,23.4,29.6
108,서울,2015-08-23,20.9,31.7
108,서울,2015-08-24,23.3,30.3
108,서울,2015-08-25,19.2,24.5
108,서울,2015-08-26,18.9,25.3
108,서울,2015-08-27,21.2,30
108,서울,2015-08-28,19,28.1
108,서울,2015-08-29,19,30.8
108,서울,2015-08-30,19.9,31
108,서울,2015-08-31,21,31.2
108,서울,2015-09-01,22.6,30.7
108,서울,2015-09-02,22,27.7
108,서울,2015-09-03,19.8,28.2
108,서울,2015-09-04,20.6,30.7
108,서울,2015-09-05,19.4,23.6
108,서울,2015-09-06,19.3,26.2
108,서울,2015-09-07,16.8,28.7
108,서울,2015-09-08,16.2,28.9
108,서울,2015-09-09,15.3,30.1
108,서울,2015-09-10,17,28.4
108,서울,2015-09-11,16.8,24.4
108,서울,2015-09-12,15.5,24
108,서울,2015-09-13,15.2,26
108,서울,2015-09-14,16.4,27.8
108,서울,2015-09-15,17.4,28.7
108,서울,2015-09-16,16,26.7
108,서울,2015-09-17,15.5,27.6
108,서울,2015-09-18,15.9,29.2
108,서울,2015-09-19,17,29
108,서울,2015-09-20,17.9,28.3
108,서울,2015-09-21,16.5,29.4
108,서울,2015-09-22,18,31
108,서울,2015-09-23,19,26.1
108,서울,2015-09-24,17.5,30.6
108,서울,2015-09-25,19,29.8
108,서울,2015-09-26,17.9,28
108,서울,2015-09-27,14.2,29.8
108,서울,2015-09-28,15.5,28.3
108,서울,2015-09-29,15.9,28.2
108,서울,2015-09-30,19.4,26.2
108,서울,2015-10-01,10.7,19.7
108,서울,2015-10-02,8.6,21.5
108,서울,2015-10-03,13.3,24.5
108,서울,2015-10-04,11.2,22.4
108,서울,2015-10-05,11,25.6
108,서울,2015-10-06,12.1,26.3
108,서울,2015-10-07,14.1,25.7
108,서울,2015-10-08,15.7,26.4
108,서울,2015-10-09,12.8,20.5
108,서울,2015-10-10,10.4,17.2
108,서울,2015-10-11,8.1,14.4
108,서울,2015-10-12,8.2,17.9
108,서울,2015-10-13,7.8,21.3
108,서울,2015-10-14,10.9,24.5
108,서울,2015-10-15,12.1,26.1
108,서울,2015-10-16,13.2,24.2
108,서울,2015-10-17,12.4,26.6
108,서울,2015-10-18,12.4,24.2
108,서울,2015-10-19,13.6,23.9
108,서울,2015-10-20,15.4,25.1
108,서울,2015-10-21,13.9,22.7
108,서울,2015-10-22,14.5,23.1
108,서울,2015-10-23,15.2,21.4
108,서울,2015-10-24,13.2,22
108,서울,2015-10-25,12.1,22.8
108,서울,2015-10-26,12,18.7
108,서울,2015-10-27,7.7,15.9
108,서울,2015-10-28,5.6,15.8
108,서울,2015-10-29,3.2,14.7
108,서울,2015-10-30,1.7,10.4
108,서울,2015-10-31,1.1,12.3
108,서울,2015-11-01,1.3,12.6
108,서울,2015-11-02,6.1,15.2
108,서울,2015-11-03,6.6,18.7
108,서울,2015-11-04,5.8,19.8
108,서울,2015-11-05,8.6,19.2
108,서울,2015-11-06,9.6,19.2
108,서울,2015-11-07,9.3,11.7
108,서울,2015-11-08,10.3,11.8
108,서울,2015-11-09,9.8,12.1
108,서울,2015-11-10,7.7,13.5
108,서울,2015-11-11,6.6,17.7
108,서울,2015-11-12,10.2,21
108,서울,2015-11-13,10.5,13.1
108,서울,2015-11-14,11,14.2
108,서울,2015-11-15,10.6,17.2
108,서울,2015-11-16,10.7,14
108,서울,2015-11-17,11,19.3
108,서울,2015-11-18,8.4,12.6
108,서울,2015-11-19,6.7,10.8
108,서울,2015-11-20,7.1,14.4
108,서울,2015-11-21,5,15.4
108,서울,2015-11-22,5.9,15.7
108,서울,2015-11-23,6.5,11
108,서울,2015-11-24,2.7,8.8
108,서울,2015-11-25,.9,5.3
108,서울,2015-11-26,-4.8,.9
108,서울,2015-11-27,-7.3,2
108,서울,2015-11-28,-2.7,2.6
108,서울,2015-11-29,1,3.9
108,서울,2015-11-30,.9,8.5
108,서울,2015-12-01,-1.3,10.4
108,서울,2015-12-02,2.9,8.5
108,서울,2015-12-03,-3.2,3.3
108,서울,2015-12-04,-4.4,3.1
108,서울,2015-12-05,.6,7.2
108,서울,2015-12-06,-2,7.8
108,서울,2015-12-07,-3.4,6.7
108,서울,2015-12-08,-1.4,9.6
108,서울,2015-12-09,-.8,10.9
108,서울,2015-12-10,5.8,9.2
108,서울,2015-12-11,3.3,12.2
108,서울,2015-12-12,1.1,11
108,서울,2015-12-13,.9,12.2
108,서울,2015-12-14,2.6,6.4
108,서울,2015-12-15,2,8.2
108,서울,2015-12-16,-5,2.8
108,서울,2015-12-17,-7.4,-.4
108,서울,2015-12-18,-7,-1
108,서울,2015-12-19,-4.6,6.8
108,서울,2015-12-20,-3.4,6
108,서울,2015-12-21,-.2,5
108,서울,2015-12-22,-1.5,7.7
108,서울,2015-12-23,2.9,10.6
108,서울,2015-12-24,-1.6,5.3
108,서울,2015-12-25,-4.9,3.7
108,서울,2015-12-26,-3.2,4.7
108,서울,2015-12-27,-8.9,-1
108,서울,2015-12-28,-9.5,-1
108,서울,2015-12-29,-8.7,2.9
108,서울,2015-12-30,-3.5,4.3
108,서울,2015-12-31,-1.9,2.8
108,서울,2016-01-01,-3.3,4
108,서울,2016-01-02,1,9.5
108,서울,2016-01-03,5.1,9.4
108,서울,2016-01-04,-2.5,5.3
108,서울,2016-01-05,-4.8,1.5
108,서울,2016-01-06,-4.9,1.7
108,서울,2016-01-07,-5.9,1.4
108,서울,2016-01-08,-6.9,1
108,서울,2016-01-09,-6.2,2.4
108,서울,2016-01-10,-2.7,3.8
108,서울,2016-01-11,-6.5,.9
108,서울,2016-01-12,-9.1,.7
108,서울,2016-01-13,-8.2,.1
108,서울,2016-01-14,-8.4,1.3
108,서울,2016-01-15,-4.3,5.3
108,서울,2016-01-16,-2.1,2.8
108,서울,2016-01-17,-.7,5.4
108,서울,2016-01-18,-12.3,.4
108,서울,2016-01-19,-15.1,-8.9
108,서울,2016-01-20,-14.5,-5.2
108,서울,2016-01-21,-10.2,-2.3
108,서울,2016-01-22,-11.1,-3.8
108,서울,2016-01-23,-16,-8.3
108,서울,2016-01-24,-18,-10.5
108,서울,2016-01-25,-14.3,-3.4
108,서울,2016-01-26,-8.5,1.7
108,서울,2016-01-27,-4.7,4.3
108,서울,2016-01-28,-5.6,3.5
108,서울,2016-01-29,-1.4,5.4
108,서울,2016-01-30,-2.5,5.2
108,서울,2016-01-31,-6.5,.3
108,서울,2016-02-01,-9.1,-1
108,서울,2016-02-02,-10,.9
108,서울,2016-02-03,-8.3,4
108,서울,2016-02-04,-4,3.9
108,서울,2016-02-05,-6.8,3.4
108,서울,2016-02-06,-6.2,2
108,서울,2016-02-07,-8.3,3.5
108,서울,2016-02-08,-4.3,5.5
108,서울,2016-02-09,-3.9,5.5
108,서울,2016-02-10,-4.3,10.7
108,서울,2016-02-11,1.6,13.5
108,서울,2016-02-12,6.8,10
108,서울,2016-02-13,5.8,14.4
108,서울,2016-02-14,-6.8,5.8
108,서울,2016-02-15,-10,-2.3
108,서울,2016-02-16,-6.7,1.1
108,서울,2016-02-17,-5.2,5.4
108,서울,2016-02-18,-1.4,7.8
108,서울,2016-02-19,.1,4.4
108,서울,2016-02-20,-2.5,6.3
108,서울,2016-02-21,-4.2,4.4
108,서울,2016-02-22,-2.2,4.2
108,서울,2016-02-23,-4.5,4.5
108,서울,2016-02-24,-6.8,2.2
108,서울,2016-02-25,-5.8,5.7
108,서울,2016-02-26,-3.2,7.5
108,서울,2016-02-27,.5,8.1
108,서울,2016-02-28,-2.6,6.9
108,서울,2016-02-29,-5.9,-1.1
108,서울,2016-03-01,-7.5,2.1
108,서울,2016-03-02,-2.2,8.1
108,서울,2016-03-03,4.4,13.9
108,서울,2016-03-04,6.4,20.3
108,서울,2016-03-05,9.1,13.5
108,서울,2016-03-06,4.3,12.9
108,서울,2016-03-07,4.8,12.2
108,서울,2016-03-08,-1.4,7
108,서울,2016-03-09,-2.7,5.3
108,서울,2016-03-10,-4.3,3.1
108,서울,2016-03-11,-5.5,4.6
108,서울,2016-03-12,-3.3,6.4
108,서울,2016-03-13,1.9,6.5
108,서울,2016-03-14,1.3,9.6
108,서울,2016-03-15,-1,12.4
108,서울,2016-03-16,2.7,13.8
108,서울,2016-03-17,2,14.7
108,서울,2016-03-18,8.8,20.1
108,서울,2016-03-19,6.6,18.1
108,서울,2016-03-20,4.9,17.5
108,서울,2016-03-21,5.5,16.1
108,서울,2016-03-22,3.5,13.8
108,서울,2016-03-23,3.8,13.8
108,서울,2016-03-24,1.6,12.7
108,서울,2016-03-25,2.1,12.6
108,서울,2016-03-26,2.1,12.6
108,서울,2016-03-27,2.2,13.1
108,서울,2016-03-28,2.3,17.4
108,서울,2016-03-29,7.6,17.1
108,서울,2016-03-30,7,18.3
108,서울,2016-03-31,6,21.4
108,서울,2016-04-01,7.3,23.8
108,서울,2016-04-02,9.6,21.7
108,서울,2016-04-03,8.2,12.7
108,서울,2016-04-04,5.1,19.8
108,서울,2016-04-05,5.9,18.1
108,서울,2016-04-06,6.6,22.9
108,서울,2016-04-07,10.5,20.6
108,서울,2016-04-08,7.8,18.7
108,서울,2016-04-09,7.4,14.1
108,서울,2016-04-10,9.3,20.7
108,서울,2016-04-11,5.7,19.4
108,서울,2016-04-12,10.3,19.4
108,서울,2016-04-13,11.4,21.4
108,서울,2016-04-14,9.3,18.6
108,서울,2016-04-15,8.1,23.1
108,서울,2016-04-16,9.8,20.7
108,서울,2016-04-17,8.3,14.5
108,서울,2016-04-18,7.1,18.6
108,서울,2016-04-19,6.5,19.2
108,서울,2016-04-20,10.1,20.9
108,서울,2016-04-21,10.3,16.9
108,서울,2016-04-22,10.1,18.6
108,서울,2016-04-23,7.8,19.8
108,서울,2016-04-24,8.1,23.7
108,서울,2016-04-25,10.2,25.3
108,서울,2016-04-26,12.1,29.6
108,서울,2016-04-27,14.5,20.7
108,서울,2016-04-28,12.4,23
108,서울,2016-04-29,10.9,22.6
108,서울,2016-04-30,10.8,20.4
108,서울,2016-05-01,12.2,26
108,서울,2016-05-02,16.5,28.4
108,서울,2016-05-03,8.9,17.6
108,서울,2016-05-04,10.2,20.6
108,서울,2016-05-05,10.2,26.9
108,서울,2016-05-06,13,18.6
108,서울,2016-05-07,10.7,22.6
108,서울,2016-05-08,11.6,26.8
108,서울,2016-05-09,16.3,25.4
108,서울,2016-05-10,12.5,18.1
108,서울,2016-05-11,10.4,23.5
108,서울,2016-05-12,12.1,24
108,서울,2016-05-13,12.7,25.4
108,서울,2016-05-14,15.1,26.9
108,서울,2016-05-15,12.3,24.2
108,서울,2016-05-16,10.8,21.9
108,서울,2016-05-17,10.9,26.6
108,서울,2016-05-18,13.5,29.5
108,서울,2016-05-19,16.3,31.9
108,서울,2016-05-20,16.8,31.6
108,서울,2016-05-21,17.8,30.4
108,서울,2016-05-22,17.6,31.7
108,서울,2016-05-23,18.3,29.4
108,서울,2016-05-24,15.4,21.8
108,서울,2016-05-25,15.3,24.4
108,서울,2016-05-26,17.5,22.9
108,서울,2016-05-27,14.8,27.1
108,서울,2016-05-28,17.2,28
108,서울,2016-05-29,17.2,27.6
108,서울,2016-05-30,16.9,28.9
108,서울,2016-05-31,17.4,27.6
108,서울,2016-06-01,17.1,29.9
108,서울,2016-06-02,17.2,29.1
108,서울,2016-06-03,17.6,27.7
108,서울,2016-06-04,18.2,26.3
108,서울,2016-06-05,17.3,32.2
108,서울,2016-06-06,20.8,28.4
108,서울,2016-06-07,19.6,25.9
108,서울,2016-06-08,18.2,27.7
108,서울,2016-06-09,17.8,31.3
108,서울,2016-06-10,20.2,31.3
108,서울,2016-06-11,20.9,26.5
108,서울,2016-06-12,19.9,26.7
108,서울,2016-06-13,19.4,29.6
108,서울,2016-06-14,19.7,29.5
108,서울,2016-06-15,17.4,24.5
108,서울,2016-06-16,18.6,24.9
108,서울,2016-06-17,18.6,29.1
108,서울,2016-06-18,20.1,29.9
108,서울,2016-06-19,20.3,29.3
108,서울,2016-06-20,19.6,30.7
108,서울,2016-06-21,21,31.3
108,서울,2016-06-22,20.9,30.2
108,서울,2016-06-23,19.6,29.4
108,서울,2016-06-24,21.1,25.7
108,서울,2016-06-25,19.2,26.7
108,서울,2016-06-26,19.4,30.3
108,서울,2016-06-27,19.9,29.5
108,서울,2016-06-28,20.4,29.7
108,서울,2016-06-29,20.9,30.2
108,서울,2016-06-30,23,26.9
108,서울,2016-07-01,22,26.6
108,서울,2016-07-02,20.6,27.7
108,서울,2016-07-03,21.1,26.8
108,서울,2016-07-04,20.2,24.1
108,서울,2016-07-05,20.2,24.8
108,서울,2016-07-06,20.3,26.9
108,서울,2016-07-07,20.1,28.5
108,서울,2016-07-08,21.2,32.4
108,서울,2016-07-09,23.2,32.7
108,서울,2016-07-10,23.2,33.1
108,서울,2016-07-11,24.8,33.4
108,서울,2016-07-12,22.1,30.9
108,서울,2016-07-13,23.2,29.5
108,서울,2016-07-14,24,32.4
108,서울,2016-07-15,23.7,29.2
108,서울,2016-07-16,19.8,23.8
108,서울,2016-07-17,20.4,23.1
108,서울,2016-07-18,20.7,28.4
108,서울,2016-07-19,20.9,32.4
108,서울,2016-07-20,24,32.9
108,서울,2016-07-21,24.9,32.2
108,서울,2016-07-22,25.3,34.1
108,서울,2016-07-23,27.2,31.6
108,서울,2016-07-24,27,30.1
108,서울,2016-07-25,26.4,31.4
108,서울,2016-07-26,25.6,31.9
108,서울,2016-07-27,26.7,28.9
108,서울,2016-07-28,26.7,30.5
108,서울,2016-07-29,23.4,28.4
108,서울,2016-07-30,26.4,33
108,서울,2016-07-31,26.6,32.8
108,서울,2016-08-01,25.8,32.4
108,서울,2016-08-02,25,31.1
108,서울,2016-08-03,24,34.2
108,서울,2016-08-04,26,35.7
108,서울,2016-08-05,26.5,36
108,서울,2016-08-06,26.6,34
108,서울,2016-08-07,27,35
108,서울,2016-08-08,26.4,35.5
108,서울,2016-08-09,26.4,33.6
108,서울,2016-08-10,26.1,34.8
108,서울,2016-08-11,26.1,36.4
108,서울,2016-08-12,26.4,35.9
108,서울,2016-08-13,26.8,35.1
108,서울,2016-08-14,27.3,31.8
108,서울,2016-08-15,25.8,34
108,서울,2016-08-16,26.2,34.9
108,서울,2016-08-17,25.1,34.7
108,서울,2016-08-18,26.2,34.3
108,서울,2016-08-19,26.6,33.2
108,서울,2016-08-20,26.5,34.9
108,서울,2016-08-21,26.9,36.6
108,서울,2016-08-22,25.8,36.3
108,서울,2016-08-23,26,33
108,서울,2016-08-24,26.4,32.9
108,서울,2016-08-25,24,32.2
108,서울,2016-08-26,19.5,28.2
108,서울,2016-08-27,16.9,29.7
108,서울,2016-08-28,18.3,24.5
108,서울,2016-08-29,17.4,27.1
108,서울,2016-08-30,17.9,24.5
108,서울,2016-08-31,16.1,19.2
108,서울,2016-09-01,15.8,28.6
108,서울,2016-09-02,20.6,29
108,서울,2016-09-03,20.4,28.6
108,서울,2016-09-04,22.1,29.6
108,서울,2016-09-05,23,31.1
108,서울,2016-09-06,21,29
108,서울,2016-09-07,20.9,28.6
108,서울,2016-09-08,21.5,26.5
108,서울,2016-09-09,19.7,29.3
108,서울,2016-09-10,20,29.1
108,서울,2016-09-11,22.1,28.2
108,서울,2016-09-12,21.4,27.5
108,서울,2016-09-13,19.6,30.8
108,서울,2016-09-14,21.4,28.9
108,서울,2016-09-15,18.8,29.5
108,서울,2016-09-16,20.4,29.5
108,서울,2016-09-17,18.5,28.2
108,서울,2016-09-18,20.2,28.3
108,서울,2016-09-19,18.2,27.8
108,서울,2016-09-20,15.4,26.8
108,서울,2016-09-21,14.3,25.3
108,서울,2016-09-22,17.5,27.2
108,서울,2016-09-23,16.4,27.9
108,서울,2016-09-24,16.5,28.9
108,서울,2016-09-25,18.6,29.7
108,서울,2016-09-26,19.7,28.9
108,서울,2016-09-27,19.1,23.8
108,서울,2016-09-28,18.7,21.8
108,서울,2016-09-29,18.2,24.8
108,서울,2016-09-30,17.7,23.5
108,서울,2016-10-01,17.5,25.6
108,서울,2016-10-02,16.7,22.4
108,서울,2016-10-03,19.6,27.9
108,서울,2016-10-04,15.6,29
108,서울,2016-10-05,17.5,27.2
108,서울,2016-10-06,13.6,23.5
108,서울,2016-10-07,16.5,24.8
108,서울,2016-10-08,10.3,21.8
108,서울,2016-10-09,6.5,16.6
108,서울,2016-10-10,7.4,21.4
108,서울,2016-10-11,10,21.1
108,서울,2016-10-12,11.4,20.7
108,서울,2016-10-13,9.3,21.9
108,서울,2016-10-14,10.5,23.5
108,서울,2016-10-15,12.4,27.1
108,서울,2016-10-16,15.4,19.5
108,서울,2016-10-17,14.5,21.7
108,서울,2016-10-18,11.2,24
108,서울,2016-10-19,14,24.3
108,서울,2016-10-20,12.9,25.8
108,서울,2016-10-21,15.7,22
108,서울,2016-10-22,14.5,22.8
108,서울,2016-10-23,10.6,17.8
108,서울,2016-10-24,9,20.6
108,서울,2016-10-25,12.5,17.5
108,서울,2016-10-26,10.5,16.3
108,서울,2016-10-27,8.6,20.9
108,서울,2016-10-28,10.2,18.4
108,서울,2016-10-29,3.5,11.2
108,서울,2016-10-30,1.6,15.1
108,서울,2016-10-31,.7,8.2
108,서울,2016-11-01,-2.4,6.6
108,서울,2016-11-02,-2.7,10.5
108,서울,2016-11-03,4.2,14.1
108,서울,2016-11-04,8.2,15.7
108,서울,2016-11-05,12.2,18.1
108,서울,2016-11-06,11.9,18.3
108,서울,2016-11-07,8.5,17.8
108,서울,2016-11-08,.4,8.4
108,서울,2016-11-09,-3.2,8.6
108,서울,2016-11-10,1.5,9.8
108,서울,2016-11-11,6.2,14.2
108,서울,2016-11-12,5.1,16.7
108,서울,2016-11-13,12.1,18.1
108,서울,2016-11-14,10.2,15.8
108,서울,2016-11-15,2.5,10.2
108,서울,2016-11-16,0,12
108,서울,2016-11-17,4,16.5
108,서울,2016-11-18,4.9,14.6
108,서울,2016-11-19,9.9,18.6
108,서울,2016-11-20,6.4,15.3
108,서울,2016-11-21,5.1,14.6
108,서울,2016-11-22,-2.1,8.4
108,서울,2016-11-23,-4.8,3.6
108,서울,2016-11-24,-6.2,2.4
108,서울,2016-11-25,-3.5,6
108,서울,2016-11-26,-.7,2.7
108,서울,2016-11-27,.5,6.6
108,서울,2016-11-28,-1.4,5.6
108,서울,2016-11-29,-2.8,8.6
108,서울,2016-11-30,.7,9.8
108,서울,2016-12-01,-1,7
108,서울,2016-12-02,-3.5,7.9
108,서울,2016-12-03,-.7,11.3
108,서울,2016-12-04,2,9.5
108,서울,2016-12-05,.5,10.3
108,서울,2016-12-06,-4.2,4.3
108,서울,2016-12-07,-2.7,7.5
108,서울,2016-12-08,-3,6.1
108,서울,2016-12-09,-2.9,4.2
108,서울,2016-12-10,-5.9,3.6
108,서울,2016-12-11,-6.1,6.4
108,서울,2016-12-12,-3,6.3
108,서울,2016-12-13,-.4,8.8
108,서울,2016-12-14,-2.3,-.1
108,서울,2016-12-15,-7.6,-1.5
108,서울,2016-12-16,-9.8,0
108,서울,2016-12-17,-2.7,8
108,서울,2016-12-18,2.7,8.1
108,서울,2016-12-19,4.3,12
108,서울,2016-12-20,4.4,13.6
108,서울,2016-12-21,4.1,12.6
108,서울,2016-12-22,1.5,11
108,서울,2016-12-23,-4.4,1.5
108,서울,2016-12-24,-4.3,1.1
108,서울,2016-12-25,-4.5,6.4
108,서울,2016-12-26,1.3,4.4
108,서울,2016-12-27,-6.3,1.3
108,서울,2016-12-28,-8.4,2.6
108,서울,2016-12-29,-7.2,-1.1
108,서울,2016-12-30,-9.1,1
108,서울,2016-12-31,-3.6,5.7
108,서울,2017-01-01,-1.6,6.9
108,서울,2017-01-02,1.8,9.2
108,서울,2017-01-03,-2.3,7.7
108,서울,2017-01-04,1,8.9
108,서울,2017-01-05,-.1,7.3
108,서울,2017-01-06,2.5,11.4
108,서울,2017-01-07,0,10.5
108,서울,2017-01-08,4,10.9
108,서울,2017-01-09,-3.1,4.3
108,서울,2017-01-10,-7.4,1.1
108,서울,2017-01-11,-9.4,1.5
108,서울,2017-01-12,-6.1,1
108,서울,2017-01-13,-8.6,-1.4
108,서울,2017-01-14,-10.5,-5.4
108,서울,2017-01-15,-11.5,-.9
108,서울,2017-01-16,-8.9,4
108,서울,2017-01-17,-7.1,3.4
108,서울,2017-01-18,-3,2.8
108,서울,2017-01-19,-4.9,4.7
108,서울,2017-01-20,-7.8,-1.4
108,서울,2017-01-21,-10,-.9
108,서울,2017-01-22,-10.9,-3.3
108,서울,2017-01-23,-12.6,-4.1
108,서울,2017-01-24,-11.6,-1.3
108,서울,2017-01-25,-10.2,.9
108,서울,2017-01-26,-7.9,3.4
108,서울,2017-01-27,-5.7,3.1
108,서울,2017-01-28,-8.2,4.3
108,서울,2017-01-29,-.9,2.5
108,서울,2017-01-30,-7.9,-.9
108,서울,2017-01-31,-9.9,.2
108,서울,2017-02-01,-7.5,.7
108,서울,2017-02-02,-9.2,3.3
108,서울,2017-02-03,-2.3,6.7
108,서울,2017-02-04,-2.9,3.2
108,서울,2017-02-05,-1.5,2.3
108,서울,2017-02-06,-4.4,2.6
108,서울,2017-02-07,-5.6,3
108,서울,2017-02-08,-4.9,.6
108,서울,2017-02-09,-7.1,-2.1
108,서울,2017-02-10,-9.3,-2.5
108,서울,2017-02-11,-9.2,.8
108,서울,2017-02-12,-7.4,4.2
108,서울,2017-02-13,-5.4,6.1
108,서울,2017-02-14,-4,6.5
108,서울,2017-02-15,-3.9,8
108,서울,2017-02-16,-1.9,10.3
108,서울,2017-02-17,-5.2,9
108,서울,2017-02-18,-7,2.9
108,서울,2017-02-19,-3.4,5.7
108,서울,2017-02-20,-5.2,5.4
108,서울,2017-02-21,-7.6,6.9
108,서울,2017-02-22,-.9,2.9
108,서울,2017-02-23,-4.2,2.1
108,서울,2017-02-24,-5.8,4.4
108,서울,2017-02-25,-2.8,8.4
108,서울,2017-02-26,-1.5,10.1
108,서울,2017-02-27,-1.8,10.7
108,서울,2017-02-28,-1.3,12.3
108,서울,2017-03-01,2,11.4
108,서울,2017-03-02,-1.1,6.6
108,서울,2017-03-03,-3.1,10.4
108,서울,2017-03-04,.1,12.7
108,서울,2017-03-05,1.2,10.4
108,서울,2017-03-06,-2.8,4
108,서울,2017-03-07,-4,2.9
108,서울,2017-03-08,-5.3,5
108,서울,2017-03-09,-2.7,10.7
108,서울,2017-03-10,-1.2,12.2
108,서울,2017-03-11,-.2,16.7
108,서울,2017-03-12,4.4,14
108,서울,2017-03-13,1.5,12.2
108,서울,2017-03-14,1,10.9
108,서울,2017-03-15,.4,13.3
108,서울,2017-03-16,1,13.4
108,서울,2017-03-17,1.2,15.7
108,서울,2017-03-18,5.9,16.1
108,서울,2017-03-19,3.2,18.9
108,서울,2017-03-20,6,15.5
108,서울,2017-03-21,4.3,12.6
108,서울,2017-03-22,1.9,14.1
108,서울,2017-03-23,5.1,15
108,서울,2017-03-24,3.9,15.2
108,서울,2017-03-25,5,12.6
108,서울,2017-03-26,4.8,11.6
108,서울,2017-03-27,4.4,10.9
108,서울,2017-03-28,2.5,12.7
108,서울,2017-03-29,4.7,14.4
108,서울,2017-03-30,4.1,17.1
108,서울,2017-03-31,4.9,12.4
108,서울,2017-04-01,4.8,15.1
108,서울,2017-04-02,3.1,15.8
108,서울,2017-04-03,4.3,19.2
108,서울,2017-04-04,6.7,21.8
108,서울,2017-04-05,10.8,14.2
108,서울,2017-04-06,9.4,12.4
108,서울,2017-04-07,9,23.5
108,서울,2017-04-08,8.6,19.9
108,서울,2017-04-09,10.6,20.5
108,서울,2017-04-10,10.1,23.3
108,서울,2017-04-11,11.5,20.2
108,서울,2017-04-12,8.8,16.4
108,서울,2017-04-13,6.3,19.6
108,서울,2017-04-14,10.1,17.7
108,서울,2017-04-15,10.9,24.3
108,서울,2017-04-16,12.9,24.4
108,서울,2017-04-17,11.2,18
108,서울,2017-04-18,9.4,17.4
108,서울,2017-04-19,7,18.4
108,서울,2017-04-20,9.9,18.2
108,서울,2017-04-21,7.6,19.3
108,서울,2017-04-22,8.5,22.5
108,서울,2017-04-23,8.9,21.7
108,서울,2017-04-24,8.3,21.3
108,서울,2017-04-25,12.9,20.4
108,서울,2017-04-26,10.5,20.2
108,서울,2017-04-27,7.9,19.8
108,서울,2017-04-28,8.9,21.5
108,서울,2017-04-29,9.6,23.7
108,서울,2017-04-30,13.7,27.8
108,서울,2017-05-01,12.8,28.3
108,서울,2017-05-02,15.2,28
108,서울,2017-05-03,14.5,30.2
108,서울,2017-05-04,14.8,27.5
108,서울,2017-05-05,15.5,27
108,서울,2017-05-06,10,19.3
108,서울,2017-05-07,10.9,22.8
108,서울,2017-05-08,11.1,23.5
108,서울,2017-05-09,15.3,22.6
108,서울,2017-05-10,14.2,20.8
108,서울,2017-05-11,13.1,24.8
108,서울,2017-05-12,16.8,21.1
108,서울,2017-05-13,12.4,22.6
108,서울,2017-05-14,11,20.7
108,서울,2017-05-15,12.3,20.1
108,서울,2017-05-16,13.3,22.3
108,서울,2017-05-17,12.3,25.9
108,서울,2017-05-18,13.9,26.9
108,서울,2017-05-19,15.1,27.9
108,서울,2017-05-20,15.4,27.3
108,서울,2017-05-21,16,27.6
108,서울,2017-05-22,15.9,28
108,서울,2017-05-23,17.2,24.4
108,서울,2017-05-24,16.9,27.8
108,서울,2017-05-25,14.4,24.4
108,서울,2017-05-26,12.4,23.2
108,서울,2017-05-27,13.7,26.4
108,서울,2017-05-28,14.4,27.9
108,서울,2017-05-29,18.1,29.3
108,서울,2017-05-30,18.6,30.3
108,서울,2017-05-31,17.7,29.6
108,서울,2017-06-01,20,27
108,서울,2017-06-02,15.5,25.6
108,서울,2017-06-03,16.1,26.5
108,서울,2017-06-04,15.1,28.1
108,서울,2017-06-05,16.4,30.3
108,서울,2017-06-06,14.5,23.9
108,서울,2017-06-07,15.1,19.2
108,서울,2017-06-08,15.1,25.9
108,서울,2017-06-09,17.9,25.7
108,서울,2017-06-10,16.7,27.5
108,서울,2017-06-11,14.8,29.6
108,서울,2017-06-12,17,28
108,서울,2017-06-13,18.3,25.9
108,서울,2017-06-14,17.8,26.8
108,서울,2017-06-15,18,29.6
108,서울,2017-06-16,20,32.7
108,서울,2017-06-17,20.6,29.9
108,서울,2017-06-18,18.6,31.8
108,서울,2017-06-19,19.5,30.2
108,서울,2017-06-20,20,32.7
108,서울,2017-06-21,21.7,31.6
108,서울,2017-06-22,21.2,30.4
108,서울,2017-06-23,21.3,34.1
108,서울,2017-06-24,21.5,27.8
108,서울,2017-06-25,21,28.4
108,서울,2017-06-26,20.1,29.9
108,서울,2017-06-27,20.8,30.5
108,서울,2017-06-28,22.5,30.5
108,서울,2017-06-29,21.9,31.5
108,서울,2017-06-30,22.2,30.9
108,서울,2017-07-01,22.4,30.7
108,서울,2017-07-02,21.9,26.8
108,서울,2017-07-03,21.9,27.4
108,서울,2017-07-04,23.8,31.6
108,서울,2017-07-05,23.3,32.6
108,서울,2017-07-06,23.9,34.6
108,서울,2017-07-07,24.4,28.4
108,서울,2017-07-08,24.6,27.6
108,서울,2017-07-09,23.8,30.3
108,서울,2017-07-10,22.6,25.4
108,서울,2017-07-11,22.2,30.9
108,서울,2017-07-12,24.9,31.1
108,서울,2017-07-13,23.1,32.1
108,서울,2017-07-14,26.1,33
108,서울,2017-07-15,23.4,27.3
108,서울,2017-07-16,23.4,28.8
108,서울,2017-07-17,24,29
108,서울,2017-07-18,23.9,30.7
108,서울,2017-07-19,24.5,34.1
108,서울,2017-07-20,26,34.9
108,서울,2017-07-21,27.3,32.4
108,서울,2017-07-22,27.5,32.5
108,서울,2017-07-23,26.1,28.1
108,서울,2017-07-24,25.6,27.3
108,서울,2017-07-25,24.6,35.4
108,서울,2017-07-26,24.2,32.8
108,서울,2017-07-27,24.9,29.7
108,서울,2017-07-28,24.8,26.9
108,서울,2017-07-29,25,30.1
108,서울,2017-07-30,24.7,32.6
108,서울,2017-07-31,24.8,27.1
108,서울,2017-08-01,24.1,33
108,서울,2017-08-02,26.6,33
108,서울,2017-08-03,27.2,33.9
108,서울,2017-08-04,25.9,35.3
108,서울,2017-08-05,27.6,34.8
108,서울,2017-08-06,28.2,34
108,서울,2017-08-07,26.4,34.4
108,서울,2017-08-08,25.5,31
108,서울,2017-08-09,24.6,32
108,서울,2017-08-10,23.9,26.3
108,서울,2017-08-11,23.9,32.4
108,서울,2017-08-12,23.2,32.6
108,서울,2017-08-13,24.2,28.4
108,서울,2017-08-14,23.1,27.1
108,서울,2017-08-15,20.8,24
108,서울,2017-08-16,20.5,26.8
108,서울,2017-08-17,21.2,27.7
108,서울,2017-08-18,23.9,30.6
108,서울,2017-08-19,23.1,28.7
108,서울,2017-08-20,22,25.8
108,서울,2017-08-21,23.7,29.2
108,서울,2017-08-22,23.4,31.5
108,서울,2017-08-23,24.6,30.2
108,서울,2017-08-24,23.9,28.1
108,서울,2017-08-25,22.2,30.6
108,서울,2017-08-26,19,29.2
108,서울,2017-08-27,19,26.7
108,서울,2017-08-28,18.3,26.5
108,서울,2017-08-29,17,24
108,서울,2017-08-30,16.1,23.9
108,서울,2017-08-31,16.6,27.6
108,서울,2017-09-01,17.1,29.7
108,서울,2017-09-02,18.6,29.6
108,서울,2017-09-03,19,29.2
108,서울,2017-09-04,19.7,30.1
108,서울,2017-09-05,20.4,23.7
108,서울,2017-09-06,18.5,24
108,서울,2017-09-07,17.8,27.5
108,서울,2017-09-08,20.4,29.9
108,서울,2017-09-09,19.2,28.2
108,서울,2017-09-10,19.9,26.1
108,서울,2017-09-11,18.6,24.6
108,서울,2017-09-12,17.7,27.9
108,서울,2017-09-13,15.9,27.5
108,서울,2017-09-14,14.8,29.5
108,서울,2017-09-15,17.8,27.9
108,서울,2017-09-16,16.7,27.6
108,서울,2017-09-17,19,29.2
108,서울,2017-09-18,16.4,27.6
108,서울,2017-09-19,20.1,25.8
108,서울,2017-09-20,14.1,24.9
108,서울,2017-09-21,14.2,27
108,서울,2017-09-22,15.4,26.8
108,서울,2017-09-23,17.6,27.3
108,서울,2017-09-24,18.8,27.9
108,서울,2017-09-25,17.4,30.1
108,서울,2017-09-26,19.4,31.4
108,서울,2017-09-27,19.9,27.3
108,서울,2017-09-28,14.2,25.3
108,서울,2017-09-29,11.2,23.5
108,서울,2017-09-30,14.7,25.9
108,서울,2017-10-01,15.5,21.2
108,서울,2017-10-02,15.6,29.4
108,서울,2017-10-03,13.4,23.6
108,서울,2017-10-04,10.7,24.3
108,서울,2017-10-05,13.9,23.4
108,서울,2017-10-06,16.2,23.3
108,서울,2017-10-07,16.9,28.8
108,서울,2017-10-08,19.3,28.7
108,서울,2017-10-09,19.8,27.6
108,서울,2017-10-10,18.6,24.8
108,서울,2017-10-11,12.2,21.7
108,서울,2017-10-12,8.8,
108,서울,2017-10-13,6.1,18.9
108,서울,2017-10-14,9,20.5
108,서울,2017-10-15,9,23
108,서울,2017-10-16,13.6,22
108,서울,2017-10-17,9.2,23.9
108,서울,2017-10-18,14.2,19.1
108,서울,2017-10-19,11.9,23.2
108,서울,2017-10-20,11.1,24.2
108,서울,2017-10-21,11,25.2
108,서울,2017-10-22,11,23.5
108,서울,2017-10-23,8.6,20.6
108,서울,2017-10-24,9.9,20.9
108,서울,2017-10-25,9.5,20.6
108,서울,2017-10-26,10.7,18.1
108,서울,2017-10-27,11.9,24.2
108,서울,2017-10-28,10.6,24.8
108,서울,2017-10-29,6.3,17.2
108,서울,2017-10-30,2.5,13.2
108,서울,2017-10-31,3.6,16
108,서울,2017-11-01,11.5,18.1
108,서울,2017-11-02,14,18
108,서울,2017-11-03,6.1,16.6
108,서울,2017-11-04,4.5,13.7
108,서울,2017-11-05,2.6,15.4
108,서울,2017-11-06,8,16.5
108,서울,2017-11-07,9.2,18.4
108,서울,2017-11-08,6.9,17.2
108,서울,2017-11-09,3.7,16.8
108,서울,2017-11-10,5.3,15.9
108,서울,2017-11-11,2.7,10.7
108,서울,2017-11-12,.3,11.4
108,서울,2017-11-13,3.1,11.8
108,서울,2017-11-14,2.9,11.4
108,서울,2017-11-15,-1.1,6.5
108,서울,2017-11-16,-3.4,6.4
108,서울,2017-11-17,-1.6,5.8
108,서울,2017-11-18,-4.8,2.6
108,서울,2017-11-19,-6.6,3.5
108,서울,2017-11-20,-3.9,4.2
108,서울,2017-11-21,-4.2,8.1
108,서울,2017-11-22,.6,10.8
108,서울,2017-11-23,-2.5,4.7
108,서울,2017-11-24,-2.5,2.9
108,서울,2017-11-25,-3.3,7.3
108,서울,2017-11-26,-.3,7.6
108,서울,2017-11-27,-2.9,9.5
108,서울,2017-11-28,1.3,11.2
108,서울,2017-11-29,-1.8,8.1
108,서울,2017-11-30,-5.2,2.7
108,서울,2017-12-01,-7.6,3.1
108,서울,2017-12-02,-4.6,8.1
108,서울,2017-12-03,3.1,8.1
108,서울,2017-12-04,-6.1,4.5
108,서울,2017-12-05,-8.2,-.4
108,서울,2017-12-06,-4.5,6
108,서울,2017-12-07,-3.5,4.6
108,서울,2017-12-08,-7.1,-.5
108,서울,2017-12-09,-5.6,5.4
108,서울,2017-12-10,-2.5,6.7
108,서울,2017-12-11,-11,-2.5
108,서울,2017-12-12,-12.3,-5.2
108,서울,2017-12-13,-12,-4.4
108,서울,2017-12-14,-11.2,-1.9
108,서울,2017-12-15,-7.5,.9
108,서울,2017-12-16,-8.1,-2.6
108,서울,2017-12-17,-10.8,-2.3
108,서울,2017-12-18,-5.9,3.3
108,서울,2017-12-19,-6.5,-1
108,서울,2017-12-20,-8.5,-.1
108,서울,2017-12-21,-5.6,4.6
108,서울,2017-12-22,-1.9,6.6
108,서울,2017-12-23,5,8.7
108,서울,2017-12-24,-.6,5.7
108,서울,2017-12-25,-4.9,.6
108,서울,2017-12-26,-7.9,-1.1
108,서울,2017-12-27,-10.3,-2.6
108,서울,2017-12-28,-6.8,.8
108,서울,2017-12-29,-.4,6
108,서울,2017-12-30,-1.2,4.5
108,서울,2017-12-31,-3.2,3.3
108,서울,2018-01-01,-5.1,3.8
108,서울,2018-01-02,-4.3,1.8
108,서울,2018-01-03,-7.1,-.4
108,서울,2018-01-04,-8.7,-.7
108,서울,2018-01-05,-5.6,1.6
108,서울,2018-01-06,-6.8,2.9
108,서울,2018-01-07,-5.7,2.8
108,서울,2018-01-08,-1.2,4
108,서울,2018-01-09,-6.1,-1.2
108,서울,2018-01-10,-10.3,-4.8
108,서울,2018-01-11,-13.6,-7.4
108,서울,2018-01-12,-15.3,-5.4
108,서울,2018-01-13,-6.6,-1.2
108,서울,2018-01-14,-4.4,5.4
108,서울,2018-01-15,1.8,7.7
108,서울,2018-01-16,.1,6.8
108,서울,2018-01-17,2.4,8.7
108,서울,2018-01-18,.3,4.5
108,서울,2018-01-19,-2.5,5.5
108,서울,2018-01-20,-1,6.9
108,서울,2018-01-21,-3.7,5.5
108,서울,2018-01-22,-5.3,4
108,서울,2018-01-23,-14.6,-5.3
108,서울,2018-01-24,-16.3,-10.7
108,서울,2018-01-25,-16.4,-9.5
108,서울,2018-01-26,-17.8,-10.7
108,서울,2018-01-27,-15.9,-3.5
108,서울,2018-01-28,-9.3,-1.2
108,서울,2018-01-29,-11.6,-4.7
108,서울,2018-01-30,-11.4,-.8
108,서울,2018-01-31,-5.2,0
108,서울,2018-02-01,-8.8,1.2
108,서울,2018-02-02,-7.6,3.8
108,서울,2018-02-03,-10.4,-2.1
108,서울,2018-02-04,-12.8,-5.2
108,서울,2018-02-05,-11.8,-5.1
108,서울,2018-02-06,-12.8,-5.8
108,서울,2018-02-07,-13.4,-1.6
108,서울,2018-02-08,-9.7,2
108,서울,2018-02-09,-5.3,6.1
108,서울,2018-02-10,-6.9,3.2
108,서울,2018-02-11,-9.5,-2.2
108,서울,2018-02-12,-9.6,-1.8
108,서울,2018-02-13,-7.4,4.3
108,서울,2018-02-14,-.7,8.7
108,서울,2018-02-15,-3.7,4
108,서울,2018-02-16,-5.5,4.9
108,서울,2018-02-17,-7.1,1.4
108,서울,2018-02-18,-4.9,5.2
108,서울,2018-02-19,-1.9,6.8
108,서울,2018-02-20,-2.4,5.5
108,서울,2018-02-21,-4.5,4.4
108,서울,2018-02-22,-3.9,5.4
108,서울,2018-02-23,-.3,8.6
108,서울,2018-02-24,-1.1,7.2
108,서울,2018-02-25,-1.6,7.9
108,서울,2018-02-26,-3.2,10.4
108,서울,2018-02-27,.6,6.9
108,서울,2018-02-28,1.8,7.8
108,서울,2018-03-01,-4.3,3
108,서울,2018-03-02,-6.7,5.4
108,서울,2018-03-03,-.1,16.2
108,서울,2018-03-04,7.6,11.9
108,서울,2018-03-05,1.3,11.4
108,서울,2018-03-06,-1.1,10.9
108,서울,2018-03-07,2.2,10.7
108,서울,2018-03-08,2.7,9.7
108,서울,2018-03-09,1.4,9.6
108,서울,2018-03-10,.7,9.7
108,서울,2018-03-11,2.7,12.2
108,서울,2018-03-12,2.2,15.5
108,서울,2018-03-13,5.2,18.8
108,서울,2018-03-14,13.6,22.1
108,서울,2018-03-15,8.4,16.6
108,서울,2018-03-16,3.6,12.2
108,서울,2018-03-17,.5,14
108,서울,2018-03-18,5.4,12.5
108,서울,2018-03-19,6.2,10.4
108,서울,2018-03-20,1.6,9.1
108,서울,2018-03-21,1.1,5.3
108,서울,2018-03-22,.6,11.6
108,서울,2018-03-23,1.8,12.5
108,서울,2018-03-24,4,13.1
108,서울,2018-03-25,4.6,16.9
108,서울,2018-03-26,5.3,18.1
108,서울,2018-03-27,7.7,20
108,서울,2018-03-28,9.4,19
108,서울,2018-03-29,11.8,21.1
108,서울,2018-03-30,9.8,21.9
108,서울,2018-03-31,9.3,20.1
108,서울,2018-04-01,11.7,18.5
108,서울,2018-04-02,14.9,23.7
108,서울,2018-04-03,14.9,21.2
108,서울,2018-04-04,9.5,18.2
108,서울,2018-04-05,6.7,9.5
108,서울,2018-04-06,3,8.6
108,서울,2018-04-07,1.4,8.6
108,서울,2018-04-08,.6,7.9
108,서울,2018-04-09,.1,15.4
108,서울,2018-04-10,6.9,21.9
108,서울,2018-04-11,8.7,17.3
108,서울,2018-04-12,6.8,19.6
108,서울,2018-04-13,8.3,19.3
108,서울,2018-04-14,7.5,14.8
108,서울,2018-04-15,5.6,14.2
108,서울,2018-04-16,4.9,18.8
108,서울,2018-04-17,6.8,20.1
108,서울,2018-04-18,6.2,19.3
108,서울,2018-04-19,7.4,20.5
108,서울,2018-04-20,11,26.3
108,서울,2018-04-21,12.3,25.6
108,서울,2018-04-22,10.7,21
108,서울,2018-04-23,8.4,10.7
108,서울,2018-04-24,8.9,16.1
108,서울,2018-04-25,5.7,23.3
108,서울,2018-04-26,10,22.1
108,서울,2018-04-27,9.7,23.3
108,서울,2018-04-28,10.5,21.7
108,서울,2018-04-29,9.4,22.9
108,서울,2018-04-30,14.1,25
108,서울,2018-05-01,17.8,23.3
108,서울,2018-05-02,8.7,19.7
108,서울,2018-05-03,6.9,14.7
108,서울,2018-05-04,8.8,20
108,서울,2018-05-05,11.6,24.6
108,서울,2018-05-06,15,20.7
108,서울,2018-05-07,14,25.5
108,서울,2018-05-08,11.6,22.9
108,서울,2018-05-09,9.2,21.8
108,서울,2018-05-10,11.3,21.4
108,서울,2018-05-11,11.9,21.3
108,서울,2018-05-12,11.8,16.1
108,서울,2018-05-13,12.7,20
108,서울,2018-05-14,11.9,24.5
108,서울,2018-05-15,15.4,29.3
108,서울,2018-05-16,21.8,24.4
108,서울,2018-05-17,18.8,23.5
108,서울,2018-05-18,12.2,19.3
108,서울,2018-05-19,10.3,24.7
108,서울,2018-05-20,11.5,22.6
108,서울,2018-05-21,11.3,23.7
108,서울,2018-05-22,15.4,23.2
108,서울,2018-05-23,13.6,23.3
108,서울,2018-05-24,11.2,23.7
108,서울,2018-05-25,13.8,26.2
108,서울,2018-05-26,14,29.6
108,서울,2018-05-27,17.3,24.7
108,서울,2018-05-28,16.2,29.1
108,서울,2018-05-29,19.1,25.9
108,서울,2018-05-30,15.8,24.7
108,서울,2018-05-31,14.2,27.6
108,서울,2018-06-01,17.5,30.2
108,서울,2018-06-02,17.6,30.1
108,서울,2018-06-03,16.9,30.8
108,서울,2018-06-04,18.9,27.5
108,서울,2018-06-05,17.7,29.2
108,서울,2018-06-06,18.4,27.9
108,서울,2018-06-07,17.8,29.4
108,서울,2018-06-08,18.5,27
108,서울,2018-06-09,18.9,30.1
108,서울,2018-06-10,18.3,24.9
108,서울,2018-06-11,18,23.9
108,서울,2018-06-12,16.6,27.1
108,서울,2018-06-13,18.3,27
108,서울,2018-06-14,18.8,25.1
108,서울,2018-06-15,17.2,27
108,서울,2018-06-16,16.3,28.7
108,서울,2018-06-17,18.9,27.5
108,서울,2018-06-18,19.9,30.8
108,서울,2018-06-19,19.1,27.2
108,서울,2018-06-20,19.1,28.4
108,서울,2018-06-21,19.4,28.7
108,서울,2018-06-22,18.2,32
108,서울,2018-06-23,20.9,28.9
108,서울,2018-06-24,20.1,32.1
108,서울,2018-06-25,21.3,32.9
108,서울,2018-06-26,20.2,26.9
108,서울,2018-06-27,19.1,25.5
108,서울,2018-06-28,20.6,27.3
108,서울,2018-06-29,21.9,29.1
108,서울,2018-06-30,21.6,27.9
108,서울,2018-07-01,21,22.8
108,서울,2018-07-02,20.6,25.3
108,서울,2018-07-03,22.5,32.6
108,서울,2018-07-04,24,31.8
108,서울,2018-07-05,23.4,29
108,서울,2018-07-06,21.5,27.1
108,서울,2018-07-07,19.5,29.2
108,서울,2018-07-08,17.7,28.1
108,서울,2018-07-09,20.1,24.2
108,서울,2018-07-10,20.4,26.5
108,서울,2018-07-11,24.4,29.5
108,서울,2018-07-12,25.1,28.2
108,서울,2018-07-13,24.7,30.9
108,서울,2018-07-14,24.6,31.9
108,서울,2018-07-15,24.5,33.2
108,서울,2018-07-16,24,34
108,서울,2018-07-17,23.9,32.1
108,서울,2018-07-18,23.7,33.2
108,서울,2018-07-19,23.2,34.1
108,서울,2018-07-20,24.6,34.7
108,서울,2018-07-21,24.9,36.9
108,서울,2018-07-22,25.3,38
108,서울,2018-07-23,29.2,35.7
108,서울,2018-07-24,27.2,36.8
108,서울,2018-07-25,27.7,34.1
108,서울,2018-07-26,27.3,33.7
108,서울,2018-07-27,27.2,35.4
108,서울,2018-07-28,28,35.2
108,서울,2018-07-29,26.4,36.7
108,서울,2018-07-30,26.2,36.9
108,서울,2018-07-31,27.8,38.3
108,서울,2018-08-01,27.8,39.6
108,서울,2018-08-02,30.3,37.9
108,서울,2018-08-03,30,37.9
108,서울,2018-08-04,28,34.9
108,서울,2018-08-05,27.2,33.9
108,서울,2018-08-06,28.3,35.3
108,서울,2018-08-07,26.8,35.9
108,서울,2018-08-08,27.6,35.3
108,서울,2018-08-09,27.1,32.5
108,서울,2018-08-10,25.7,36.8
108,서울,2018-08-11,26.4,36
108,서울,2018-08-12,27.2,35.3
108,서울,2018-08-13,26.7,34.4
108,서울,2018-08-14,27.7,37.2
108,서울,2018-08-15,28.3,38
108,서울,2018-08-16,24.1,35.6
108,서울,2018-08-17,21.7,33.8
108,서울,2018-08-18,21.5,32.1
108,서울,2018-08-19,23,34.4
108,서울,2018-08-20,25.1,33.3
108,서울,2018-08-21,23.4,31
108,서울,2018-08-22,23.4,37.6
108,서울,2018-08-23,25.7,32.2
108,서울,2018-08-24,23.2,26.3
108,서울,2018-08-25,22.7,29.3
108,서울,2018-08-26,20.3,29
108,서울,2018-08-27,20.2,24.9
108,서울,2018-08-28,22.5,26.1
108,서울,2018-08-29,22.7,27.4
108,서울,2018-08-30,23.9,28.2
108,서울,2018-08-31,22.8,30.3
108,서울,2018-09-01,20.8,30.9
108,서울,2018-09-02,20.1,29.6
108,서울,2018-09-03,21.4,25.8
108,서울,2018-09-04,20,27.8
108,서울,2018-09-05,19.6,28.5
108,서울,2018-09-06,20.9,28.2
108,서울,2018-09-07,19.1,25.5
108,서울,2018-09-08,15.9,27.7
108,서울,2018-09-09,15.6,28.9
108,서울,2018-09-10,18.6,28.4
108,서울,2018-09-11,16.8,26.1
108,서울,2018-09-12,16.8,28.2
108,서울,2018-09-13,20.3,28.3
108,서울,2018-09-14,20.3,26.8
108,서울,2018-09-15,21,26
108,서울,2018-09-16,21,23.9
108,서울,2018-09-17,18.5,27.7
108,서울,2018-09-18,17.7,26.5
108,서울,2018-09-19,18.9,26.6
108,서울,2018-09-20,17.8,20.1
108,서울,2018-09-21,17.6,21.9
108,서울,2018-09-22,17.2,25.5
108,서울,2018-09-23,15.6,25.3
108,서울,2018-09-24,14.2,22.1
108,서울,2018-09-25,10.8,24.3
108,서울,2018-09-26,16.2,24.8
108,서울,2018-09-27,13.2,25
108,서울,2018-09-28,14.3,22.2
108,서울,2018-09-29,14.6,27
108,서울,2018-09-30,14,21.6
108,서울,2018-10-01,13,19.7
108,서울,2018-10-02,10.3,22
108,서울,2018-10-03,11.2,24.2
108,서울,2018-10-04,13,25.6
108,서울,2018-10-05,15.7,19
108,서울,2018-10-06,16.3,21.7
108,서울,2018-10-07,12.3,21.1
108,서울,2018-10-08,9.2,20.9
108,서울,2018-10-09,10.7,19.8
108,서울,2018-10-10,7.9,16.7
108,서울,2018-10-11,6.1,13.9
108,서울,2018-10-12,5.2,17.4
108,서울,2018-10-13,6.1,19.8
108,서울,2018-10-14,6.8,20.3
108,서울,2018-10-15,10.9,21
108,서울,2018-10-16,9.9,20.3
108,서울,2018-10-17,8.4,18.6
108,서울,2018-10-18,7.5,19
108,서울,2018-10-19,7.2,20.4
108,서울,2018-10-20,6.9,21.4
108,서울,2018-10-21,7.2,21.1
108,서울,2018-10-22,8.8,20.6
108,서울,2018-10-23,9.8,16.9
108,서울,2018-10-24,7.6,18.7
108,서울,2018-10-25,7,21.2
108,서울,2018-10-26,9.9,14.7
108,서울,2018-10-27,6.2,11.6
108,서울,2018-10-28,5.2,13.5
108,서울,2018-10-29,3.4,11.7
108,서울,2018-10-30,.7,11.6
108,서울,2018-10-31,3,12.6
108,서울,2018-11-01,2.5,15.2
108,서울,2018-11-02,4,19
108,서울,2018-11-03,5,19.1
108,서울,2018-11-04,5.3,19.4
108,서울,2018-11-05,6.6,18.3
108,서울,2018-11-06,8,17.5
108,서울,2018-11-07,10.3,15.7
108,서울,2018-11-08,10.5,14.7
108,서울,2018-11-09,9.5,15.4
108,서울,2018-11-10,8.8,17.1
108,서울,2018-11-11,5.4,10.9
108,서울,2018-11-12,3.1,15.1
108,서울,2018-11-13,4.1,15.4
108,서울,2018-11-14,4.8,16.6
108,서울,2018-11-15,4.7,16.2
108,서울,2018-11-16,4.2,14.5
108,서울,2018-11-17,.6,11.4
108,서울,2018-11-18,1.9,10.7
108,서울,2018-11-19,3.3,11.3
108,서울,2018-11-20,0,12.7
108,서울,2018-11-21,3.1,8.2
108,서울,2018-11-22,-1.3,7.1
108,서울,2018-11-23,-3.1,7.6
108,서울,2018-11-24,.3,3.8
108,서울,2018-11-25,1.3,9.8
108,서울,2018-11-26,1.6,13.6
108,서울,2018-11-27,3.1,12.5
108,서울,2018-11-28,2.1,11.1
108,서울,2018-11-29,.6,6.7
108,서울,2018-11-30,-1.5,8
108,서울,2018-12-01,.8,12.4
108,서울,2018-12-02,2.8,11.8
108,서울,2018-12-03,9.3,13.5
108,서울,2018-12-04,-.3,11.8
108,서울,2018-12-05,-4.3,3.4
108,서울,2018-12-06,-1,6.8
108,서울,2018-12-07,-9.6,-1.1
108,서울,2018-12-08,-11.4,-4.4
108,서울,2018-12-09,-11.8,-2.1
108,서울,2018-12-10,-8.1,4.6
108,서울,2018-12-11,-2.4,2.9
108,서울,2018-12-12,-5,2.4
108,서울,2018-12-13,-5.9,2.1
108,서울,2018-12-14,-7.8,.6
108,서울,2018-12-15,-7.8,3.2
108,서울,2018-12-16,-2.6,2.1
108,서울,2018-12-17,-1.5,5.9
108,서울,2018-12-18,-2.8,7.4
108,서울,2018-12-19,1.3,9.5
108,서울,2018-12-20,-1.1,10.4
108,서울,2018-12-21,.4,9.8
108,서울,2018-12-22,2.9,12.4
108,서울,2018-12-23,-3.4,7.5
108,서울,2018-12-24,-5.9,3.1
108,서울,2018-12-25,-4,5.2
108,서울,2018-12-26,-7.1,3
108,서울,2018-12-27,-12.5,-6.5
108,서울,2018-12-28,-14.4,-6.6
108,서울,2018-12-29,-10.5,-3
108,서울,2018-12-30,-11.3,-.9
108,서울,2018-12-31,-10.5,-.5
