瘤痢,瘤痢疙,老矫,弥历扁柯(∑C),弥绊扁柯(∑C)
159,何魂,2016-01-01,1.1,10.9
159,何魂,2016-01-02,4.6,12.2
159,何魂,2016-01-03,7.9,16.6
159,何魂,2016-01-04,7.6,15.2
159,何魂,2016-01-05,3.2,8.1
159,何魂,2016-01-06,1.8,9.9
159,何魂,2016-01-07,1.1,8.5
159,何魂,2016-01-08,-.5,6.9
159,何魂,2016-01-09,-.4,9.4
159,何魂,2016-01-10,.5,10.1
159,何魂,2016-01-11,1.7,10.1
159,何魂,2016-01-12,-.9,7.9
159,何魂,2016-01-13,-2.2,6.9
159,何魂,2016-01-14,.2,8.3
159,何魂,2016-01-15,-.5,10.6
159,何魂,2016-01-16,2.3,10.4
159,何魂,2016-01-17,5.1,10.3
159,何魂,2016-01-18,-4,6.9
159,何魂,2016-01-19,-5.4,.7
159,何魂,2016-01-20,-6.6,2
159,何魂,2016-01-21,-3.5,3.3
159,何魂,2016-01-22,-2.7,6.7
159,何魂,2016-01-23,-8.5,1.1
159,何魂,2016-01-24,-10.2,-4.2
159,何魂,2016-01-25,-8.2,2.4
159,何魂,2016-01-26,-3.9,7.3
159,何魂,2016-01-27,.7,9.2
159,何魂,2016-01-28,2.1,6
159,何魂,2016-01-29,3.5,5.3
159,何魂,2016-01-30,4.5,8.7
159,何魂,2016-01-31,1.4,7
159,何魂,2016-02-01,-1.2,7.3
159,何魂,2016-02-02,-4,7.9
159,何魂,2016-02-03,-2.8,7.5
159,何魂,2016-02-04,-.8,7.3
159,何魂,2016-02-05,.3,10.1
159,何魂,2016-02-06,-.7,7
159,何魂,2016-02-07,-1.7,9.4
159,何魂,2016-02-08,-1.2,8.8
159,何魂,2016-02-09,3.4,11.9
159,何魂,2016-02-10,1.3,11.8
159,何魂,2016-02-11,4,14.7
159,何魂,2016-02-12,9.7,13.9
159,何魂,2016-02-13,12.5,15.8
159,何魂,2016-02-14,-.4,15.2
159,何魂,2016-02-15,-3.5,4.2
159,何魂,2016-02-16,-2.3,6.3
159,何魂,2016-02-17,-.6,9.6
159,何魂,2016-02-18,.3,9.9
159,何魂,2016-02-19,5.7,14.8
159,何魂,2016-02-20,3.8,11.6
159,何魂,2016-02-21,-.2,8.9
159,何魂,2016-02-22,3.1,10.4
159,何魂,2016-02-23,3.9,12.8
159,何魂,2016-02-24,-.5,8.4
159,何魂,2016-02-25,-2.1,8.8
159,何魂,2016-02-26,1.3,10.6
159,何魂,2016-02-27,7.4,15.6
159,何魂,2016-02-28,6.5,15.2
159,何魂,2016-02-29,-2.5,6.7
159,何魂,2016-03-01,-4.3,7.7
159,何魂,2016-03-02,.1,11.4
159,何魂,2016-03-03,5.9,17.2
159,何魂,2016-03-04,10.6,12.4
159,何魂,2016-03-05,10.5,16.4
159,何魂,2016-03-06,11.7,17.1
159,何魂,2016-03-07,7.8,16.2
159,何魂,2016-03-08,5.1,13.4
159,何魂,2016-03-09,2.6,13.4
159,何魂,2016-03-10,2.1,10.8
159,何魂,2016-03-11,-.8,10
159,何魂,2016-03-12,.7,10.3
159,何魂,2016-03-13,5.2,10.7
159,何魂,2016-03-14,4.1,14.3
159,何魂,2016-03-15,3.2,12.3
159,何魂,2016-03-16,7.3,16.2
159,何魂,2016-03-17,7.8,16.9
159,何魂,2016-03-18,11.5,13.4
159,何魂,2016-03-19,10.4,19.4
159,何魂,2016-03-20,8.6,14.2
159,何魂,2016-03-21,7.3,14.8
159,何魂,2016-03-22,7.1,16.8
159,何魂,2016-03-23,8.2,15.1
159,何魂,2016-03-24,5.4,13.5
159,何魂,2016-03-25,6.3,11.7
159,何魂,2016-03-26,5.6,11.1
159,何魂,2016-03-27,4.3,16.2
159,何魂,2016-03-28,6.7,18.3
159,何魂,2016-03-29,10.1,16.3
159,何魂,2016-03-30,12.4,19.6
159,何魂,2016-03-31,11.1,19.3
159,何魂,2016-04-01,11,22
159,何魂,2016-04-02,11.4,18.8
159,何魂,2016-04-03,11.5,18
159,何魂,2016-04-04,10.5,13.6
159,何魂,2016-04-05,10.8,19.5
159,何魂,2016-04-06,11,20.9
159,何魂,2016-04-07,11.4,16.5
159,何魂,2016-04-08,12.4,21.7
159,何魂,2016-04-09,13.1,22.6
159,何魂,2016-04-10,11.3,18.9
159,何魂,2016-04-11,9.1,14
159,何魂,2016-04-12,8,15.9
159,何魂,2016-04-13,14,16
159,何魂,2016-04-14,13.2,21.4
159,何魂,2016-04-15,11.5,18.1
159,何魂,2016-04-16,10.5,19.2
159,何魂,2016-04-17,13.4,20.9
159,何魂,2016-04-18,12.9,19.2
159,何魂,2016-04-19,12.5,19.9
159,何魂,2016-04-20,11.2,20.5
159,何魂,2016-04-21,14,18.4
159,何魂,2016-04-22,13.7,22.9
159,何魂,2016-04-23,14.8,18.9
159,何魂,2016-04-24,13.4,21.8
159,何魂,2016-04-25,12.2,22.5
159,何魂,2016-04-26,12.2,24.2
159,何魂,2016-04-27,11,13.5
159,何魂,2016-04-28,11.1,16.1
159,何魂,2016-04-29,11.5,18.9
159,何魂,2016-04-30,12.8,20.9
159,何魂,2016-05-01,14.4,22.7
159,何魂,2016-05-02,15.7,24.2
159,何魂,2016-05-03,14.4,19.5
159,何魂,2016-05-04,14.1,26
159,何魂,2016-05-05,14.3,25
159,何魂,2016-05-06,15.9,19.2
159,何魂,2016-05-07,16.1,25.2
159,何魂,2016-05-08,16.2,23.1
159,何魂,2016-05-09,16.1,22.3
159,何魂,2016-05-10,13.1,17.2
159,何魂,2016-05-11,13.2,18.7
159,何魂,2016-05-12,13.7,23.5
159,何魂,2016-05-13,14.9,21.7
159,何魂,2016-05-14,13.1,21.3
159,何魂,2016-05-15,14.2,23.1
159,何魂,2016-05-16,11.5,20
159,何魂,2016-05-17,12.7,25.3
159,何魂,2016-05-18,14.7,26.8
159,何魂,2016-05-19,15.2,25.5
159,何魂,2016-05-20,16.8,25.5
159,何魂,2016-05-21,16.6,26
159,何魂,2016-05-22,17.1,26
159,何魂,2016-05-23,15.7,24.4
159,何魂,2016-05-24,18.5,20.7
159,何魂,2016-05-25,16.4,23.8
159,何魂,2016-05-26,17.9,26
159,何魂,2016-05-27,20.8,26.7
159,何魂,2016-05-28,19.2,24.1
159,何魂,2016-05-29,17.9,25.4
159,何魂,2016-05-30,19.3,26.6
159,何魂,2016-05-31,17.8,30.5
159,何魂,2016-06-01,17.3,23.6
159,何魂,2016-06-02,15.7,24
159,何魂,2016-06-03,16.8,25.7
159,何魂,2016-06-04,16.6,23.8
159,何魂,2016-06-05,17.1,25.1
159,何魂,2016-06-06,18.3,20.4
159,何魂,2016-06-07,18.8,25.4
159,何魂,2016-06-08,18.8,22.2
159,何魂,2016-06-09,19.6,26.1
159,何魂,2016-06-10,20.1,25.3
159,何魂,2016-06-11,20.1,26.6
159,何魂,2016-06-12,21.1,24.1
159,何魂,2016-06-13,20.4,25.7
159,何魂,2016-06-14,20.1,24.2
159,何魂,2016-06-15,19.9,24.2
159,何魂,2016-06-16,21.7,26.4
159,何魂,2016-06-17,19.3,28.6
159,何魂,2016-06-18,19.1,25.5
159,何魂,2016-06-19,21,28.6
159,何魂,2016-06-20,21.1,28.7
159,何魂,2016-06-21,21.2,24.6
159,何魂,2016-06-22,21.3,23.3
159,何魂,2016-06-23,20.6,26.6
159,何魂,2016-06-24,21.2,24.2
159,何魂,2016-06-25,20.6,25.7
159,何魂,2016-06-26,19.6,28.6
159,何魂,2016-06-27,19.3,23.4
159,何魂,2016-06-28,18.8,25.3
159,何魂,2016-06-29,20.1,25.1
159,何魂,2016-06-30,20.3,27.2
159,何魂,2016-07-01,22.2,24
159,何魂,2016-07-02,21.7,24.4
159,何魂,2016-07-03,20.2,24.7
159,何魂,2016-07-04,20.4,22.1
159,何魂,2016-07-05,20,26.1
159,何魂,2016-07-06,20.3,29.2
159,何魂,2016-07-07,19.5,27.6
159,何魂,2016-07-08,23.1,30.4
159,何魂,2016-07-09,22.6,29
159,何魂,2016-07-10,23.1,29.3
159,何魂,2016-07-11,23.5,27
159,何魂,2016-07-12,22.5,25.2
159,何魂,2016-07-13,22.7,29.5
159,何魂,2016-07-14,22.8,31.9
159,何魂,2016-07-15,22.2,27.6
159,何魂,2016-07-16,22,24.3
159,何魂,2016-07-17,21.8,28.6
159,何魂,2016-07-18,22.4,28
159,何魂,2016-07-19,23.2,28.4
159,何魂,2016-07-20,22.2,28.4
159,何魂,2016-07-21,21.6,27.9
159,何魂,2016-07-22,21.6,28.2
159,何魂,2016-07-23,22.2,29.5
159,何魂,2016-07-24,23.3,30.4
159,何魂,2016-07-25,26,31.2
159,何魂,2016-07-26,26.2,31.1
159,何魂,2016-07-27,26.3,32.2
159,何魂,2016-07-28,27.2,31.4
159,何魂,2016-07-29,26.1,31.9
159,何魂,2016-07-30,26.8,32.7
159,何魂,2016-07-31,26.3,32.1
159,何魂,2016-08-01,24.8,31.8
159,何魂,2016-08-02,25.2,31.1
159,何魂,2016-08-03,24.9,31.1
159,何魂,2016-08-04,25.5,31.7
159,何魂,2016-08-05,25.4,32
159,何魂,2016-08-06,25.4,32.7
159,何魂,2016-08-07,26.5,33
159,何魂,2016-08-08,26.8,34.4
159,何魂,2016-08-09,26.2,32.9
159,何魂,2016-08-10,25,32.2
159,何魂,2016-08-11,26.9,34.8
159,何魂,2016-08-12,27.9,34.5
159,何魂,2016-08-13,28.2,35.3
159,何魂,2016-08-14,28.3,37.3
159,何魂,2016-08-15,25.3,36.6
159,何魂,2016-08-16,25,30.9
159,何魂,2016-08-17,25.3,32.3
159,何魂,2016-08-18,25.7,32.5
159,何魂,2016-08-19,25.6,32.7
159,何魂,2016-08-20,25.9,31.7
159,何魂,2016-08-21,25.9,33.3
159,何魂,2016-08-22,26.3,32.5
159,何魂,2016-08-23,25.5,31.2
159,何魂,2016-08-24,24.2,31.8
159,何魂,2016-08-25,24.9,33.4
159,何魂,2016-08-26,20.8,27.9
159,何魂,2016-08-27,19.8,28.2
159,何魂,2016-08-28,17.6,24
159,何魂,2016-08-29,17.5,25.7
159,何魂,2016-08-30,19.4,26
159,何魂,2016-08-31,21.5,29.8
159,何魂,2016-09-01,24,29.3
159,何魂,2016-09-02,19.7,24.9
159,何魂,2016-09-03,22.2,27.9
159,何魂,2016-09-04,23.2,28.4
159,何魂,2016-09-05,23.9,29.2
159,何魂,2016-09-06,23.5,28.8
159,何魂,2016-09-07,23.8,28.8
159,何魂,2016-09-08,20.1,28.4
159,何魂,2016-09-09,22.2,28.4
159,何魂,2016-09-10,22.3,27.7
159,何魂,2016-09-11,21.1,28.3
159,何魂,2016-09-12,20.4,23.4
159,何魂,2016-09-13,19.7,27.4
159,何魂,2016-09-14,20.2,28.2
159,何魂,2016-09-15,21.1,27.7
159,何魂,2016-09-16,22.3,26
159,何魂,2016-09-17,18.9,23.3
159,何魂,2016-09-18,20.6,23.1
159,何魂,2016-09-19,19.6,21.8
159,何魂,2016-09-20,18.3,25.1
159,何魂,2016-09-21,17.7,25.6
159,何魂,2016-09-22,19.2,24.6
159,何魂,2016-09-23,18.3,26.3
159,何魂,2016-09-24,19.3,26.8
159,何魂,2016-09-25,19.3,27.6
159,何魂,2016-09-26,22.1,27.3
159,何魂,2016-09-27,22.7,29.7
159,何魂,2016-09-28,20.9,25.1
159,何魂,2016-09-29,18.3,20.9
159,何魂,2016-09-30,17.1,19.1
159,何魂,2016-10-01,18,22
159,何魂,2016-10-02,19.9,27.4
159,何魂,2016-10-03,22.4,28.3
159,何魂,2016-10-04,21.4,27.5
159,何魂,2016-10-05,20,26.4
159,何魂,2016-10-06,19.1,26.4
159,何魂,2016-10-07,18.7,23.8
159,何魂,2016-10-08,16.1,22.6
159,何魂,2016-10-09,13.1,22
159,何魂,2016-10-10,14.5,21.6
159,何魂,2016-10-11,15.5,19.8
159,何魂,2016-10-12,15,23.6
159,何魂,2016-10-13,16.7,21.5
159,何魂,2016-10-14,14.9,24
159,何魂,2016-10-15,16.2,23.5
159,何魂,2016-10-16,17.5,18.9
159,何魂,2016-10-17,17,25.9
159,何魂,2016-10-18,16.7,24.5
159,何魂,2016-10-19,17,24
159,何魂,2016-10-20,16.2,24.2
159,何魂,2016-10-21,16.4,18.4
159,何魂,2016-10-22,15.8,22.3
159,何魂,2016-10-23,14.1,19
159,何魂,2016-10-24,13.8,21.2
159,何魂,2016-10-25,15,21.7
159,何魂,2016-10-26,15.2,22.8
159,何魂,2016-10-27,15.5,20
159,何魂,2016-10-28,15.1,17.3
159,何魂,2016-10-29,12.6,17.4
159,何魂,2016-10-30,9.8,19
159,何魂,2016-10-31,10.7,15.1
159,何魂,2016-11-01,5.5,13.4
159,何魂,2016-11-02,3.1,14.1
159,何魂,2016-11-03,5.9,17.5
159,何魂,2016-11-04,10.1,19
159,何魂,2016-11-05,12.3,20.5
159,何魂,2016-11-06,12.9,16.6
159,何魂,2016-11-07,12.6,18.5
159,何魂,2016-11-08,8.2,15.9
159,何魂,2016-11-09,3.8,15.8
159,何魂,2016-11-10,9.7,14.3
159,何魂,2016-11-11,8.2,17.8
159,何魂,2016-11-12,8.8,20.3
159,何魂,2016-11-13,12.9,18
159,何魂,2016-11-14,15.7,19.5
159,何魂,2016-11-15,11.6,19.9
159,何魂,2016-11-16,9.5,19
159,何魂,2016-11-17,9.2,18.6
159,何魂,2016-11-18,11.4,20.8
159,何魂,2016-11-19,13.4,20.4
159,何魂,2016-11-20,14,19.4
159,何魂,2016-11-21,13,18.8
159,何魂,2016-11-22,6.2,15.5
159,何魂,2016-11-23,5,14.5
159,何魂,2016-11-24,.1,9.5
159,何魂,2016-11-25,.9,11.7
159,何魂,2016-11-26,2.8,10.3
159,何魂,2016-11-27,5.1,10.8
159,何魂,2016-11-28,4.1,11.9
159,何魂,2016-11-29,3.1,14.8
159,何魂,2016-11-30,9.1,14.8
159,何魂,2016-12-01,4.4,13.8
159,何魂,2016-12-02,3.1,12.1
159,何魂,2016-12-03,4.5,16.8
159,何魂,2016-12-04,8.3,13.1
159,何魂,2016-12-05,7.5,16.3
159,何魂,2016-12-06,3.7,10.5
159,何魂,2016-12-07,.9,11.5
159,何魂,2016-12-08,3.8,12.8
159,何魂,2016-12-09,4.7,13.7
159,何魂,2016-12-10,1.5,11.4
159,何魂,2016-12-11,.7,12.6
159,何魂,2016-12-12,5.7,15.2
159,何魂,2016-12-13,8.5,11.6
159,何魂,2016-12-14,2.3,11
159,何魂,2016-12-15,-1,7
159,何魂,2016-12-16,-3.2,6.4
159,何魂,2016-12-17,-.7,11.4
159,何魂,2016-12-18,3.7,13.5
159,何魂,2016-12-19,7.7,13
159,何魂,2016-12-20,9.8,17.1
159,何魂,2016-12-21,10.2,16.9
159,何魂,2016-12-22,7,17.6
159,何魂,2016-12-23,1.5,8
159,何魂,2016-12-24,-.2,10.1
159,何魂,2016-12-25,3.5,14.8
159,何魂,2016-12-26,6.4,10
159,何魂,2016-12-27,-.2,8.4
159,何魂,2016-12-28,-2.3,10.5
159,何魂,2016-12-29,-.8,7.8
159,何魂,2016-12-30,-2,8.6
159,何魂,2016-12-31,0,10.6
159,何魂,2017-01-01,2.2,12.6
159,何魂,2017-01-02,5.3,15.1
159,何魂,2017-01-03,3.8,14.2
159,何魂,2017-01-04,4.7,12.9
159,何魂,2017-01-05,6,12.7
159,何魂,2017-01-06,5.1,12.8
159,何魂,2017-01-07,4.3,12.8
159,何魂,2017-01-08,7.4,12.9
159,何魂,2017-01-09,4.1,11.3
159,何魂,2017-01-10,.8,7.7
159,何魂,2017-01-11,-2.3,4.9
159,何魂,2017-01-12,-.5,8.7
159,何魂,2017-01-13,-1.9,6.7
159,何魂,2017-01-14,-6,2.5
159,何魂,2017-01-15,-7.7,5.6
159,何魂,2017-01-16,-3.5,8.3
159,何魂,2017-01-17,-.3,9.8
159,何魂,2017-01-18,1.7,9.2
159,何魂,2017-01-19,.2,10.5
159,何魂,2017-01-20,-2.1,5.9
159,何魂,2017-01-21,-3.9,4.2
159,何魂,2017-01-22,-4.1,5.1
159,何魂,2017-01-23,-6.3,2.9
159,何魂,2017-01-24,-5.3,4.4
159,何魂,2017-01-25,-3.7,8.2
159,何魂,2017-01-26,-1.7,9.2
159,何魂,2017-01-27,2.6,12.3
159,何魂,2017-01-28,.5,12.1
159,何魂,2017-01-29,6.6,9.3
159,何魂,2017-01-30,-1.4,8.2
159,何魂,2017-01-31,-2.2,9
159,何魂,2017-02-01,-.6,8.5
159,何魂,2017-02-02,-2.5,10.1
159,何魂,2017-02-03,.2,12.5
159,何魂,2017-02-04,5.3,15.1
159,何魂,2017-02-05,4.3,12
159,何魂,2017-02-06,1.3,8.8
159,何魂,2017-02-07,-.3,10.1
159,何魂,2017-02-08,2.6,9.8
159,何魂,2017-02-09,-2.9,5.7
159,何魂,2017-02-10,-4.7,3.1
159,何魂,2017-02-11,-5.7,5.9
159,何魂,2017-02-12,-2.5,8.3
159,何魂,2017-02-13,-.9,11
159,何魂,2017-02-14,1.9,10.8
159,何魂,2017-02-15,2.7,12.8
159,何魂,2017-02-16,6.5,15.9
159,何魂,2017-02-17,5.3,17.7
159,何魂,2017-02-18,1.3,8.7
159,何魂,2017-02-19,-1,13
159,何魂,2017-02-20,.5,14.3
159,何魂,2017-02-21,-1,9.7
159,何魂,2017-02-22,6.1,10.5
159,何魂,2017-02-23,.8,10.3
159,何魂,2017-02-24,-1.6,8.5
159,何魂,2017-02-25,.4,12.3
159,何魂,2017-02-26,2.4,10.3
159,何魂,2017-02-27,4.2,12.2
159,何魂,2017-02-28,4.3,13.6
159,何魂,2017-03-01,6.2,13.8
159,何魂,2017-03-02,2.6,11.4
159,何魂,2017-03-03,.5,12.4
159,何魂,2017-03-04,5.5,14.5
159,何魂,2017-03-05,7.1,15.5
159,何魂,2017-03-06,1.7,11.4
159,何魂,2017-03-07,-1.1,9.8
159,何魂,2017-03-08,-2.3,9.5
159,何魂,2017-03-09,1.9,11.8
159,何魂,2017-03-10,3.3,15.4
159,何魂,2017-03-11,6.4,15.7
159,何魂,2017-03-12,6.3,16.6
159,何魂,2017-03-13,8.4,15.7
159,何魂,2017-03-14,5.2,14.8
159,何魂,2017-03-15,3.4,14
159,何魂,2017-03-16,5.2,12.8
159,何魂,2017-03-17,6.6,15.4
159,何魂,2017-03-18,8.4,16.9
159,何魂,2017-03-19,9,17.2
159,何魂,2017-03-20,8.1,14.5
159,何魂,2017-03-21,6.1,16.8
159,何魂,2017-03-22,4.5,14.2
159,何魂,2017-03-23,9,15.3
159,何魂,2017-03-24,7.8,12.9
159,何魂,2017-03-25,5.9,12.8
159,何魂,2017-03-26,4.5,10.6
159,何魂,2017-03-27,3.9,13.1
159,何魂,2017-03-28,3.7,14.7
159,何魂,2017-03-29,6.2,11.6
159,何魂,2017-03-30,7.7,18.1
159,何魂,2017-03-31,8.6,11.4
159,何魂,2017-04-01,6.7,12.3
159,何魂,2017-04-02,5,15.2
159,何魂,2017-04-03,6.9,22.5
159,何魂,2017-04-04,11.8,21.5
159,何魂,2017-04-05,12.4,15.3
159,何魂,2017-04-06,13.7,15.7
159,何魂,2017-04-07,12.5,21.3
159,何魂,2017-04-08,11.6,20.2
159,何魂,2017-04-09,11.3,17.7
159,何魂,2017-04-10,10.5,16.7
159,何魂,2017-04-11,9.7,18.2
159,何魂,2017-04-12,11.5,17.7
159,何魂,2017-04-13,8.9,19.5
159,何魂,2017-04-14,11.8,19.3
159,何魂,2017-04-15,14.9,21.6
159,何魂,2017-04-16,13.6,21
159,何魂,2017-04-17,13.1,17.8
159,何魂,2017-04-18,11.6,19.1
159,何魂,2017-04-19,10.6,18.5
159,何魂,2017-04-20,13.8,18.2
159,何魂,2017-04-21,12.2,20.9
159,何魂,2017-04-22,10.9,17.5
159,何魂,2017-04-23,9.9,17.9
159,何魂,2017-04-24,10.9,20.5
159,何魂,2017-04-25,14.9,19.7
159,何魂,2017-04-26,11.8,17.8
159,何魂,2017-04-27,10.7,20.1
159,何魂,2017-04-28,10.9,19.3
159,何魂,2017-04-29,13.5,22.7
159,何魂,2017-04-30,14.9,23.2
159,何魂,2017-05-01,14.2,22.9
159,何魂,2017-05-02,13,19.9
159,何魂,2017-05-03,12.8,23.3
159,何魂,2017-05-04,14.9,22.5
159,何魂,2017-05-05,17,23.6
159,何魂,2017-05-06,17.1,25
159,何魂,2017-05-07,13.9,26.6
159,何魂,2017-05-08,17,25.8
159,何魂,2017-05-09,13.8,20.3
159,何魂,2017-05-10,14.4,22.2
159,何魂,2017-05-11,15.5,23.9
159,何魂,2017-05-12,15.7,18.4
159,何魂,2017-05-13,14.3,20.9
159,何魂,2017-05-14,14.2,23.2
159,何魂,2017-05-15,13.5,21
159,何魂,2017-05-16,14.5,21.4
159,何魂,2017-05-17,15.2,21.6
159,何魂,2017-05-18,14.7,25.9
159,何魂,2017-05-19,16.5,27.9
159,何魂,2017-05-20,18.1,26.3
159,何魂,2017-05-21,17,25.8
159,何魂,2017-05-22,16,25.8
159,何魂,2017-05-23,15.1,24.1
159,何魂,2017-05-24,17.7,23.1
159,何魂,2017-05-25,16.3,28.2
159,何魂,2017-05-26,13.2,21.1
159,何魂,2017-05-27,13.5,22.7
159,何魂,2017-05-28,15.7,24.1
159,何魂,2017-05-29,17.8,26.1
159,何魂,2017-05-30,17.6,25.9
159,何魂,2017-05-31,17.3,25.4
159,何魂,2017-06-01,18.3,24.8
159,何魂,2017-06-02,15.4,22.5
159,何魂,2017-06-03,16.2,25.4
159,何魂,2017-06-04,15.8,25.2
159,何魂,2017-06-05,17,23.5
159,何魂,2017-06-06,16.8,21.7
159,何魂,2017-06-07,17.4,22.9
159,何魂,2017-06-08,16.5,27.1
159,何魂,2017-06-09,18.1,27.3
159,何魂,2017-06-10,19.3,24.2
159,何魂,2017-06-11,17.8,24.3
159,何魂,2017-06-12,16.5,22.4
159,何魂,2017-06-13,15.9,21.2
159,何魂,2017-06-14,16.9,24.1
159,何魂,2017-06-15,19.2,30.4
159,何魂,2017-06-16,18.2,24.5
159,何魂,2017-06-17,17.4,23.3
159,何魂,2017-06-18,17.9,24.7
159,何魂,2017-06-19,19,26
159,何魂,2017-06-20,18.4,24.9
159,何魂,2017-06-21,18.6,26.5
159,何魂,2017-06-22,19.2,27.4
159,何魂,2017-06-23,20.3,28.3
159,何魂,2017-06-24,20.4,26.5
159,何魂,2017-06-25,21.4,25.3
159,何魂,2017-06-26,21.3,25.1
159,何魂,2017-06-27,20.7,25.8
159,何魂,2017-06-28,20.6,27.8
159,何魂,2017-06-29,20.7,23.9
159,何魂,2017-06-30,20.9,27.6
159,何魂,2017-07-01,23.1,28.4
159,何魂,2017-07-02,23.2,26.6
159,何魂,2017-07-03,23.9,27.4
159,何魂,2017-07-04,21.9,27.9
159,何魂,2017-07-05,21.2,26.4
159,何魂,2017-07-06,21.9,27
159,何魂,2017-07-07,22.2,26.5
159,何魂,2017-07-08,23.9,28.1
159,何魂,2017-07-09,23.9,28.8
159,何魂,2017-07-10,23.9,26.4
159,何魂,2017-07-11,22.7,27
159,何魂,2017-07-12,22.9,30.4
159,何魂,2017-07-13,22.4,28.4
159,何魂,2017-07-14,23.3,29.6
159,何魂,2017-07-15,24.8,30.1
159,何魂,2017-07-16,24.9,30.9
159,何魂,2017-07-17,24.4,30.8
159,何魂,2017-07-18,23.6,29.5
159,何魂,2017-07-19,25.3,31.2
159,何魂,2017-07-20,24,29.5
159,何魂,2017-07-21,24.2,30.8
159,何魂,2017-07-22,24.4,32.7
159,何魂,2017-07-23,24.4,30.8
159,何魂,2017-07-24,24.2,31.1
159,何魂,2017-07-25,24,29.4
159,何魂,2017-07-26,23,30.6
159,何魂,2017-07-27,22,29.5
159,何魂,2017-07-28,23,29.6
159,何魂,2017-07-29,24.6,29.2
159,何魂,2017-07-30,24.2,30.1
159,何魂,2017-07-31,25.1,30.6
159,何魂,2017-08-01,24.8,31.5
159,何魂,2017-08-02,24.3,30.8
159,何魂,2017-08-03,23.9,31.8
159,何魂,2017-08-04,25.9,34
159,何魂,2017-08-05,27.3,35.3
159,何魂,2017-08-06,27.6,36.2
159,何魂,2017-08-07,27.3,35
159,何魂,2017-08-08,26.3,34.2
159,何魂,2017-08-09,25.8,29.1
159,何魂,2017-08-10,25.9,33.1
159,何魂,2017-08-11,24.7,30.7
159,何魂,2017-08-12,23.2,30.7
159,何魂,2017-08-13,22.9,29.3
159,何魂,2017-08-14,21.9,24.7
159,何魂,2017-08-15,21.9,27.7
159,何魂,2017-08-16,24.6,27.8
159,何魂,2017-08-17,23.7,28.7
159,何魂,2017-08-18,24.1,29.2
159,何魂,2017-08-19,24.1,28.9
159,何魂,2017-08-20,24.5,29.1
159,何魂,2017-08-21,26.2,29.5
159,何魂,2017-08-22,25.5,29.2
159,何魂,2017-08-23,26.1,31.7
159,何魂,2017-08-24,27.3,32.9
159,何魂,2017-08-25,25.3,29.7
159,何魂,2017-08-26,23.3,30.1
159,何魂,2017-08-27,21.8,29.4
159,何魂,2017-08-28,21.7,29.5
159,何魂,2017-08-29,22.6,28.9
159,何魂,2017-08-30,21.1,28.8
159,何魂,2017-08-31,18.7,28.5
159,何魂,2017-09-01,19.9,28.5
159,何魂,2017-09-02,19,27.5
159,何魂,2017-09-03,19.4,27.8
159,何魂,2017-09-04,21.3,28
159,何魂,2017-09-05,21.9,26.4
159,何魂,2017-09-06,21.6,25.6
159,何魂,2017-09-07,18.7,24.5
159,何魂,2017-09-08,20,28.9
159,何魂,2017-09-09,20.8,29.7
159,何魂,2017-09-10,21.5,28.2
159,何魂,2017-09-11,21.3,25.7
159,何魂,2017-09-12,20.9,28.6
159,何魂,2017-09-13,19.6,27.8
159,何魂,2017-09-14,19.3,27.3
159,何魂,2017-09-15,21.2,24.3
159,何魂,2017-09-16,21,24.4
159,何魂,2017-09-17,19.9,24.2
159,何魂,2017-09-18,18.3,26.8
159,何魂,2017-09-19,19.2,26.7
159,何魂,2017-09-20,19.3,26
159,何魂,2017-09-21,18,25.6
159,何魂,2017-09-22,19.2,26.6
159,何魂,2017-09-23,19.3,26.5
159,何魂,2017-09-24,18.5,27.6
159,何魂,2017-09-25,20.8,28.1
159,何魂,2017-09-26,20.6,27
159,何魂,2017-09-27,19.1,22
159,何魂,2017-09-28,18.2,25.3
159,何魂,2017-09-29,14.5,23.3
159,何魂,2017-09-30,15.2,25.6
159,何魂,2017-10-01,16.7,23.2
159,何魂,2017-10-02,18.9,25.7
159,何魂,2017-10-03,18.8,25.3
159,何魂,2017-10-04,17.4,23.5
159,何魂,2017-10-05,16.8,22.4
159,何魂,2017-10-06,16.4,21.4
159,何魂,2017-10-07,18.3,25.4
159,何魂,2017-10-08,18.2,26.4
159,何魂,2017-10-09,19.2,26.9
159,何魂,2017-10-10,20.1,28.7
159,何魂,2017-10-11,20.3,26.2
159,何魂,2017-10-12,13.6,20.3
159,何魂,2017-10-13,12.7,22
159,何魂,2017-10-14,13.8,22
159,何魂,2017-10-15,13.7,17.3
159,何魂,2017-10-16,16.2,20.2
159,何魂,2017-10-17,15.9,21.8
159,何魂,2017-10-18,16.4,18.7
159,何魂,2017-10-19,15.6,22.2
159,何魂,2017-10-20,15.6,22.8
159,何魂,2017-10-21,15.3,22.6
159,何魂,2017-10-22,15.6,21.9
159,何魂,2017-10-23,13.3,20.1
159,何魂,2017-10-24,11.6,19.9
159,何魂,2017-10-25,11,20.8
159,何魂,2017-10-26,11.3,21
159,何魂,2017-10-27,13.4,22.7
159,何魂,2017-10-28,15.8,20.7
159,何魂,2017-10-29,10.4,23.7
159,何魂,2017-10-30,7.3,17.2
159,何魂,2017-10-31,7.6,19.4
159,何魂,2017-11-01,10.1,21.6
159,何魂,2017-11-02,12.2,21.5
159,何魂,2017-11-03,12.5,23.2
159,何魂,2017-11-04,7,16.3
159,何魂,2017-11-05,6.9,18.1
159,何魂,2017-11-06,8.4,19.4
159,何魂,2017-11-07,11.8,19.7
159,何魂,2017-11-08,13.9,23.6
159,何魂,2017-11-09,10.8,20.3
159,何魂,2017-11-10,11.5,21.1
159,何魂,2017-11-11,6.5,15.2
159,何魂,2017-11-12,7.3,17.7
159,何魂,2017-11-13,9,18.2
159,何魂,2017-11-14,8.7,18.4
159,何魂,2017-11-15,5.2,14.8
159,何魂,2017-11-16,3.2,12.3
159,何魂,2017-11-17,5.3,15.7
159,何魂,2017-11-18,.9,11.6
159,何魂,2017-11-19,-1,7.3
159,何魂,2017-11-20,2.4,11.1
159,何魂,2017-11-21,4.3,12.8
159,何魂,2017-11-22,6.5,12.7
159,何魂,2017-11-23,2.7,10.4
159,何魂,2017-11-24,1.9,11
159,何魂,2017-11-25,1.6,11.6
159,何魂,2017-11-26,8,16.8
159,何魂,2017-11-27,7.7,17.3
159,何魂,2017-11-28,10.7,19.8
159,何魂,2017-11-29,10.4,17.2
159,何魂,2017-11-30,1.7,11.1
159,何魂,2017-12-01,-1.3,7.9
159,何魂,2017-12-02,.4,10.7
159,何魂,2017-12-03,3,14.5
159,何魂,2017-12-04,-.5,11.6
159,何魂,2017-12-05,-2.4,4.8
159,何魂,2017-12-06,-1.6,9.8
159,何魂,2017-12-07,3.4,11.6
159,何魂,2017-12-08,-1.2,5.6
159,何魂,2017-12-09,-1.9,8.5
159,何魂,2017-12-10,3.9,10.8
159,何魂,2017-12-11,-3.2,5.7
159,何魂,2017-12-12,-6.1,1.6
159,何魂,2017-12-13,-5.8,4.5
159,何魂,2017-12-14,-3.4,9.8
159,何魂,2017-12-15,1,9.9
159,何魂,2017-12-16,-2.8,5.4
159,何魂,2017-12-17,-5.4,2.8
159,何魂,2017-12-18,-3.2,7.5
159,何魂,2017-12-19,-1,7.6
159,何魂,2017-12-20,-2.9,8.2
159,何魂,2017-12-21,.8,9.8
159,何魂,2017-12-22,.4,10.6
159,何魂,2017-12-23,4,13.4
159,何魂,2017-12-24,4.2,13.4
159,何魂,2017-12-25,.1,7.5
159,何魂,2017-12-26,-.7,8.9
159,何魂,2017-12-27,-4.5,3.7
159,何魂,2017-12-28,-1.5,6.2
159,何魂,2017-12-29,1.3,11.4
159,何魂,2017-12-30,2.6,12.6
159,何魂,2017-12-31,1.2,9.3
159,何魂,2018-01-01,-1.1,7.4
159,何魂,2018-01-02,-.3,9.4
159,何魂,2018-01-03,-.2,6.9
159,何魂,2018-01-04,-1.7,7.7
159,何魂,2018-01-05,.7,9.7
159,何魂,2018-01-06,-.8,8.5
159,何魂,2018-01-07,.4,9.4
159,何魂,2018-01-08,4.3,7.4
159,何魂,2018-01-09,.1,4.7
159,何魂,2018-01-10,-4.8,2.5
159,何魂,2018-01-11,-7.4,0
159,何魂,2018-01-12,-9.4,.1
159,何魂,2018-01-13,-5.7,5.6
159,何魂,2018-01-14,-1.1,9.1
159,何魂,2018-01-15,4.2,14
159,何魂,2018-01-16,5.5,11
159,何魂,2018-01-17,5.4,8.3
159,何魂,2018-01-18,4.1,11.6
159,何魂,2018-01-19,1.8,11.9
159,何魂,2018-01-20,.7,10.5
159,何魂,2018-01-21,2.1,11.5
159,何魂,2018-01-22,4.7,7.6
159,何魂,2018-01-23,-5.4,6.1
159,何魂,2018-01-24,-9.8,-2.2
159,何魂,2018-01-25,-9.8,.2
159,何魂,2018-01-26,-9.9,.3
159,何魂,2018-01-27,-8.6,5.4
159,何魂,2018-01-28,-1,5.5
159,何魂,2018-01-29,-6,2.4
159,何魂,2018-01-30,-6.8,3
159,何魂,2018-01-31,-3.4,6.8
159,何魂,2018-02-01,-.6,9.4
159,何魂,2018-02-02,-.8,7.4
159,何魂,2018-02-03,-4.8,4.3
159,何魂,2018-02-04,-8,-.2
159,何魂,2018-02-05,-8,1.5
159,何魂,2018-02-06,-8.9,.5
159,何魂,2018-02-07,-9.6,3.1
159,何魂,2018-02-08,-4.5,6.8
159,何魂,2018-02-09,0,10.9
159,何魂,2018-02-10,1.1,11.6
159,何魂,2018-02-11,-4.6,3.5
159,何魂,2018-02-12,-4,3.5
159,何魂,2018-02-13,-2.6,6.7
159,何魂,2018-02-14,1.9,12.9
159,何魂,2018-02-15,5.1,11.9
159,何魂,2018-02-16,3.6,11.6
159,何魂,2018-02-17,.2,9.5
159,何魂,2018-02-18,.1,9.9
159,何魂,2018-02-19,4.1,11.2
159,何魂,2018-02-20,3.2,13.8
159,何魂,2018-02-21,2.6,9.8
159,何魂,2018-02-22,.2,8.9
159,何魂,2018-02-23,1.9,12.3
159,何魂,2018-02-24,5.5,14.7
159,何魂,2018-02-25,5.6,13.9
159,何魂,2018-02-26,3.2,11.9
159,何魂,2018-02-27,4.2,14.7
159,何魂,2018-02-28,7.6,12.3
159,何魂,2018-03-01,2.7,12
159,何魂,2018-03-02,-.7,9.8
159,何魂,2018-03-03,4.1,16.4
159,何魂,2018-03-04,10.2,15.4
159,何魂,2018-03-05,3.4,13.4
159,何魂,2018-03-06,3.1,11.4
159,何魂,2018-03-07,5,9.7
159,何魂,2018-03-08,4.2,6.3
159,何魂,2018-03-09,2.2,9.4
159,何魂,2018-03-10,3.4,11.2
159,何魂,2018-03-11,4.3,15.6
159,何魂,2018-03-12,6,15.8
159,何魂,2018-03-13,9.7,17.3
159,何魂,2018-03-14,12.4,19
159,何魂,2018-03-15,10.1,15.6
159,何魂,2018-03-16,2.4,10.3
159,何魂,2018-03-17,2.3,10.8
159,何魂,2018-03-18,4.9,16.4
159,何魂,2018-03-19,5.4,12.8
159,何魂,2018-03-20,3,8.5
159,何魂,2018-03-21,1,4.4
159,何魂,2018-03-22,2,14.3
159,何魂,2018-03-23,4.7,15.6
159,何魂,2018-03-24,6.6,18.5
159,何魂,2018-03-25,8.8,19.4
159,何魂,2018-03-26,12.1,21.4
159,何魂,2018-03-27,11.4,21.1
159,何魂,2018-03-28,11.5,19.4
159,何魂,2018-03-29,11.2,22.3
159,何魂,2018-03-30,10.2,17.2
159,何魂,2018-03-31,9,18.3
159,何魂,2018-04-01,13.4,19.5
159,何魂,2018-04-02,15.3,21.3
159,何魂,2018-04-03,15.6,21.5
159,何魂,2018-04-04,8.5,17.6
159,何魂,2018-04-05,8.8,12.1
159,何魂,2018-04-06,6.6,16.4
159,何魂,2018-04-07,4.1,10.2
159,何魂,2018-04-08,3,11.9
159,何魂,2018-04-09,10.8,18.8
159,何魂,2018-04-10,9.6,18.3
159,何魂,2018-04-11,15.7,22.2
159,何魂,2018-04-12,13,21.3
159,何魂,2018-04-13,11.6,17.4
159,何魂,2018-04-14,11.1,16.4
159,何魂,2018-04-15,9.5,19.6
159,何魂,2018-04-16,8.5,16.7
159,何魂,2018-04-17,11,17.8
159,何魂,2018-04-18,12.1,19.8
159,何魂,2018-04-19,11.4,19.3
159,何魂,2018-04-20,14.5,23.9
159,何魂,2018-04-21,13.8,23.3
159,何魂,2018-04-22,13.5,22.4
159,何魂,2018-04-23,11,13.5
159,何魂,2018-04-24,10.6,14.7
159,何魂,2018-04-25,8,18.6
159,何魂,2018-04-26,9.3,18.1
159,何魂,2018-04-27,12.4,24.3
159,何魂,2018-04-28,11.1,20.7
159,何魂,2018-04-29,14.5,21.1
159,何魂,2018-04-30,15.2,22.7
159,何魂,2018-05-01,16.1,22.6
159,何魂,2018-05-02,13,17.5
159,何魂,2018-05-03,11.2,19.7
159,何魂,2018-05-04,10.2,18.5
159,何魂,2018-05-05,13.6,20.2
159,何魂,2018-05-06,14.8,17.6
159,何魂,2018-05-07,13.9,16.7
159,何魂,2018-05-08,12.7,15.6
159,何魂,2018-05-09,11.3,16.7
159,何魂,2018-05-10,9.8,18.3
159,何魂,2018-05-11,12.7,21.3
159,何魂,2018-05-12,16.3,18.9
159,何魂,2018-05-13,16.8,23.3
159,何魂,2018-05-14,16,23.1
159,何魂,2018-05-15,18.7,25.1
159,何魂,2018-05-16,19.6,21.6
159,何魂,2018-05-17,20,21.6
159,何魂,2018-05-18,12.9,20.9
159,何魂,2018-05-19,12.7,18.8
159,何魂,2018-05-20,12.3,19.6
159,何魂,2018-05-21,13.5,22.4
159,何魂,2018-05-22,14.1,22.4
159,何魂,2018-05-23,15,24.9
159,何魂,2018-05-24,14.1,23.8
159,何魂,2018-05-25,18.4,26
159,何魂,2018-05-26,17.4,26.6
159,何魂,2018-05-27,16.1,24.9
159,何魂,2018-05-28,17.7,21.3
159,何魂,2018-05-29,17.5,26.1
159,何魂,2018-05-30,18.6,26
159,何魂,2018-05-31,17.7,24
159,何魂,2018-06-01,17.4,25.4
159,何魂,2018-06-02,19.4,28.2
159,何魂,2018-06-03,18.4,25.1
159,何魂,2018-06-04,16.9,26.3
159,何魂,2018-06-05,18.7,21.9
159,何魂,2018-06-06,18.3,26
159,何魂,2018-06-07,18.8,25.5
159,何魂,2018-06-08,20.6,27.8
159,何魂,2018-06-09,18.7,24.7
159,何魂,2018-06-10,17,23.5
159,何魂,2018-06-11,15.5,21.2
159,何魂,2018-06-12,16.2,21.6
159,何魂,2018-06-13,17.4,23.1
159,何魂,2018-06-14,17.6,23.4
159,何魂,2018-06-15,17.1,23.6
159,何魂,2018-06-16,16.2,22.9
159,何魂,2018-06-17,15.1,25.9
159,何魂,2018-06-18,19.8,26.2
159,何魂,2018-06-19,19.8,26.4
159,何魂,2018-06-20,19.4,27
159,何魂,2018-06-21,21,30.3
159,何魂,2018-06-22,20.8,27.5
159,何魂,2018-06-23,20.8,26.7
159,何魂,2018-06-24,21.1,31.3
159,何魂,2018-06-25,20.8,26.5
159,何魂,2018-06-26,21,24.1
159,何魂,2018-06-27,22.2,25.1
159,何魂,2018-06-28,18.5,22.6
159,何魂,2018-06-29,21.2,24.3
159,何魂,2018-06-30,19.8,23
159,何魂,2018-07-01,19.8,28.5
159,何魂,2018-07-02,22.9,29.4
159,何魂,2018-07-03,22.1,24.4
159,何魂,2018-07-04,22.2,29.5
159,何魂,2018-07-05,21.7,25.8
159,何魂,2018-07-06,19.3,21.7
159,何魂,2018-07-07,18.6,22.7
159,何魂,2018-07-08,17.8,23.4
159,何魂,2018-07-09,18.4,22.3
159,何魂,2018-07-10,19.5,28.7
159,何魂,2018-07-11,22.6,30.3
159,何魂,2018-07-12,25.1,30.3
159,何魂,2018-07-13,24.8,29.9
159,何魂,2018-07-14,24.8,31
159,何魂,2018-07-15,23.6,30.6
159,何魂,2018-07-16,23.4,30.8
159,何魂,2018-07-17,24.7,30.8
159,何魂,2018-07-18,25.2,32.3
159,何魂,2018-07-19,25.7,32.2
159,何魂,2018-07-20,26,33.7
159,何魂,2018-07-21,26.8,32.6
159,何魂,2018-07-22,26.9,33.2
159,何魂,2018-07-23,27.5,33
159,何魂,2018-07-24,26.7,32.6
159,何魂,2018-07-25,26.5,33.1
159,何魂,2018-07-26,27.8,34
159,何魂,2018-07-27,27.5,33.3
159,何魂,2018-07-28,26.9,32.5
159,何魂,2018-07-29,25.5,35.4
159,何魂,2018-07-30,25.5,33.2
159,何魂,2018-07-31,26.3,33.9
159,何魂,2018-08-01,27.1,34.6
159,何魂,2018-08-02,27.1,33.6
159,何魂,2018-08-03,27.3,33.4
159,何魂,2018-08-04,27.2,33.8
159,何魂,2018-08-05,28.1,36.4
159,何魂,2018-08-06,28,33.5
159,何魂,2018-08-07,26.1,32.2
159,何魂,2018-08-08,24.9,31.7
159,何魂,2018-08-09,25.1,32.8
159,何魂,2018-08-10,25.9,28.2
159,何魂,2018-08-11,24.6,31.5
159,何魂,2018-08-12,26.3,32.7
159,何魂,2018-08-13,27.3,34.9
159,何魂,2018-08-14,27.5,33.7
159,何魂,2018-08-15,25.6,34
159,何魂,2018-08-16,23.7,28.1
159,何魂,2018-08-17,23.2,28.8
159,何魂,2018-08-18,22.2,28.9
159,何魂,2018-08-19,21.2,30
159,何魂,2018-08-20,22.6,29.7
159,何魂,2018-08-21,24.1,32.9
159,何魂,2018-08-22,27.5,32.6
159,何魂,2018-08-23,26.3,30
159,何魂,2018-08-24,25.1,30
159,何魂,2018-08-25,24.6,28
159,何魂,2018-08-26,23.9,29.1
159,何魂,2018-08-27,23.9,27.1
159,何魂,2018-08-28,25.5,30.5
159,何魂,2018-08-29,24.7,30.2
159,何魂,2018-08-30,25.4,30.2
159,何魂,2018-08-31,23.7,28
159,何魂,2018-09-01,19.3,24.6
159,何魂,2018-09-02,20.9,26
159,何魂,2018-09-03,22.4,26.6
159,何魂,2018-09-04,21.6,30
159,何魂,2018-09-05,19.7,28.1
159,何魂,2018-09-06,21.7,26.3
159,何魂,2018-09-07,19.8,24
159,何魂,2018-09-08,19.2,23.9
159,何魂,2018-09-09,20.6,26.5
159,何魂,2018-09-10,19,26
159,何魂,2018-09-11,18.4,25.8
159,何魂,2018-09-12,19.7,28.1
159,何魂,2018-09-13,20.7,23.2
159,何魂,2018-09-14,20.5,23
159,何魂,2018-09-15,20.8,25.1
159,何魂,2018-09-16,22,28.1
159,何魂,2018-09-17,21.7,27.7
159,何魂,2018-09-18,21.7,28
159,何魂,2018-09-19,20.9,26.2
159,何魂,2018-09-20,20.1,21.6
159,何魂,2018-09-21,19.3,21.9
159,何魂,2018-09-22,19.1,27.5
159,何魂,2018-09-23,19.2,26.9
159,何魂,2018-09-24,16.8,22
159,何魂,2018-09-25,14.9,25.5
159,何魂,2018-09-26,17.3,24.2
159,何魂,2018-09-27,17,23.8
159,何魂,2018-09-28,16.8,24.8
159,何魂,2018-09-29,17.2,19.1
159,何魂,2018-09-30,15.9,25.2
159,何魂,2018-10-01,15.2,22.4
159,何魂,2018-10-02,14,22.3
159,何魂,2018-10-03,14.5,24.6
159,何魂,2018-10-04,16.4,25
159,何魂,2018-10-05,18.1,20.3
159,何魂,2018-10-06,19.2,23.6
159,何魂,2018-10-07,18.2,25.6
159,何魂,2018-10-08,15.5,23.7
159,何魂,2018-10-09,15.5,21.1
159,何魂,2018-10-10,12.6,20.9
159,何魂,2018-10-11,10.6,17.5
159,何魂,2018-10-12,9.5,18.5
159,何魂,2018-10-13,11.7,21.5
159,何魂,2018-10-14,12.8,22.1
159,何魂,2018-10-15,14.9,22.5
159,何魂,2018-10-16,13.9,20.2
159,何魂,2018-10-17,12.8,21.6
159,何魂,2018-10-18,12.1,20.8
159,何魂,2018-10-19,11.4,21.6
159,何魂,2018-10-20,10.8,21.4
159,何魂,2018-10-21,11.3,22.2
159,何魂,2018-10-22,13.1,22.8
159,何魂,2018-10-23,15.7,22.7
159,何魂,2018-10-24,12.5,21.9
159,何魂,2018-10-25,12.2,22.4
159,何魂,2018-10-26,13.6,19
159,何魂,2018-10-27,9.6,16
159,何魂,2018-10-28,8.1,18.3
159,何魂,2018-10-29,10.6,19.4
159,何魂,2018-10-30,8,15.4
159,何魂,2018-10-31,7.9,16.5
159,何魂,2018-11-01,7.9,17.8
159,何魂,2018-11-02,8.2,19.6
159,何魂,2018-11-03,9.2,20.7
159,何魂,2018-11-04,11,22.5
159,何魂,2018-11-05,10.4,21.3
159,何魂,2018-11-06,12.2,22
159,何魂,2018-11-07,14.7,20.1
159,何魂,2018-11-08,15.2,18.8
159,何魂,2018-11-09,11.8,17.9
159,何魂,2018-11-10,10.6,19.6
159,何魂,2018-11-11,10.2,20.6
159,何魂,2018-11-12,11,15.2
159,何魂,2018-11-13,10.3,18.4
159,何魂,2018-11-14,9,19.1
159,何魂,2018-11-15,8.9,18.8
159,何魂,2018-11-16,10.5,16.5
159,何魂,2018-11-17,9.7,18.1
159,何魂,2018-11-18,9.1,12.9
159,何魂,2018-11-19,7.6,17.2
159,何魂,2018-11-20,6.6,15.3
159,何魂,2018-11-21,7.9,13.5
159,何魂,2018-11-22,4.2,12.3
159,何魂,2018-11-23,2.7,11.9
159,何魂,2018-11-24,3.2,12.5
159,何魂,2018-11-25,6.2,14.8
159,何魂,2018-11-26,5.8,16.8
159,何魂,2018-11-27,10.6,19.9
159,何魂,2018-11-28,7.9,17.8
159,何魂,2018-11-29,6,15.9
159,何魂,2018-11-30,7.4,16.4
159,何魂,2018-12-01,7.8,14.2
159,何魂,2018-12-02,9.5,18.8
159,何魂,2018-12-03,14.5,18.8
159,何魂,2018-12-04,10.3,16.8
159,何魂,2018-12-05,4.8,14.9
159,何魂,2018-12-06,5.1,9.8
159,何魂,2018-12-07,-3.2,5.2
159,何魂,2018-12-08,-5.4,3
159,何魂,2018-12-09,-4.1,4.9
159,何魂,2018-12-10,-2.4,10.7
159,何魂,2018-12-11,3,8.3
159,何魂,2018-12-12,.5,7.2
159,何魂,2018-12-13,-1.5,8.1
159,何魂,2018-12-14,-2.2,6.2
159,何魂,2018-12-15,-1.5,10.4
159,何魂,2018-12-16,3.3,8.7
159,何魂,2018-12-17,3.1,9.4
159,何魂,2018-12-18,1.8,9.7
159,何魂,2018-12-19,5.2,13.7
159,何魂,2018-12-20,8.3,12.2
159,何魂,2018-12-21,8,17.2
159,何魂,2018-12-22,9.4,17.6
159,何魂,2018-12-23,3.9,13.3
159,何魂,2018-12-24,.9,8.2
159,何魂,2018-12-25,.2,9.9
159,何魂,2018-12-26,3.8,11
159,何魂,2018-12-27,-4.7,4.9
159,何魂,2018-12-28,-7.1,1.2
159,何魂,2018-12-29,-5.5,2.1
159,何魂,2018-12-30,-5.2,5.6
159,何魂,2018-12-31,-.1,10.6
159,何魂,2019-01-01,-1.9,5.5
159,何魂,2019-01-02,-2.5,6.4
159,何魂,2019-01-03,-1.7,8.4
159,何魂,2019-01-04,1.4,8.2
159,何魂,2019-01-05,2.2,10.7
159,何魂,2019-01-06,1.3,10.7
159,何魂,2019-01-07,.7,9.5
159,何魂,2019-01-08,-.7,8.2
159,何魂,2019-01-09,-2.6,7.6
159,何魂,2019-01-10,2.5,9
159,何魂,2019-01-11,.4,12.2
159,何魂,2019-01-12,4.7,8.3
159,何魂,2019-01-13,3.2,12.5
159,何魂,2019-01-14,2.4,13.5
159,何魂,2019-01-15,1.4,10.4
159,何魂,2019-01-16,-4.4,5.6
159,何魂,2019-01-17,-2,7.6
159,何魂,2019-01-18,1.1,10.8
159,何魂,2019-01-19,4.2,12.2
159,何魂,2019-01-20,.5,10.6
159,何魂,2019-01-21,-2.3,7.9
159,何魂,2019-01-22,.9,10.6
159,何魂,2019-01-23,2.1,10.7
159,何魂,2019-01-24,1.5,11.6
159,何魂,2019-01-25,-.1,7.9
159,何魂,2019-01-26,-2.6,6.3
159,何魂,2019-01-27,-.7,9
159,何魂,2019-01-28,2,10.9
159,何魂,2019-01-29,-.6,11.4
159,何魂,2019-01-30,5.4,13.7
159,何魂,2019-01-31,-1.5,8.9
159,何魂,2019-02-01,-4.2,5.5
159,何魂,2019-02-02,-1.3,8.3
159,何魂,2019-02-03,7.4,14.9
159,何魂,2019-02-04,3.4,10.5
159,何魂,2019-02-05,2.5,13
159,何魂,2019-02-06,6.6,15.5
159,何魂,2019-02-07,1.5,13.4
159,何魂,2019-02-08,-1.4,9
159,何魂,2019-02-09,.2,5.6
159,何魂,2019-02-10,-1.3,9.7
159,何魂,2019-02-11,0,6.8
159,何魂,2019-02-12,-.5,9.4
159,何魂,2019-02-13,1.2,9
159,何魂,2019-02-14,2,11.3
159,何魂,2019-02-15,4,8.8
159,何魂,2019-02-16,.4,7.5
159,何魂,2019-02-17,-1.7,9.5
159,何魂,2019-02-18,2.2,10.5
159,何魂,2019-02-19,5.4,10.4
159,何魂,2019-02-20,2,10.3
159,何魂,2019-02-21,1.5,12.7
159,何魂,2019-02-22,5.3,14.1
159,何魂,2019-02-23,6.5,15.2
159,何魂,2019-02-24,4.6,13.8
159,何魂,2019-02-25,6.4,16.2
159,何魂,2019-02-26,6.5,16
159,何魂,2019-02-27,8.8,13
159,何魂,2019-02-28,7.5,16.5
159,何魂,2019-03-01,7,16.1
159,何魂,2019-03-02,7.1,15.5
159,何魂,2019-03-03,9.5,15.4
159,何魂,2019-03-04,8.8,16.9
159,何魂,2019-03-05,7.9,16
159,何魂,2019-03-06,8.8,13.8
159,何魂,2019-03-07,7.3,14
159,何魂,2019-03-08,5.6,14.5
159,何魂,2019-03-09,7.4,15.4
159,何魂,2019-03-10,6.7,12.2
159,何魂,2019-03-11,5.8,14.5
159,何魂,2019-03-12,4.5,14.8
159,何魂,2019-03-13,.5,11.4
159,何魂,2019-03-14,2.7,12.1
159,何魂,2019-03-15,3.6,13.3
159,何魂,2019-03-16,2.5,12.6
159,何魂,2019-03-17,5.4,15.4
159,何魂,2019-03-18,8.1,14.4
159,何魂,2019-03-19,9.2,19.3
159,何魂,2019-03-20,11.2,17.2
159,何魂,2019-03-21,10.6,21
159,何魂,2019-03-22,5.4,14.4
159,何魂,2019-03-23,3.7,13.5
159,何魂,2019-03-24,2,11.1
159,何魂,2019-03-25,4.5,11.8
159,何魂,2019-03-26,7.2,20.7
159,何魂,2019-03-27,12.3,18.7
159,何魂,2019-03-28,10.7,16.1
159,何魂,2019-03-29,10.5,17.1
159,何魂,2019-03-30,5.6,16.1
159,何魂,2019-03-31,4.4,13.5
159,何魂,2019-04-01,2.1,14.1
159,何魂,2019-04-02,4.5,15
159,何魂,2019-04-03,5.7,13.9
159,何魂,2019-04-04,6,17.4
159,何魂,2019-04-05,10.1,18
159,何魂,2019-04-06,10.4,18.4
159,何魂,2019-04-07,9.9,15.9
159,何魂,2019-04-08,9.5,18.3
159,何魂,2019-04-09,8.4,15.8
159,何魂,2019-04-10,7.9,12.9
159,何魂,2019-04-11,6.8,14.2
159,何魂,2019-04-12,7.4,16.4
159,何魂,2019-04-13,9.2,17.2
159,何魂,2019-04-14,10.6,15.6
159,何魂,2019-04-15,7.9,17.9
159,何魂,2019-04-16,10.3,21.2
159,何魂,2019-04-17,14.3,23.4
159,何魂,2019-04-18,14.2,20
159,何魂,2019-04-19,10.1,16.8
159,何魂,2019-04-20,9.7,18.2
159,何魂,2019-04-21,13.4,22
159,何魂,2019-04-22,14.1,22.2
159,何魂,2019-04-23,14.5,19.5
159,何魂,2019-04-24,15.1,20.5
159,何魂,2019-04-25,13,16.3
159,何魂,2019-04-26,8.5,13.1
159,何魂,2019-04-27,8.1,16.3
159,何魂,2019-04-28,10.7,16.9
159,何魂,2019-04-29,12.1,13.8
159,何魂,2019-04-30,13.1,18.9
159,何魂,2019-05-01,14.3,20.8
159,何魂,2019-05-02,14.8,21.7
159,何魂,2019-05-03,15.3,23.1
159,何魂,2019-05-04,15.1,23.6
159,何魂,2019-05-05,15.4,23.9
159,何魂,2019-05-06,12.8,21.3
159,何魂,2019-05-07,11,20
159,何魂,2019-05-08,12.9,21.6
159,何魂,2019-05-09,16,22.9
159,何魂,2019-05-10,16,23.8
159,何魂,2019-05-11,14.3,24.4
159,何魂,2019-05-12,15.9,25.8
159,何魂,2019-05-13,14.8,20.7
159,何魂,2019-05-14,17.2,24.7
159,何魂,2019-05-15,18.7,25.7
159,何魂,2019-05-16,18,26.7
159,何魂,2019-05-17,17.8,23.7
159,何魂,2019-05-18,16.5,20.4
159,何魂,2019-05-19,18,21.9
159,何魂,2019-05-20,14.1,23.3
159,何魂,2019-05-21,12.2,22.3
159,何魂,2019-05-22,15.8,24.6
159,何魂,2019-05-23,16.2,26.1
159,何魂,2019-05-24,16.2,25.4
159,何魂,2019-05-25,19.2,30.1
159,何魂,2019-05-26,18.5,25.7
159,何魂,2019-05-27,18.4,20.9
159,何魂,2019-05-28,15.1,22.5
159,何魂,2019-05-29,14,25.4
159,何魂,2019-05-30,17.8,26.9
159,何魂,2019-05-31,14.9,22.9
159,何魂,2019-06-01,16.2,24.8
159,何魂,2019-06-02,17.4,24.6
159,何魂,2019-06-03,17.4,25.6
159,何魂,2019-06-04,19.2,26.5
159,何魂,2019-06-05,20.4,29.7
159,何魂,2019-06-06,17.8,27
159,何魂,2019-06-07,16.8,20
159,何魂,2019-06-08,17,22.2
159,何魂,2019-06-09,16.4,22.1
159,何魂,2019-06-10,15.8,22.7
159,何魂,2019-06-11,16.1,22.1
159,何魂,2019-06-12,16.9,22.3
159,何魂,2019-06-13,15.5,23
159,何魂,2019-06-14,17.2,23.7
159,何魂,2019-06-15,17.2,25.3
159,何魂,2019-06-16,17.7,23.4
159,何魂,2019-06-17,17.6,24.6
159,何魂,2019-06-18,19.5,24.8
159,何魂,2019-06-19,19.3,27.3
159,何魂,2019-06-20,21.6,27.5
159,何魂,2019-06-21,21,26.8
159,何魂,2019-06-22,19.1,25
159,何魂,2019-06-23,18.4,24.8
159,何魂,2019-06-24,18,24.5
159,何魂,2019-06-25,18.5,26.8
159,何魂,2019-06-26,19.6,21.8
159,何魂,2019-06-27,20.7,24.4
159,何魂,2019-06-28,20.8,25.5
159,何魂,2019-06-29,20,23.7
159,何魂,2019-06-30,21.3,28.1
159,何魂,2019-07-01,21.3,27.8
159,何魂,2019-07-02,20.9,26.4
159,何魂,2019-07-03,20.4,24.1
159,何魂,2019-07-04,19.8,28.3
159,何魂,2019-07-05,20.6,26.9
159,何魂,2019-07-06,20.7,28.9
159,何魂,2019-07-07,20.8,26.5
159,何魂,2019-07-08,20.5,26.9
159,何魂,2019-07-09,20.2,26.1
159,何魂,2019-07-10,20.7,22.7
159,何魂,2019-07-11,21.6,27.2
159,何魂,2019-07-12,21.5,28.9
159,何魂,2019-07-13,21,23.5
159,何魂,2019-07-14,20.6,26.8
159,何魂,2019-07-15,21.8,26.6
159,何魂,2019-07-16,21,27.1
159,何魂,2019-07-17,21.2,27.8
159,何魂,2019-07-18,21.2,23
159,何魂,2019-07-19,22.7,23.7
159,何魂,2019-07-20,23,23.9
159,何魂,2019-07-21,22.2,26
159,何魂,2019-07-22,22.9,29.1
159,何魂,2019-07-23,24.9,29.9
159,何魂,2019-07-24,24.6,29.3
159,何魂,2019-07-25,24.9,27.7
159,何魂,2019-07-26,24.7,26.8
159,何魂,2019-07-27,24.7,26.9
159,何魂,2019-07-28,25.7,29.1
159,何魂,2019-07-29,25.2,30.3
159,何魂,2019-07-30,25.5,30.5
159,何魂,2019-07-31,26.2,30.9
159,何魂,2019-08-01,25.6,31.3
159,何魂,2019-08-02,26.7,33
159,何魂,2019-08-03,26.3,32.7
159,何魂,2019-08-04,26.4,32.2
159,何魂,2019-08-05,26.1,32.8
159,何魂,2019-08-06,23.2,29.8
159,何魂,2019-08-07,23.4,30.9
159,何魂,2019-08-08,25.9,32.5
159,何魂,2019-08-09,26.6,32.5
159,何魂,2019-08-10,26,32.3
159,何魂,2019-08-11,26.3,30.6
159,何魂,2019-08-12,27,31.9
159,何魂,2019-08-13,27.1,35
159,何魂,2019-08-14,26.5,33.3
159,何魂,2019-08-15,26.7,28.5
159,何魂,2019-08-16,26.3,31.6
159,何魂,2019-08-17,24.5,29.9
159,何魂,2019-08-18,25.2,29.8
159,何魂,2019-08-19,25.2,30.2
159,何魂,2019-08-20,25.1,30.3
159,何魂,2019-08-21,25,29.4
159,何魂,2019-08-22,25,27.3
159,何魂,2019-08-23,23.5,28.2
159,何魂,2019-08-24,21.6,28.3
159,何魂,2019-08-25,22.7,27.6
159,何魂,2019-08-26,21.8,28.8
159,何魂,2019-08-27,22.2,25.1
159,何魂,2019-08-28,22.7,26.3
159,何魂,2019-08-29,22.1,24.3
159,何魂,2019-08-30,20.3,28.9
159,何魂,2019-08-31,21,28.3
159,何魂,2019-09-01,21.4,27.7
159,何魂,2019-09-02,20.2,22.9
159,何魂,2019-09-03,21.9,25.8
159,何魂,2019-09-04,22,26.8
159,何魂,2019-09-05,24,29.3
159,何魂,2019-09-06,25.6,28.8
159,何魂,2019-09-07,24.1,27.3
159,何魂,2019-09-08,23.5,29.1
159,何魂,2019-09-09,23.9,30.5
159,何魂,2019-09-10,25.2,29.2
159,何魂,2019-09-11,23.3,29.2
159,何魂,2019-09-12,19.9,23.6
159,何魂,2019-09-13,20.5,27.4
159,何魂,2019-09-14,20.1,27.7
159,何魂,2019-09-15,21.5,29.3
159,何魂,2019-09-16,20.2,28
159,何魂,2019-09-17,19.6,28.1
159,何魂,2019-09-18,19.6,28.2
159,何魂,2019-09-19,18.7,25.6
159,何魂,2019-09-20,18,26.5
159,何魂,2019-09-21,17.2,20.6
159,何魂,2019-09-22,17.1,19.1
159,何魂,2019-09-23,16.7,20.7
159,何魂,2019-09-24,15.8,24.2
159,何魂,2019-09-25,15.8,25.4
159,何魂,2019-09-26,19.1,27.8
159,何魂,2019-09-27,20.6,26.1
159,何魂,2019-09-28,21.3,26.1
159,何魂,2019-09-29,21.3,28.8
159,何魂,2019-09-30,22.5,27.7
159,何魂,2019-10-01,21.6,23.3
159,何魂,2019-10-02,21.6,23.8
159,何魂,2019-10-03,22.3,28.8
159,何魂,2019-10-04,20.2,25.8
159,何魂,2019-10-05,18.5,26.4
159,何魂,2019-10-06,16.4,22.8
159,何魂,2019-10-07,16.4,21.2
159,何魂,2019-10-08,16,24
159,何魂,2019-10-09,12.6,23.2
159,何魂,2019-10-10,14.1,24.5
159,何魂,2019-10-11,16.7,27
159,何魂,2019-10-12,16.5,24.5
159,何魂,2019-10-13,15.1,23
159,何魂,2019-10-14,14.3,23
159,何魂,2019-10-15,13.4,18.9
159,何魂,2019-10-16,12.5,21.4
159,何魂,2019-10-17,14.1,21.2
159,何魂,2019-10-18,15.5,17.7
159,何魂,2019-10-19,15.8,24
159,何魂,2019-10-20,14.9,23.6
159,何魂,2019-10-21,15.2,23.7
159,何魂,2019-10-22,16.1,23.8
159,何魂,2019-10-23,16.3,20.8
159,何魂,2019-10-24,16.4,21.2
159,何魂,2019-10-25,16.8,24.9
159,何魂,2019-10-26,13.9,21.4
159,何魂,2019-10-27,10.4,18.7
159,何魂,2019-10-28,10.7,19.9
159,何魂,2019-10-29,13.3,21.2
159,何魂,2019-10-30,10.6,20.4
159,何魂,2019-10-31,11,22.4
159,何魂,2019-11-01,13.4,24
159,何魂,2019-11-02,14.4,22.6
159,何魂,2019-11-03,14,22.3
159,何魂,2019-11-04,12.3,19.7
159,何魂,2019-11-05,10.8,20.7
159,何魂,2019-11-06,11.7,21.3
159,何魂,2019-11-07,11.7,19.2
159,何魂,2019-11-08,10.7,19
159,何魂,2019-11-09,9,20.2
159,何魂,2019-11-10,10,18.3
159,何魂,2019-11-11,11.8,19.7
159,何魂,2019-11-12,10.9,19.1
159,何魂,2019-11-13,9.9,16.3
159,何魂,2019-11-14,4.8,14.4
159,何魂,2019-11-15,5.6,16.4
159,何魂,2019-11-16,11.1,19.8
159,何魂,2019-11-17,12.3,19.1
159,何魂,2019-11-18,6.7,19.5
159,何魂,2019-11-19,3.8,10.8
159,何魂,2019-11-20,2,12.4
159,何魂,2019-11-21,4,16.3
159,何魂,2019-11-22,10.1,20.3
159,何魂,2019-11-23,12.2,20.5
159,何魂,2019-11-24,13.4,18.9
159,何魂,2019-11-25,9.5,16.6
159,何魂,2019-11-26,8.8,16.7
159,何魂,2019-11-27,8.8,11.7
159,何魂,2019-11-28,6.3,12.9
159,何魂,2019-11-29,5,14
159,何魂,2019-11-30,6.5,15.7
159,何魂,2019-12-01,6.5,12.1
159,何魂,2019-12-02,2.6,10.5
159,何魂,2019-12-03,.3,9.2
159,何魂,2019-12-04,4.6,11.3
159,何魂,2019-12-05,0,9.6
159,何魂,2019-12-06,-2.8,4.7
159,何魂,2019-12-07,-2.2,9.7
159,何魂,2019-12-08,2.4,12
159,何魂,2019-12-09,3.7,13.4
159,何魂,2019-12-10,6.8,16.3
159,何魂,2019-12-11,5.8,16.6
159,何魂,2019-12-12,2.2,9.3
159,何魂,2019-12-13,2.3,10.5
159,何魂,2019-12-14,6.2,12.7
159,何魂,2019-12-15,6.8,14.5
159,何魂,2019-12-16,6.3,16.4
159,何魂,2019-12-17,9.1,16.6
159,何魂,2019-12-18,8,15.7
159,何魂,2019-12-19,3.6,12.2
159,何魂,2019-12-20,1.2,9.4
159,何魂,2019-12-21,1.7,6.3
159,何魂,2019-12-22,4.2,10
159,何魂,2019-12-23,5,12.9
159,何魂,2019-12-24,3,14.3
159,何魂,2019-12-25,5.4,16.3
159,何魂,2019-12-26,4,12.2
159,何魂,2019-12-27,.4,9
159,何魂,2019-12-28,-.3,9.4
159,何魂,2019-12-29,2.6,9.5
159,何魂,2019-12-30,7.1,14
159,何魂,2019-12-31,-2.5,7.1
