지점,일시,평균기온(°C),최저기온(°C),최저기온 시각(hhmi),최고기온(°C),최고기온 시각(hhmi),강수 계속시간(hr),10분 최다 강수량(mm),10분 최다강수량 시각(hhmi),1시간 최다강수량(mm),1시간 최다 강수량 시각(hhmi),일강수량(mm),최대 순간 풍속(m/s),최대 순간 풍속 풍향(16방위),최대 순간풍속 시각(hhmi),최대 풍속(m/s),최대 풍속 풍향(16방위),최대 풍속 시각(hhmi),평균 풍속(m/s),풍정합(100m),평균 이슬점온도(°C),최소 상대습도(%),최소 상대습도 시각(hhmi),평균 상대습도(%),평균 증기압(hPa),평균 현지기압(hPa),최고 해면기압(hPa),최고 해면기압 시각(hhmi),최저 해면기압(hPa),최저 해면기압 시각(hhmi),평균 해면기압(hPa),가조시간(hr),합계 일조 시간(hr),1시간 최다일사 시각(hhmi),1시간 최다일사량(MJ/m2),합계 일사(MJ/m2),일 최심신적설(cm),일 최심신적설 시각(hhmi),일 최심적설(cm),일 최심적설 시각(hhmi),합계 3시간 신적설(cm),평균 전운량(1/10),평균 중하층운량(1/10),평균 지면온도(°C),최저 초상온도(°C),평균 5cm 지중온도(°C),평균 10cm 지중온도(°C),평균 20cm 지중온도(°C),평균 30cm 지중온도(°C),0.5m 지중온도(°C),1.0m 지중온도(°C),1.5m 지중온도(°C),3.0m 지중온도(°C),5.0m 지중온도(°C),합계 대형증발량(mm),합계 소형증발량(mm),9-9강수(mm),안개 계속시간(hr)
108,2011-01-01,-6.8,-10.4,154,-2.9,1457,,,,,,,6.2,320,1302,4.7,290,1332,1.9,1610,-13.2,45,1438,61,2.2,1011.9,1027.7,2336,1017.4,44,1023,9.6,8.8,1200,1.71,9.45,,,5.6,0,,3.1,1.3,-3.5,-18.1,-2.3,-1.7,-1.2,-.1,2.7,6.7,10,15.9,17.8,,.7,,
108,2011-01-02,-5.4,-8.5,621,-1.2,1455,,,,,,,6.2,270,1415,4.2,270,1417,1.9,1679,-11.7,39,1517,62.3,2.5,1016.5,1029.6,853,1025.9,2227,1027.6,9.6,8.9,1200,1.72,9.73,,,4.9,0,,0,0,-3.4,-15.3,-2.2,-1.6,-1.2,-.1,2.6,6.5,9.7,15.8,17.7,,1.3,,
108,2011-01-03,-4.5,-8.5,631,-.3,1525,,,,,,,6.8,270,1636,4.8,270,1641,2.1,1787,-10,48,1159,66.4,2.9,1012.3,1025.9,0,1021.4,1507,1023.3,9.7,7.1,1100,1.5,8.24,,,4.4,0,,3.6,0,-3.1,-15.1,-2.1,-1.6,-1.2,-.1,2.5,6.4,9.6,15.7,17.7,,.8,,
108,2011-01-04,-3.9,-7.4,648,-1.7,1355,,,,,,,7.4,290,1249,4.8,270,1251,2.2,1923,-9.3,56,1120,66.4,3,1011.1,1023.3,959,1021.2,1633,1022.1,9.7,.6,1200,1.19,5.93,,,3.7,0,,5.8,5.4,-2.7,-16.1,-1.8,-1.4,-1.1,-.1,2.5,6.3,9.5,15.6,17.6,,1.4,,
108,2011-01-05,-4,-7.7,2353,-1.8,1208,,,,,,,10.6,230,1227,8,250,1231,3.8,3241,-10,51,1414,62.9,2.9,1010.5,1023.9,2352,1019.6,1418,1021.5,9.7,5,1300,1.66,8.24,,,3.4,0,,5.5,5.5,-1.7,-10.1,-1.1,-.8,-.6,-.1,2.5,6.2,9.4,15.5,17.5,,1.3,,
108,2011-01-06,-7.6,-9.8,753,-4.6,1607,,,,,,,7.5,250,1246,5.1,270,1248,2.9,2500,-15.6,36,1304,53.5,1.8,1015.4,1029.1,2343,1023.8,3,1026.6,9.7,9,1200,1.83,10.7,,,3.1,0,,0,0,-4,-13.6,-2.4,-1.7,-1.2,-.1,2.5,6.2,9.3,15.5,17.6,,1.3,,
108,2011-01-07,-7,-10.6,753,-2.9,1502,,,,,,,6.9,230,1524,4.5,290,1448,2.1,1795,-16.3,29,1443,48.8,1.7,1017.7,1030.8,933,1027.4,2127,1028.9,9.7,9.1,1200,1.84,10.84,,,3,0,,0,0,-5,-16.6,-3.1,-2.4,-1.8,-.3,2.4,6.1,9.2,15.4,17.5,,.7,0,
108,2011-01-08,-3.6,-8.2,243,.1,1713,3.58,,,,,.2,7.6,290,1926,4.8,270,1927,2.5,2136,-8.7,54,36,67.9,3.3,1013.9,1028,312,1021.9,2140,1024.9,9.7,1.6,1000,1.15,5.35,.3,1005,2.6,1005,.3,7.5,6,-3.4,-15,-2.4,-2.1,-1.7,-.5,2.2,5.9,9.1,15.2,17.4,,1.2,.2,
108,2011-01-09,-7,-10.3,2247,-.3,0,.42,,,,,0,9.6,270,1340,6.5,270,1352,4.1,3552,-15.2,38,1524,52.6,1.9,1015,1029,2231,1021.9,53,1026.2,9.7,8.9,1200,1.9,10.98,,,1.9,0,,1.9,.9,-3.1,-14.7,-1.9,-1.3,-1.1,-.2,2.3,5.9,9.1,15.2,17.4,,1.5,,
108,2011-01-10,-8.2,-11.8,538,-4.6,1443,,,,,,,7.7,270,1427,5.4,270,1429,2.4,2101,-18.8,26,1346,44,1.4,1015.5,1029.6,952,1023.5,2351,1026.7,9.8,8,1200,1.9,10.89,,,1.7,0,,3.1,.5,-5.8,-18.5,-3.7,-2.8,-2.2,-.6,2.1,5.8,8.9,15.1,17.4,,1.3,.1,
108,2011-01-11,-5.4,-7.8,245,-2.7,1942,9.08,,,,,1.9,13.8,270,2247,7.5,290,2255,2.5,2137,-10.1,44,28,70.3,3,1007,1023.5,0,1014.9,1739,1018,9.8,0,1100,.83,3.57,3.1,1950,4.7,1950,3.3,8.1,7.8,-3.8,-11.7,-2.7,-2.3,-1.9,-.7,1.9,5.7,8.8,15,17.3,,.9,1.8,
108,2011-01-12,-8.2,-11.1,803,-4.9,1548,,,,,,,10.9,270,45,6.7,270,46,3.4,2957,-18.5,29,1352,44.6,1.4,1012.2,1026,2245,1018.1,0,1023.4,9.8,9.1,1200,2.01,11.74,,,4.7,0,,0,0,-3.3,-14.8,-2.1,-1.7,-1.4,-.4,1.9,5.6,8.7,15,17.3,,1.7,,
108,2011-01-13,-5.9,-11.1,605,-.6,1553,,,,,,,6.3,270,1410,4.4,250,1412,1.8,1547,-15.8,28,1207,47,1.8,1015.5,1028.4,936,1024.8,1520,1026.6,9.8,8,1200,1.95,10.77,,,2.7,0,,1.6,1.6,-4.3,-18.6,-2.9,-2.4,-1.9,-.8,1.9,5.5,8.6,14.9,17.3,,1.4,1.1,
108,2011-01-14,-3.8,-6.9,2359,.3,1402,5.67,,,,,1.1,10.1,320,1548,6.1,290,1510,3.4,2929,-11.2,34,1511,59.1,2.7,1015.1,1027.7,2337,1024.8,1726,1026.1,9.8,2.7,1300,1.49,7.11,2,755,4.3,755,2,7.5,4.1,-2.3,-10.6,-1.7,-1.5,-1.3,-.5,1.8,5.4,8.4,14.7,17.2,,1.5,0,
108,2011-01-15,-12.2,-15.7,2329,-6.9,0,,,,,,,14.4,320,1521,8,270,1203,4.9,4261,-23.4,23,1126,40,1,1015.9,1028.9,920,1024.8,1423,1027.2,9.9,8.6,1200,2.06,11.75,,,2.1,0,,.9,.5,-6,-17.4,-3.8,-2.9,-2.3,-.8,1.8,5.4,8.4,14.7,17.2,,1.2,,
108,2011-01-16,-14.5,-17.8,741,-10.7,1615,,,,,,,8.5,320,1343,5.8,290,1330,3.4,2908,-23.8,32,1321,45.4,.9,1016.9,1030.7,2355,1026.7,1410,1028.4,9.9,9.2,1200,2.02,11.91,,,2,0,,0,0,-9.1,-19.7,-6.3,-5,-4,-1.9,1.6,5.2,8.3,14.6,17.1,,1.1,,
108,2011-01-17,-9.7,-14.1,402,-4.8,1556,,,,,,,8.2,290,1524,5.2,290,1528,2.4,2096,-18.7,28,1414,49.8,1.4,1019.7,1033.2,930,1029.4,1451,1031,9.9,9.2,1200,2,12.02,,,1.8,0,,0,0,-8,-22.2,-5.7,-4.7,-4,-2.2,1.5,5.2,8.2,14.6,17.2,,1.2,,
108,2011-01-18,-6.7,-10.8,632,-2.7,1455,,,,,,,7.9,270,1458,5.3,290,1646,2.2,1885,-16.3,25,1426,48.9,1.8,1018.1,1031,55,1028.1,1417,1029.3,9.9,7.6,1300,1.88,10.73,,,1.5,0,,2.8,1.6,-6.5,-18,-4.7,-4,-3.4,-2.1,1.3,5.1,8.1,14.5,17.1,,1.3,0,
108,2011-01-19,-6.6,-10,736,-3.2,1531,1.33,,,,,0,8.3,230,1613,5.2,250,1420,2.7,2321,-16.8,19,1249,46.4,1.7,1016.9,1030.1,915,1026.4,1601,1028.1,9.9,9,1200,2.06,11.69,,,1.3,0,,1.8,1,-6,-17.6,-4,-3.3,-2.8,-1.7,1.2,5,8.1,14.4,17.1,,1.4,0,
108,2011-01-20,-8.2,-10.5,745,-4.7,1450,,,,,,,8,270,39,4.7,290,45,2.7,2311,-18.5,31,1440,43.6,1.4,1016,1029.2,944,1025.5,1503,1027.2,10,9.1,1300,1.88,11.45,,,1.2,0,,.6,0,-6.7,-15.7,-4.5,-3.7,-3,-1.8,1.1,4.8,7.9,14.3,17.1,,1.3,,
108,2011-01-21,-6.8,-9.7,615,-3.2,1429,,,,,,,7.5,270,1205,5,270,1243,2.5,2165,-17.1,30,1435,44.4,1.6,1015.2,1027.7,2328,1024.8,1430,1026.4,10,8.4,1200,1.97,10.82,,,1,0,,3,.8,-6.3,-15.5,-4.5,-3.8,-3.2,-2,.9,4.7,7.8,14.2,17,,.8,.4,
108,2011-01-22,-4.3,-7.1,57,-.8,1601,6.58,,,,,.4,7.6,250,1640,5.1,250,1643,2.5,2187,-11.4,33,1604,59.8,2.6,1016.1,1028.8,2226,1025.3,614,1027.2,10,4.9,1400,1.58,8.12,.6,755,1.4,755,.6,5,3.9,-4,-16.3,-3.3,-2.9,-2.7,-1.7,.8,4.6,7.6,14,16.9,,1.2,0,
108,2011-01-23,-4.5,-7.1,2400,-2.1,1213,11.67,,,,,5.3,9.7,320,2155,5.9,320,2156,2.6,2217,-8.8,51,26,72.5,3.2,1013.8,1028.4,19,1021.6,1546,1024.8,10,.2,1000,.78,2.46,6,1750,6,1750,6,8.5,7.1,-4,-13.2,-3,-2.6,-2.4,-1.5,.8,4.5,7.6,14,16.9,,.7,5.3,
108,2011-01-24,-8.8,-10.9,812,-5.8,1324,,,,,,,7.8,320,37,5.5,290,1018,3.1,2659,-15.1,44,1433,60.8,1.9,1016.4,1030,2318,1025,0,1027.6,10.1,8.8,1300,2.08,11.22,,,6,0,,1.6,1.6,-3.1,-14.6,-2.4,-2.1,-1.9,-1.1,.9,4.5,7.6,14,16.9,,1,,
108,2011-01-25,-8.4,-11.9,711,-4.4,1540,,,,,,,7.9,290,1742,5.2,270,1335,2.6,2236,-14.8,40,1516,60.1,1.9,1020.3,1033.1,2140,1029.7,8,1031.6,10.1,8.4,1200,2.05,11.33,,,4.5,0,,.5,0,-4.1,-18.3,-3.1,-2.6,-2.4,-1.3,.8,4.4,7.4,13.9,16.9,,1.2,,
108,2011-01-26,-8.5,-10.7,2338,-5.2,1348,,,,,,,8.3,290,1037,5.6,290,1037,3.2,2785,-16.9,33,1337,51.5,1.7,1024.1,1037.5,2332,1032.6,4,1035.4,10.1,9.2,1200,2.12,12.69,,,4,0,,.3,.3,-4.3,-15.7,-3.2,-2.7,-2.4,-1.4,.8,4.4,7.4,13.8,16.9,,1.2,,
108,2011-01-27,-8.9,-11.5,405,-5.7,1502,,,,,,,8.3,290,942,4.9,290,1251,2.8,2450,-18.4,32,1324,47.3,1.4,1026.8,1039.6,1049,1036.4,2031,1038.1,10.2,9.3,1300,2.07,12.14,,,3.7,0,,2.5,.1,-5.2,-17,-3.8,-3.2,-2.8,-1.7,.7,4.3,7.3,13.8,16.8,,1.2,,
108,2011-01-28,-7.9,-10.5,717,-4.3,1435,,,,,,,8.1,290,1659,5.2,270,1705,2.8,2392,-18.4,28,1156,43.3,1.4,1022,1038.2,0,1030.6,2018,1033.3,10.2,6.7,1200,1.85,10.54,,,3,0,,4.4,0,-4.6,-12.7,-3.4,-2.9,-2.7,-1.6,.6,4.2,7.2,13.7,16.8,,1.6,,
108,2011-01-29,-9.1,-11.5,2305,-5.5,1543,,,,,,,12.2,290,1316,7.4,270,1639,3.7,3233,-19.5,27,1342,43.1,1.3,1017.9,1031,35,1027.7,1549,1029.2,10.2,8.3,1200,2.16,13.02,,,2.4,0,,1.8,1.4,-5.5,-18.2,-3.9,-3.3,-2.9,-1.7,.6,4.2,7.2,13.6,16.8,,1.2,,
108,2011-01-30,-10.1,-13.6,729,-5.7,1526,,,,,,,10.3,270,1300,7.2,270,1301,3.7,3209,-20.5,27,1443,43.5,1.2,1018.1,1031.5,1006,1027.2,1727,1029.4,10.3,9.5,1200,2.23,13.67,,,2.1,0,,.1,.1,-6.5,-17.3,-4.7,-3.9,-3.5,-2.1,.4,4.1,7.1,13.5,16.7,,1.5,,
108,2011-01-31,-6.2,-12.7,328,-1.8,1400,1.58,,,,,0,7.6,270,1230,4.7,270,1231,1.9,1668,-12.8,29,1149,61.5,2.6,1016.7,1030.1,838,1026,2013,1027.9,10.3,5.3,1200,2.08,9.39,,,2,0,,3.4,3.1,-6.2,-20.4,-4.4,-3.8,-3.5,-2.2,.2,4,7,13.4,16.6,,1.4,0,
108,2011-02-01,-.2,-4.2,420,5,1539,,,,,,,4.8,250,1409,3.3,200,1417,1.9,1668,-5.7,44,1449,68,4,1013.8,1026.2,933,1022.9,1539,1024.6,10.3,8.3,1200,2.01,11.55,,,1.6,0,,3.9,2.8,-1.1,-10.6,-1.7,-1.8,-1.8,-1.4,.3,.4,6.8,13.2,16.5,,1.6,,
108,2011-02-02,1.3,-2.8,625,7,1443,,,,,,,6.2,250,1543,3.9,270,1501,1.6,1422,-6.2,24,1439,60.9,3.9,1012.4,1024.4,1016,1021.8,1448,1023.2,10.3,8.5,1200,1.83,11.07,,,,,,2.8,.8,.4,-9.8,-.8,-.8,-.7,-.5,.5,3.7,6.7,13.2,16.5,,1,,
108,2011-02-03,1.5,-1.3,717,4.9,1421,,,,,,,5.5,180,1306,3.8,250,1444,1.4,1213,-2.3,62,1337,75.9,5.2,1011,1023.7,300,1019.7,1626,1021.7,10.4,1.1,1200,1.35,6.26,,,,,,7.8,7.8,1.1,-7.7,.1,0,-.2,-.2,.6,3.7,6.6,13,16.3,,1,,
108,2011-02-04,1.2,-.5,441,3.5,1510,,,,,,,6.4,200,916,4.6,200,921,2,1725,-2.3,56,1618,77.8,5.2,1009.4,1021.4,956,1018.7,1455,1020.1,10.4,0,1400,.66,2.93,,,,,,8.1,8.1,.4,-7.3,.1,0,-.1,-.1,.7,3.7,6.5,13,16.3,,1.4,,
108,2011-02-05,1.1,-.8,732,5.5,1453,,,,,,,6.1,270,1735,4.2,270,1734,1.8,1522,-3.5,43,1453,72.9,4.8,1010.6,1024.4,957,1019,2316,1021.4,10.5,4.5,1200,1.91,9.2,,,,,,6.4,4.4,2.4,-8.8,.2,.1,-.1,0,.7,3.6,6.4,12.9,16.2,,1.4,,
108,2011-02-06,.3,-2.1,514,2.7,1656,,,,,,,5.3,50,1033,3.6,290,2311,1.6,1362,-3.6,58,1439,75.4,4.7,1006.5,1019.6,2357,1014.7,1456,1017.3,10.5,0,1100,.44,1.87,,,,,,6.9,5,-.3,-8.7,.1,.1,-.1,0,.8,3.6,6.4,12.8,16.2,,1,,
108,2011-02-07,.3,-2.8,622,4.2,1301,,,,,,,6.7,290,1619,4.2,290,1626,1.8,1514,-6.3,36,1529,63.6,3.9,1006.9,1020.7,1023,1013.5,2322,1017.7,10.5,2.1,1200,1.61,7.59,,,,,,5,.5,-.5,-11.2,-.2,0,-.1,0,.8,3.6,6.4,12.8,16.2,,1.3,,
108,2011-02-08,2.9,-.5,557,8.5,1505,,,,,,,8.7,320,2132,5.4,320,2132,2.2,1884,-8.4,24,1458,44.9,3.3,1000.2,1013.7,40,1007.6,1533,1010.8,10.6,7.5,1300,1.87,11.22,,,,,,5.6,1.6,2.3,-7.7,.1,0,0,0,.9,3.6,6.3,12.7,16.2,,1.9,,
108,2011-02-09,-1.2,-4.1,2357,2.1,1433,,,,,,,9.6,290,2038,6.5,320,2047,3.4,2946,-12.1,25,1612,46.5,2.6,1007.4,1021.4,2346,1012.6,1,1018.3,10.6,8.5,1300,2.13,13.24,,,,,,1.9,.6,1.4,-7.2,.2,.1,0,.1,1,3.7,6.3,12.7,16.2,,2.6,,
108,2011-02-10,-2.1,-5.6,504,2.7,1506,,,,,,,5.8,250,1859,4.5,270,1852,2.2,1926,-15.7,22,1514,35,1.8,1010,1022.4,928,1019.1,1649,1020.9,10.6,4.3,1300,1.71,8.97,,,,,,3.9,1.4,-.1,-10.5,-.2,-.1,-.1,.1,1,3.7,6.3,12.6,16.1,,1.6,,
108,2011-02-11,-2.9,-6.2,725,1.8,1437,,,,,,,9.8,290,2019,6,290,2009,3.1,2711,-14.6,23,1826,42,2,1008.8,1021.3,837,1017.2,1535,1019.7,10.7,9.1,1200,2.26,13.92,,,,,,.8,.4,-.5,-12.3,-.8,-.4,-.2,.1,1,3.7,6.2,12.6,16.1,,2.4,,
108,2011-02-12,-5.9,-9.2,737,-1.8,1454,,,,,,,8.4,270,146,5.6,270,138,3.4,2977,-16.6,31,1413,43,1.7,1012.8,1026.3,2221,1020.2,6,1023.9,10.7,9.2,1200,2.28,13.91,,,,,,0,0,-2.4,-12.7,-1.7,-1.1,-.7,-.1,1.1,3.7,6.2,12.5,16.1,,1.9,,
108,2011-02-13,-4.8,-9,631,-.2,1351,,,,,,,6.8,270,1537,4.7,250,1557,2.2,1917,-16.8,21,1332,39.5,1.7,1014.4,1027.3,1005,1023.9,1428,1025.5,10.7,6.1,1200,2.06,11.44,,,,,,4.1,0,-2.5,-16.5,-2.2,-1.8,-1.5,-.5,1,3.6,6.1,12.4,16,,1.8,,
108,2011-02-14,-3.4,-6.7,512,-.2,1437,,,,,,,6.4,290,1821,4.1,290,1743,1.9,1631,-13.4,34,1431,46.5,2.2,1014.1,1027.6,2354,1023.4,1349,1025.1,10.8,0,1200,1.34,7.99,,,,,,4.3,.1,-1.8,-14.9,-1.5,-1.4,-1.2,-.4,1,3.7,6.2,12.4,16,,1,,
108,2011-02-15,-1.8,-5.5,549,2.9,1409,,,,,,,8,270,1512,5.4,270,1443,2.4,2055,-10.9,26,1651,52.1,2.7,1019,1031.3,852,1027.5,0,1029.9,10.8,9.6,1200,2.15,13.53,,,,,,0,0,-.7,-15.1,-1.5,-1.3,-1.1,-.4,1,3.7,6.1,12.3,15.9,,2,,
108,2011-02-16,-.6,-5,630,4.3,1608,,,,,,,7.4,290,2203,4.6,290,2206,1.8,1540,-9,21,1526,55.5,3.1,1014.7,1030.4,0,1022.1,2338,1025.6,10.9,4.3,1100,1.48,9.74,,,,,,5.8,3.4,-.2,-14.6,-1.1,-.9,-.8,-.2,1,3.7,6.1,12.2,15.9,,1.2,.1,
108,2011-02-17,.9,-2,656,4.7,1645,3.58,,,,,.1,7.5,290,1342,5.1,270,2049,2.5,2139,-6,33,1640,62,4,1007.5,1022.1,0,1015.6,1536,1018.3,10.9,4.9,1200,2.04,10.83,.2,530,.2,530,.2,5,2.1,1.8,-6,.1,0,-.1,-.1,1,3.5,5.9,12.1,15.7,,1.8,,
108,2011-02-18,1.6,-3,607,7.3,1518,,,,,,,6.4,250,1557,4.4,270,1810,2.2,1877,-7.8,28,1519,51.5,3.4,1012.2,1024.8,2229,1018.9,0,1022.9,10.9,9.6,1200,2.23,14.15,,,,,,.1,0,2.2,-12.6,0,0,0,.1,1.1,3.6,6,12.1,15.8,,2,,
108,2011-02-19,1.4,-2.6,623,7,1536,,,,,,,7.9,290,1920,5.5,290,1926,2.2,1926,-8.8,20,1450,50.8,3.2,1014,1026.3,804,1023.1,1536,1024.8,11,8.3,1300,2.3,13.94,,,,,,3.4,0,2.2,-11.3,.1,.1,0,.1,1.1,3.6,6,12,15.7,,2.4,,
108,2011-02-20,5.3,-2.1,714,12.8,1533,,,,,,,8.4,70,2341,5.5,90,1301,2.7,2326,-7.5,17,1444,43.9,3.5,1015.1,1027.2,2349,1023.8,1509,1025.7,11,9.8,1200,2.49,16,,,,,,1.8,0,4.4,-10.7,.4,.2,.1,.2,1.2,3.6,6,12,15.7,,2.9,,
108,2011-02-21,6.2,1.4,728,12.3,1440,,,,,,,7.4,50,14,5.4,70,1,2.9,2490,-5.9,20,1356,43.5,4,1015.7,1028.7,909,1024.3,1632,1026.3,11,9.9,1300,2.43,15.53,,,,,,.9,0,5.8,-7.8,2,1,.5,.2,1.2,3.6,5.9,11.9,15.6,,2.8,,
108,2011-02-22,6.2,.7,756,13,1446,,,,,,,6.6,270,1704,4.6,270,1650,1.9,1661,-4.6,22,1408,48.1,4.3,1014.1,1027.1,948,1022.8,1833,1024.7,11.1,9.5,1200,2.37,14.81,,,,,,.5,0,4.5,-9.5,2.4,1.8,1,.2,1.2,3.6,5.9,11.8,15.6,,2.7,,
108,2011-02-23,5.6,.6,531,12,1521,,,,,,,6.7,230,1616,4.6,230,1603,2.3,2022,-4.3,23,1553,52.1,4.5,1010.8,1023.8,846,1019,1531,1021.4,11.1,9.7,1200,2.28,14.85,,,,,,.9,0,4.6,-9.6,2.8,2.3,1.3,.3,1.2,3.5,5.8,11.8,15.5,,2.5,,
108,2011-02-24,6.1,2.8,630,10.5,1509,,,,,,,8.3,270,1400,5.7,230,1433,2.5,2202,-1.9,31,0,57.4,5.4,1008.8,1021,2321,1017.2,1548,1019.4,11.2,5.6,1200,2.17,12.26,,,,,,4.9,2.4,5.3,-7.6,3.7,3.2,1.8,.5,1.2,3.5,5.7,11.7,15.4,,2.6,,
108,2011-02-25,2,-.8,750,6.3,1601,,,,,,,8.1,290,1048,5.7,290,1034,3.5,3009,-11.7,15,1424,42.9,2.9,1016,1030,2310,1021,0,1026.8,11.2,8.3,1200,2.51,15.66,,,,,,3.3,.9,4.4,-9.1,3.4,3.5,2.4,1.7,1.3,3.6,5.8,11.7,15.5,,3.2,,
108,2011-02-26,6.2,-.4,159,13.2,1438,,,,,,,9,320,1834,6.2,50,522,3.2,2804,-8.3,22,1438,36.1,3.6,1016.4,1030.1,749,1024.4,1639,1027,11.2,7.9,1200,2.51,15.4,,,,,,4.9,2.4,6.2,-10.2,3.9,3.6,2.8,2.4,1.4,3.7,5.9,11.7,15.4,,2.1,4,
108,2011-02-27,4.2,1.8,2152,7.4,155,21.83,,,,,28.5,17.4,50,1854,10.6,70,1739,6.2,5383,1.8,54,142,84.8,7,1007.5,1024.7,0,1013.7,1635,1018.1,11.3,0,1100,.21,1.28,,,,,,10,6.5,4.8,1.4,4.7,4.6,4.2,4,1.6,3.7,5.9,11.6,15.4,,.2,24.9,
108,2011-02-28,2.8,1,211,4.8,1558,11.58,,,,,.5,15.8,50,132,9,70,152,4.7,4035,-1.5,61,1525,73.8,5.5,1006.6,1020,955,1015.4,2310,1017.3,11.3,0,1200,.94,4.04,,,,,,9.9,6.1,3.4,.8,3.6,3.6,3.4,3.7,1.8,3.7,5.8,11.5,15.2,,.2,2.4,
108,2011-03-01,.5,-2.7,2353,3.7,1541,9.67,,,,,2.3,9.3,290,1924,6,320,2131,3.3,2826,-3.8,49,1743,74.5,4.8,1004.8,1018.5,2320,1012.8,1642,1015.5,11.3,.5,1100,.99,6.24,.7,840,.7,840,.7,6.6,5.1,2.7,-6.1,2.9,3.2,3.2,3.6,2.7,4,5.9,11.5,15.3,,.7,0,
108,2011-03-02,-2.1,-4.2,2317,1.6,1408,,,,,,,12.1,250,1323,7.8,290,1701,4.2,3616,-14.3,20,1521,40.5,2.1,1010.2,1023.3,2308,1018.3,4,1021,11.4,10.6,1200,2.78,18.9,,,,,,.6,.5,1.6,-8.7,.9,1.4,1.9,2.7,2.9,4.2,6,11.5,15.3,,2.4,,
108,2011-03-03,-2.1,-5.5,530,2.5,1652,,,,,,,12.2,290,1551,6.7,270,1715,3.4,2968,-13.7,23,1350,42.6,2.1,1011.7,1024.2,2321,1020.2,1629,1022.7,11.4,10.6,1200,2.78,18.85,,,,,,.3,0,1.5,-11.9,.4,.9,1.3,2.1,2.7,4.3,6,11.4,15.2,,2.4,,
108,2011-03-04,.1,-4.5,530,6,1526,,,,,,,10,270,1501,6.7,290,1448,2.8,2452,-9.5,25,1520,50.6,3.1,1013.9,1025.8,1028,1023.5,301,1024.7,11.5,10.6,1200,2.69,18.5,,,,,,0,0,2.5,-11.1,.7,1.2,1.4,2,2.6,4.4,6.1,11.4,15.2,,2.8,,
108,2011-03-05,2.1,-1.8,641,6.8,1526,,,,,,,8.5,230,1348,4.8,270,1723,2.3,2028,-3.4,36,1451,68.5,4.8,1012.4,1026.4,142,1020.2,1646,1023.2,11.5,4.6,1300,2.11,11.75,,,,,,4.4,1.6,3.2,-8.4,2.4,2.3,2.1,2.3,2.6,4.3,6.1,11.3,15.1,,1.7,,
108,2011-03-06,3.4,1.2,10,7.4,1340,,,,,,,8.1,270,1459,5.6,290,1847,2.4,2099,-1.9,47,1316,68.8,5.3,1007.1,1021.3,0,1015.5,2347,1017.8,11.5,2.9,1200,2.21,11.21,,,,,,7,3.8,4.6,-4.1,3.8,3.7,3.3,3.2,3,4.4,6.1,11.2,15,,2.1,,
108,2011-03-07,1.6,-1.2,735,5.8,1550,,,,,,,12.2,270,1522,7.4,270,1428,3.9,3383,-10.1,20,1403,45.1,3,1005.3,1018.4,2229,1013.7,1619,1016,11.6,10.5,1200,2.81,19.1,,,,,,.1,.1,4.5,-5.6,3.6,3.8,3.8,4,3.7,4.6,6.2,11.3,15.1,,3.6,,
108,2011-03-08,1.6,-2.3,709,6.2,1229,,,,,,,15.4,250,1245,9.9,230,1443,4.3,3744,-9.3,24,1127,44.8,3.1,1007.9,1021.8,2400,1016,1523,1018.6,11.6,9,1100,2.58,16.81,,,,,,1,1,3.7,-10.2,3,3.2,3.2,3.7,3.8,4.8,6.3,11.3,15,,3.4,,
108,2011-03-09,.2,-2.4,617,4.4,1258,,,,,,,14.2,270,1239,8.6,270,1552,4.3,3725,-12,21,1113,40.8,2.5,1013.6,1026.8,2259,1021.7,1,1024.4,11.7,8.1,1200,2.74,15.59,,,,,,1.5,1.5,1.8,-6.4,2.4,2.8,2.9,3.5,3.8,4.9,6.4,11.3,15,,3.1,,
108,2011-03-10,1.4,-3.4,622,4.9,1221,,,,,,,12.3,230,1547,8.4,230,1554,3.4,2954,-7.4,33,1222,52.4,3.6,1012.2,1026.7,0,1019.3,1706,1023,11.7,6.8,1200,2.63,13.56,,,,,,1.5,1.5,1.8,-9.6,2.3,2.6,2.6,3.1,3.6,5,6.4,11.2,15,,3.2,,
108,2011-03-11,4.6,-.3,643,9.8,1619,,,,,,,14.5,250,1337,8.7,270,1341,3.2,2795,-8.4,13,1720,46,3.6,1011.5,1023.7,1019,1020.9,1633,1022.1,11.8,10.2,1200,2.81,18.84,,,,,,1.3,0,6.2,-8.8,4,3.8,3.6,3.5,3.7,5,6.4,11.2,14.9,,3.5,,
108,2011-03-12,7.8,1.9,617,13.4,1426,,,,,,,11.5,230,1332,7.9,230,1335,3.5,3066,-4.3,16,1546,46.5,4.6,1009.8,1022.2,931,1018.2,1633,1020.3,11.8,10,1300,2.54,17.36,,,,,,2.3,.9,8.1,-5.1,5.7,5.4,5,4.6,4,5,6.4,11.1,14.8,,3.9,,
108,2011-03-13,10.7,8.5,708,16.2,1629,,,,,,,7.8,200,2253,5.5,230,2259,3.1,2720,4.1,34,1655,65.5,8.2,1008.7,1021.8,1035,1015.9,1653,1019,11.8,5.3,1300,2.46,12.85,,,,,,5.6,4.9,13,7,9.4,8.6,7.7,6.7,5,5.2,6.5,11.1,14.8,,2.7,,
108,2011-03-14,6.7,4.4,2351,10.3,1534,,,,,,,8.8,290,1915,5.9,290,1905,3.1,2689,1.9,50,2318,72.8,7.1,1007.1,1019.1,957,1016.1,1505,1017.7,11.9,0,1500,1.14,5.76,,,,,,8.4,4.4,9.1,2.5,8.3,8.2,7.8,7.6,5.9,5.4,6.5,11,14.7,,1.7,,
108,2011-03-15,1.5,-2.3,2334,5.7,1222,,,,,,,14.6,250,1445,8.5,250,1449,5.1,4399,-11.4,18,1322,40,2.7,1007.6,1021.5,2216,1015.8,1507,1018.3,11.9,9.7,1200,2.74,18.35,,,,,,3.9,1.5,6.7,-4.5,5.9,6.4,6.5,6.8,6.1,5.8,6.6,11,14.7,,3.8,,
108,2011-03-16,-.4,-3.1,648,3.2,1440,.83,,,,,0,12.2,270,1405,7.2,270,1548,4.1,3552,-14.7,13,1058,34.4,2,1010.8,1023.3,911,1019.6,1753,1021.7,12,9.6,1200,2.98,20.18,,,,,,.9,.9,5,-7.6,4.1,4.7,4.9,5.6,5.6,6.1,6.8,11.1,14.8,,3.2,0,
108,2011-03-17,.8,-3.5,644,6.1,1533,,,,,,,10.1,270,1427,5.6,290,1442,3.1,2684,-12,21,1246,39.6,2.5,1014.8,1027.7,2400,1022.7,320,1025.6,12,11.2,1200,2.96,20.88,,,,,,0,0,6.4,-10.2,4.2,4.6,4.6,5.1,5.3,6.2,7,11,14.7,,3.6,,
108,2011-03-18,5.7,-1.5,638,12.5,1525,,,,,,,9.5,230,1612,7.1,230,1652,3.5,3031,-9.5,12,1322,38.3,3.2,1012.5,1028.2,152,1018.4,1950,1023.1,12,10.5,1200,2.91,19.17,,,,,,2.9,.9,8.3,-7.7,5.8,5.7,5.5,5.4,5.2,6.1,7,11,14.6,,4,0,
108,2011-03-19,8.8,5.5,720,13.7,1526,1.75,,,,,0,10.9,230,259,6.9,230,405,3.7,3160,-3.4,13,1446,48.1,5.1,1007.7,1020.9,952,1016.5,348,1018.1,12.1,7.2,1300,2.45,16.09,,,,,,8,4.1,12.9,4.9,9.2,8.7,7.9,7.3,5.8,6.2,7.1,10.9,14.6,,2.8,3.5,
108,2011-03-20,6.9,2.9,726,11.4,1620,8.17,,,,,5,9.2,20,1331,5.6,70,1318,2.3,1982,.4,38,0,65.6,6.4,1004.1,1017.3,47,1011.4,1433,1014.6,12.1,3.1,1400,2.23,11.47,,,,,,8.8,3.9,9.2,1.9,8.5,8.5,8.3,8.1,6.6,6.4,7.1,10.9,14.5,,1.8,1.5,
108,2011-03-21,8,3.8,2358,13,1442,,,,,,,12.2,270,2115,7,290,2124,3.2,2728,-4.9,17,1442,43.4,4.5,1006.6,1020.5,2336,1014.4,1718,1017,12.1,7.2,1200,2.35,15.45,,,,,,9.1,5,9.7,2.8,8.8,8.6,8.4,8.2,6.9,6.6,7.2,10.8,14.4,,4.4,,
108,2011-03-22,1.8,-1,2334,6.1,1455,,,,,,,11.6,320,1755,7,270,1757,4.1,3519,-16.7,12,1410,25.1,1.7,1012.3,1026,2253,1019.8,20,1023.1,12.2,9.9,1200,3.08,20.91,,,,,,1.8,0,6.1,-5.4,6.5,7.1,7.4,7.7,7.1,6.9,7.3,10.8,14.4,,4,,
108,2011-03-23,2.2,-2.2,543,7.3,1429,,,,,,,11.5,270,1627,7.6,270,1601,3.7,3187,-10.9,18,1350,39.9,2.8,1013.6,1026.8,930,1022.2,1716,1024.3,12.2,11.2,1200,3.03,21.88,,,,,,.9,.9,6.8,-10.1,5.5,6.1,6.1,6.7,6.8,7.1,7.5,10.9,14.5,,3.5,,
108,2011-03-24,2.9,.1,2029,8,1247,5.02,,,,,5.8,10.5,180,1543,6.6,230,1547,3,2590,-4.8,19,1441,63.4,4.5,1011,1024.4,907,1018.9,2136,1021.7,12.3,5.8,1200,2.3,13.28,1.8,2050,1.8,2050,1.8,5.5,4.3,6.1,-3.5,5.8,6.2,6.2,6.7,6.6,7.1,7.5,10.9,14.4,,1.6,5.8,
108,2011-03-25,2.2,-.8,623,6.5,1531,,,,,,,12.2,250,1231,7,290,1124,4.4,3767,-9.9,18,1539,43.9,3,1013.5,1027.8,2348,1020.8,0,1024.3,12.3,10.7,1200,2.97,21.1,,,1.3,0,,1.1,1.1,3.6,-4,4.8,5.3,5.5,6.1,6.7,7.2,7.7,10.9,14.4,,3.9,,
108,2011-03-26,3.6,-.6,643,8.6,1509,,,,,,,10.6,250,1250,6.4,270,1253,3.4,2950,-9,15,1353,41.9,3.2,1016.6,1029,908,1025,1642,1027.3,12.4,11.5,1200,3.12,22.42,,,,,,.3,.3,6.1,-4.8,5.4,5.7,5.7,6,6.4,7.2,7.8,10.9,14.3,,3.6,,
108,2011-03-27,5.1,.9,607,9.7,1531,2.67,,,,,0,9.8,200,1553,7.1,200,1156,3,2618,-4,21,1548,54.3,4.6,1014.3,1027.8,201,1022.3,1608,1025,12.4,4.9,1000,2.18,14.78,,,,,,7,3.5,8.3,-6.7,6.1,6.2,6.1,6.4,6.5,7.2,7.8,10.8,14.2,,2.8,1.5,
108,2011-03-28,5.2,3.1,2353,8.4,1402,6,,,,,1.5,9.9,270,1247,6.5,270,1244,2.9,2530,-.6,42,1419,68.1,5.9,1013.5,1025.9,2057,1022,328,1024.1,12.4,3.3,1300,2.48,12.21,,,,,,6.9,5.3,7.5,-2.9,7.1,7.2,7,7.1,6.9,7.2,7.8,10.7,14.1,,1.6,0,
108,2011-03-29,4.8,1.7,400,9.1,1522,,,,,,,9.5,290,1527,5.8,230,1353,2.9,2548,-2,40,1525,63,5.3,1013.7,1026.4,833,1022,1804,1024.3,12.5,4.6,1300,2.13,13.05,,,,,,3.9,3.9,7.3,-3.2,6.7,6.7,6.6,6.9,6.9,7.3,7.8,10.7,14.1,,2.3,,
108,2011-03-30,7.3,2.3,512,13.6,1546,,,,,,,8.6,250,1306,6.1,200,1620,3.2,2736,-.3,31,1500,61.5,6,1011.5,1023.8,115,1019.2,1607,1022,12.5,9.6,1200,2.88,20.37,,,,,,.4,.4,11.1,-4.7,8,7.8,7.4,7.3,7.1,7.4,7.9,10.7,14.1,,3.7,,
108,2011-03-31,9.2,3.3,545,16.8,1458,,,,,,,7.8,250,1334,5.3,270,1553,2.8,2405,-.5,24,1413,54.6,5.9,1012,1024.4,947,1020.8,1523,1022.4,12.6,10.5,1200,2.72,19.7,,,,,,.4,0,11.8,-3,9.5,9.1,8.4,8.1,7.4,7.4,7.7,10.6,13.8,,3.9,,
108,2011-04-01,9.1,4.3,606,14.9,1404,,,,,,,9.1,270,1636,6.4,270,1728,2.8,2433,-2.9,17,1312,47,5.1,1011.1,1023.3,846,1019.5,1615,1021.5,12.6,10.1,1300,2.93,21.25,,,,,,2.6,0,12.7,-4.7,10,9.8,9.3,9.1,7.9,7.6,7.9,10.6,13.9,2.7,4.6,,
108,2011-04-02,8.9,5.3,523,12.8,1408,,,,,,,6.9,50,1050,4.4,270,1701,2.2,1886,-1,31,1330,51.6,5.7,1009.6,1022.3,933,1018.1,1739,1020.1,12.6,0,1200,1.49,9.37,,,,,,8.6,5.4,10.1,.6,9.6,9.6,9.2,9.2,8.3,7.7,7.9,10.5,13.7,2.1,2.4,,
108,2011-04-03,9.6,4.9,616,15.5,1515,,,,,,,8.9,290,1610,6.4,270,1729,2.8,2407,-1,19,1314,50.9,5.8,1010,1022.3,2355,1018.4,1538,1020.4,12.7,9.4,1200,2.94,20.62,,,,,,.8,.4,13.5,-2.6,10.7,10.3,9.7,9.4,8.4,8,8,10.6,13.8,2.4,4.4,,
108,2011-04-04,10.1,4.5,629,16.7,1448,,,,,,,8.4,270,1911,5.7,270,1800,2.7,2298,-3.9,20,1416,40.4,4.7,1013.9,1025.8,2357,1022.3,0,1024.3,12.7,10.4,1200,2.89,20.46,,,,,,.3,.3,13.8,-3,11.4,11.1,10.5,10.2,8.8,8.2,8.2,10.6,13.8,2.3,4.4,,
108,2011-04-05,10.7,5.1,621,17.1,1350,,,,,,,9,250,1412,6.4,270,1638,2.6,2284,-8.3,13,1232,28.5,3.4,1015.8,1028.4,950,1024.3,1734,1026.2,12.8,11.6,1200,3.13,22.63,,,,,,0,0,14.3,-3.1,11.8,11.6,11,10.8,9.1,8.4,8.3,10.7,13.8,4.5,5.5,,
108,2011-04-06,10.6,5.2,626,16.6,1410,,,,,,,9,270,1442,5.8,270,1450,2.8,2444,-7.1,13,1459,31.1,3.8,1013.2,1026.1,128,1021,1919,1023.6,12.8,5.3,1100,2.44,15.25,,,,,,6.4,2.8,12.5,-4.4,11.1,11,10.6,10.7,9.2,8.6,8.4,10.6,13.7,2.9,3.8,.5,
108,2011-04-07,9.6,8.5,451,10.7,1319,18.83,.5,1001,1.5,1524,7,5.4,70,816,3.6,290,2155,1.8,1536,7.9,54,0,89.3,10.7,1007.1,1022.6,0,1014.1,1809,1017.4,12.8,0,1200,.58,2.86,,,,,,10,6.3,10.3,6.8,10.6,10.8,10.5,10.7,9.4,8.7,8.5,10.6,13.6,.1,.2,6.5,
108,2011-04-08,11.4,7.4,626,17.3,1521,,,,,,,10.2,270,1743,7.5,270,1754,2.9,2503,1.3,17,1513,55.9,7.1,1008.6,1020.7,910,1016.7,0,1018.9,12.9,8.8,1100,3.04,20.03,,,,,,4,1.4,14,3.1,12.3,11.9,11.3,11,9.5,8.9,8.7,10.7,13.7,2.6,4.4,,
108,2011-04-09,9.9,6.8,622,15,1627,,,,,,,8,230,1234,5.7,230,1211,3,2593,.9,35,1629,54,6.6,1010.1,1022.6,959,1018.9,1702,1020.5,12.9,10.2,1200,2.92,21.22,,,,,,1.3,.1,13.2,-1.4,11.7,11.6,11.2,11.2,10,9.1,8.8,10.7,13.6,3,4.1,,
108,2011-04-10,10.8,8.2,2359,14.5,1222,2,.5,1924,1.5,1905,1.5,11.8,230,1321,8.3,230,1327,3.5,2984,1.2,27,834,55.4,7,1006.2,1020.5,0,1014.2,1555,1016.5,12.9,2.9,1300,2.25,13.64,,,,,,7.1,3.8,12.2,1.6,11.6,11.6,11.2,11.3,10.3,9.2,8.9,10.6,13.5,3.9,4.5,1.5,
108,2011-04-11,10.4,6,702,15.4,1559,,,,,,,13.4,320,1647,7.7,250,1632,4.1,3571,-7.9,10,1558,32.6,3.8,1006.6,1018.8,2352,1014.7,1601,1017,13,12.1,1200,3.27,24.88,,,,,,1.3,.6,13.5,.2,11.9,11.9,11.5,11.5,10.4,9.5,9.1,10.7,13.6,4.5,6.6,,
108,2011-04-12,10.2,4.9,553,15.5,1405,,,,,,,12,230,1732,7,250,1500,3.6,3130,-5.7,12,1509,38.1,4.3,1008.6,1021,943,1017.3,1801,1018.9,13,11.8,1200,3.24,24.55,,,,,,0,0,14,-2.7,12,12,11.5,11.5,10.3,9.6,9.3,10.7,13.5,3.4,5.3,,
108,2011-04-13,11.3,5.7,619,17.4,1350,,,,,,,9.3,200,1452,6.3,250,1204,3.2,2726,-1,25,1258,44.1,5.7,1007.4,1019.5,747,1015.6,1624,1017.7,13.1,11.1,1200,3.02,22.28,,,,,,0,0,15.1,-3.1,12.7,12.6,11.9,11.8,10.5,9.7,9.4,10.7,13.5,3.1,5.1,,
108,2011-04-14,12.4,6.6,554,18.8,1428,,,,,,,9.2,270,2014,6.1,270,2021,2.6,2259,-1.5,13,1416,44.4,5.8,1001.8,1017.3,5,1008.1,1741,1012,13.1,10.5,1300,2.8,21.38,,,,,,4.5,1.4,15.5,-1.4,13.6,13.3,12.6,12.4,10.8,9.8,9.4,10.7,13.4,2.9,5.3,.2,
108,2011-04-15,12.2,9.4,1852,19,1326,2.5,.1,,.1,,.1,9.9,290,1417,6.9,270,1451,3.5,2995,8.1,56,1310,77.1,10.9,996.5,1010.4,2400,1003.1,1334,1006.7,13.1,2.1,1200,2.49,11.53,,,,,,7.5,6.6,15.9,5.2,14.7,14.4,13.6,13.3,11.3,10,9.5,10.7,13.4,1.9,3.1,0,
108,2011-04-16,12.1,5.9,634,18.4,1617,,,,,,,8.2,320,357,6,270,1823,3.2,2806,-7.4,11,1552,26.3,3.5,1003.7,1015.8,1010,1010.4,0,1013.9,13.2,12.1,1200,3.28,25.73,,,,,,0,0,17.4,0,14.3,14.1,13.5,13.3,11.5,10.3,9.7,10.8,13.4,4.4,5.6,,
108,2011-04-17,12,8,425,18.4,1401,,,,,,,11,320,1710,7.2,270,1825,3.4,2903,1.4,27,1252,49.8,6.9,1000.2,1014.8,112,1006.3,2337,1010.5,13.2,9.7,1200,3.25,23.29,,,,,,4,2.1,18,.2,14.8,14.5,13.8,13.6,11.7,10.5,9.9,10.8,13.4,4.3,4.9,.5,
108,2011-04-18,6.7,5.8,1040,10.7,5,8.58,.5,441,1,1631,2,10.4,230,326,7.3,230,452,3.7,3168,1.3,39,2353,70.1,6.9,995.9,1010.8,2359,1002.4,429,1006.3,13.3,0,1000,.36,1.97,,,,,,8.9,6.3,7.7,1.2,10.6,11.6,12,12.8,12,10.6,10,10.7,13.3,1.6,1.7,1.5,
108,2011-04-19,10.8,6.6,12,16.2,1448,,,,,,,10.7,360,253,6.5,270,1733,3.6,3075,-2.1,27,1320,41.6,5.3,1003.4,1016.5,2356,1010.8,0,1013.7,13.3,9.9,1100,2.98,22.47,,,,,,3.4,2,13.8,2.3,11.9,11.5,11.2,11.1,11.1,10.8,10.2,10.8,13.3,2.4,4.4,,
108,2011-04-20,11.2,6.3,548,16.8,1450,,,,,,,10.2,230,1329,7.7,230,1518,3.5,3035,-.3,21,1358,49.3,6.1,1008.4,1020.3,1006,1016.5,0,1018.7,13.3,10.5,1200,3.22,23.41,,,,,,1.3,0,15.8,-.7,13.4,13.1,12.6,12.4,11.4,10.9,10.3,10.8,13.4,3.7,4.9,,
108,2011-04-21,13.5,8,544,18,1525,,,,,,,8.2,270,1500,5.1,230,1719,2.4,2088,-4.2,14,1646,32.4,4.6,1006.7,1019.5,21,1013.8,2352,1016.9,13.4,3.7,1100,2.5,16.21,,,,,,7.8,1.6,15.3,1.6,13.7,13.5,13,13,11.7,10.9,10.4,10.8,13.3,3.2,4.1,15,
108,2011-04-22,8.9,7.4,2320,14.5,0,13.95,1,454,4.5,521,19,9.8,70,643,6.8,70,617,3.3,2880,6.2,24,0,83.9,9.6,998.5,1013.8,0,1006.3,1511,1008.9,13.4,0,1400,.59,2.4,,,,,,9.1,5.9,10.5,3.9,11.4,11.8,11.9,12.5,12,11.1,10.5,10.9,13.3,.8,1,4,
108,2011-04-23,9.7,6.1,613,14.2,1405,,,,,,,15.8,290,1453,8.9,250,1436,4.5,3894,1.5,31,1523,59.6,6.9,998.2,1010.1,2326,1006.5,1519,1008.4,13.4,11.2,1100,3.16,24.38,,,,,,2.3,2.1,13,1.8,11.8,11.7,11.4,11.5,11.5,11.2,10.7,11,13.3,3.3,4.2,,
108,2011-04-24,9.7,6.1,529,13.9,1152,,,,,,,16.4,230,1753,9.5,230,1757,4.5,3928,1.4,24,1121,58.5,6.9,998.3,1010,0,1006.6,1555,1008.6,13.5,10.2,1100,3.17,23,,,,,,2.4,2,13.9,-.9,12,12,11.7,11.9,11.7,11.3,10.8,11,13.3,3.5,4.3,,
108,2011-04-25,11.3,7.2,517,15.7,1413,.33,0,,0,,0,13.9,200,1112,8,250,1400,4.6,3999,3.5,33,1126,61,7.9,999.4,1011.7,2221,1008,1609,1009.7,13.5,6.5,1200,3.23,20.57,,,,,,7.1,4.6,15.7,4.3,13.8,13.4,12.8,12.6,11.8,11.3,10.8,11,13.3,3.6,4.4,1,
108,2011-04-26,10.5,9.1,444,11.4,1917,9.08,.5,359,1,1120,2.5,10.7,70,956,7,70,928,4.3,3732,7.5,64,39,82,10.4,993.2,1010.1,0,1000.9,1802,1003.4,13.6,0,1100,.67,2.48,,,,,,10,6.3,10.4,7.9,11.5,12,12,12.5,12.2,11.4,10.9,11,13.2,.2,.4,5,
108,2011-04-27,11.4,8.7,2236,14.2,1537,6.7,2,705,2.5,615,5,8.2,320,1421,5.5,320,1425,2.9,2547,6.6,52,1752,74.3,9.9,991.3,1003.9,2356,998.7,516,1001.5,13.6,3.2,1400,2.51,14.46,,,,,,8.4,6.6,14.3,6,13,12.8,12.5,12.4,12,11.5,11,11,13.2,1.3,2.1,1.5,
108,2011-04-28,10.4,7.3,506,15.3,1449,.67,0,,0,,0,11.8,200,1700,7.3,230,1634,3.6,3135,1.4,30,1617,57,6.9,998.1,1012.1,2400,1003.9,0,1008.4,13.6,8,1000,3,20.97,,,,,,4,3.3,14.2,3.1,12.9,12.9,12.7,12.8,12.3,11.6,11.1,11.1,13.3,2.8,3.9,.2,
108,2011-04-29,13.2,7.3,546,18.4,1612,3.45,2.5,2351,3.7,2301,4,9.4,200,1703,6.3,230,1709,2.5,2179,1.1,21,1613,47.4,6.8,1000.5,1013.9,809,1006.7,1831,1010.7,13.7,.8,1100,1.97,10.65,,,,,,8.9,6.4,12.7,.7,12.2,12.2,12.1,12.3,12.3,11.7,11.1,11.1,13.2,1.8,2.5,39.8,
108,2011-04-30,13,10.6,330,14.6,1142,17.58,5.5,1515,12,252,69,10.7,250,1521,6.2,200,1228,3.2,2754,12,80,6,93.6,14,992.3,1008.9,7,1000.3,613,1002.4,13.7,0,1000,.25,1.03,,,,,,10,7.8,13.5,11,13.2,13.1,12.9,13,12.7,12,11.4,11.3,13.4,.4,.6,33,
108,2011-05-01,12.5,9.9,2347,15.7,1501,1.67,0,,0,,0,11.6,230,1349,7.7,230,1350,4,3497,7.9,53,1426,74.9,10.8,995.7,1012.7,2341,999.8,325,1005.9,13.7,4,1100,2.57,18.02,,,,,,4.1,4.1,15.8,7.5,15,14.7,14.2,13.9,13,12.2,11.6,11.4,13.4,2.3,3.4,,
108,2011-05-02,14.2,8.5,541,20.7,1558,,,,,,,8.1,270,1704,5.9,270,1836,2.8,2390,5.2,29,1411,57.6,8.9,1003.2,1015.1,653,1011.2,1643,1013.3,13.8,9.9,1200,3.04,22.49,,,,,,4.5,0,17.4,4.7,15.7,15.3,14.7,14.3,13.3,12.3,11.7,11.4,13.4,3.3,4.5,,
108,2011-05-03,15.3,11.9,550,20.6,1525,,,,,,,10.1,290,1544,6.7,270,1723,3.1,2673,2.7,21,1513,44.1,7.5,1002.1,1014.9,2342,1010.1,1600,1012.2,13.8,10.5,1200,3.17,23.73,,,,,,2,0,19,5.8,17.2,16.7,15.9,15.4,13.9,12.5,11.8,11.5,13.4,3.4,4.9,,
108,2011-05-04,15.9,10.6,547,21.8,1534,,,,,,,6.3,70,1428,3.8,70,1433,1.5,1313,2,19,1523,41.5,7.1,1004.7,1016.5,948,1013.1,1703,1014.8,13.8,5.3,1400,2.56,17.4,,,,,,5.5,.1,18.2,3.2,16.8,16.4,15.9,15.6,14,12.6,11.8,11.4,13.3,2.6,3.8,,
108,2011-05-05,17.5,12.7,601,23.7,1519,,,,,,,10,230,1446,6.7,230,1440,2.9,2474,1.7,22,1516,35.9,7,1004.4,1016.4,836,1012,1631,1014.5,13.9,11.6,1200,3.05,23.83,,,,,,2.5,0,21,5.7,18.8,18.2,17.2,16.5,14.2,12.8,12,11.5,13.3,4.8,6,,
108,2011-05-06,15.4,13.2,448,17.9,1155,4,.2,,.4,1357,.5,8.9,230,2300,5.3,230,2309,2.2,1898,7.7,34,1025,63.3,10.9,999.6,1015.1,17,1006.1,1746,1009.7,13.9,0,800,.68,4.69,,,,,,8.5,5.6,15.9,7,16.1,16.3,16.2,16.4,14.7,13,12.1,11.5,13.3,.1,.1,4,
108,2011-05-07,14.5,11.5,648,21.8,1512,7.33,1,301,2.5,245,3.5,11.2,250,253,7.1,230,259,3.6,3081,10.8,38,1449,80.6,13,998.5,1011.4,2358,1006.3,152,1008.6,13.9,5.2,1200,3.24,18.37,,,,,,6.6,5.9,18.3,9.6,17.8,17.3,16.6,16.2,14.6,13.1,12.2,11.5,13.3,2.9,3.7,0,
108,2011-05-08,17.3,10.3,549,24.1,1520,,,,,,,7.5,230,1529,5,250,1530,1.9,1650,6.9,15,1427,56.1,10.1,1002.8,1014.7,828,1011,1636,1012.8,14,9.4,1200,3.27,24.83,,,,,,6.3,3.5,22.2,5.5,19.4,18.7,17.6,17,15.1,13.3,12.3,11.6,13.3,3.5,5,1,
108,2011-05-09,17.6,14.6,2322,22,1246,13.5,1,1648,1.5,1610,4,15,250,1338,9.2,230,1547,3.9,3389,13.5,41,113,78.8,15.8,997.2,1012.7,0,1003.8,1511,1007.1,14,0,900,.24,1.51,,,,,,10,7.8,18.1,10.7,18,18,17.6,17.6,15.9,13.5,12.4,11.6,13.3,.1,.2,5,
108,2011-05-10,16.5,14.5,124,18.5,1601,12.83,.7,142,2,1041,6.5,7.3,50,1839,4.6,70,1843,2.3,2008,14.6,75,1929,89.3,16.7,995.4,1007.6,105,1004.3,1557,1005.4,14,0,1200,.38,2.45,,,,,,10,7.3,17.5,15,17.2,17.1,16.8,16.9,15.9,13.7,12.6,11.7,13.3,.2,.3,18,
108,2011-05-11,17.2,14.4,309,21.1,1248,9.67,1,140,3.5,220,14,12.6,70,1639,7.9,70,1648,4.6,3963,12.3,56,1629,74.6,14.4,993.6,1005.5,0,1002.4,1633,1003.5,14.1,.6,1100,2.37,9.52,,,,,,7.9,5.1,16.9,13.2,17.4,17.3,17,16.8,16,14.1,12.9,11.8,13.4,1.9,2.8,.5,
108,2011-05-12,15.7,11.5,2344,20.2,1309,.25,0,,0,,0,11.1,230,1756,6.8,230,1710,3.3,2859,8.6,33,1921,64,11.6,992.6,1004.3,2203,1000.9,1521,1002.6,14.1,.6,1100,1.79,10.61,,,,,,5.9,3.3,16.4,7.7,16.9,17,16.8,16.7,15.9,14.1,12.9,11.7,13.3,1.9,3,,
108,2011-05-13,14.6,10.3,423,20.6,1502,,,,,,,16.4,230,1544,9.4,230,1547,4.5,3908,5.5,31,1533,56.5,9,993.8,1006.2,2349,1001.3,1534,1003.9,14.1,11.9,1200,3.38,26.89,,,,,,0,0,19.4,7,17.2,17,16.4,16.3,15.8,14.4,13.1,11.8,13.3,4.1,5.7,,
108,2011-05-14,17.2,12.1,531,22.9,1417,,,,,,,14.3,290,1612,8.1,230,1319,4.1,3571,2,18,1753,39.8,7.2,999.3,1013.1,2300,1005.5,147,1009.3,14.2,11.9,1200,3.4,27.21,,,,,,0,0,22,7.4,19.2,18.8,17.9,17.4,15.9,14.4,13.2,11.8,13.2,5.4,6.6,,
108,2011-05-15,17.2,13,2356,22.9,1421,,,,,,,12.9,230,1127,8.8,230,1603,4.3,3716,5.7,21,920,50,9.4,1001.8,1013.6,2355,1008.5,1650,1011.8,14.2,8.5,1300,2.98,22.29,,,,,,3.6,.3,22.1,6.1,19.6,19.2,18.5,18.1,16.1,14.5,13.3,11.8,13.2,4.5,6.4,,
108,2011-05-16,16.4,10.9,536,22.2,1521,,,,,,,10.1,250,1405,6.2,250,1357,3,2635,3.7,21,1532,48.4,8.2,1003.1,1015,732,1011.2,1546,1013.1,14.2,12.4,1200,3.36,27.17,,,,,,1.3,.9,23.2,5.2,20.2,19.8,18.9,18.6,16.3,14.7,13.4,11.9,13.2,5.1,6.6,,
108,2011-05-17,17.5,11.6,538,22.8,1510,,,,,,,9.6,290,1606,5.9,270,1613,2.5,2166,1.1,19,1814,35.4,6.7,1001.5,1013.1,0,1009.6,1815,1011.4,14.2,12,1200,3.29,26.35,,,,,,1.6,.9,23.2,3.9,20.4,20.1,19.3,18.9,16.4,14.8,13.5,11.9,13.2,5.3,6.9,,
108,2011-05-18,20.5,13.8,501,25.4,1427,.33,0,,0,,0,11,200,1852,7.3,250,1836,3.4,2916,6.6,31,1059,40.9,9.9,1001.4,1012.9,716,1009.4,1736,1011.2,14.3,6.7,1200,2.33,18.87,,,,,,6.6,2.5,24,6.2,20.9,20.5,19.7,19.3,16.6,14.9,13.6,11.9,13.2,4,6.3,.4,
108,2011-05-19,20.7,18.8,834,23.6,1631,2.25,.3,820,.4,757,.4,14.8,250,1239,9.7,200,1250,4.6,3988,12.7,43,0,60.4,14.7,1002.1,1013,643,1009.9,1609,1012,14.3,.9,1600,1.35,10.53,,,,,,8.3,5.5,21.5,15.5,20.7,20.6,20,19.8,17,15,13.7,11.9,13.2,2.6,4.2,9,
108,2011-05-20,17.5,15.6,1645,20.5,36,14.25,1.5,243,3.5,217,15,10.2,230,939,6,230,926,3,2618,15.7,67,206,89.8,17.9,1000.8,1012.7,0,1008.8,1701,1010.8,14.3,0,1300,.24,1.55,,,,,,10,6.9,18.3,15.6,18.8,19,18.9,19.1,17.2,15.3,13.9,12.1,13.2,2,4,6.1,
108,2011-05-21,14.5,12.6,1817,17.7,1131,7.75,.5,1546,1.3,1514,2,9,290,1452,5.1,320,1455,1.8,1514,12,63,1100,85.1,14.1,1001.8,1014.1,2322,1010.6,540,1011.9,14.3,0,1000,.65,3.64,,,,,,9.9,7.6,15.8,11.4,16.6,16.9,17,17.5,17.1,15.4,14,12.1,13.1,.4,.7,1.9,
108,2011-05-22,17.3,10.7,521,23.3,1454,,,,,,,5.9,320,1606,3.8,270,1737,1.6,1377,7.7,19,1446,57.8,10.6,1004.7,1016,933,1013.4,1601,1014.7,14.4,7.4,1300,2.53,21.33,,,,,,7.9,.4,19.7,7,18,17.6,17.1,17,16.7,15.5,14.2,12.2,13.2,3,4.1,,
108,2011-05-23,19.5,15.3,425,25.9,1515,,,,,,,7.6,290,1713,5.1,290,1727,2,1695,6,17,1807,45.3,9.6,1004.9,1016.3,1108,1013.1,1715,1014.8,14.4,6.8,1400,2.95,18.76,,,,,,4.3,.9,21.6,9.6,19.9,19.3,18.5,18.2,17,15.5,14.3,12.2,13.2,3.3,4.8,,
108,2011-05-24,21.5,14.1,531,28,1411,,,,,,,7.8,290,1551,5.2,290,1557,2,1764,6.1,20,1507,39.5,9.5,1005.5,1017.1,801,1013.8,1801,1015.4,14.4,9.7,1200,3.11,24.3,,,,,,5.5,0,24.1,6.7,21.8,21.1,20.1,19.4,17.1,15.7,14.4,12.3,13.2,4.3,6,,
108,2011-05-25,22.7,16.7,549,28.2,1438,,,,,,,7.6,50,1451,4.1,70,1205,1.7,1441,8.1,23,1343,41.4,10.9,1004.8,1016,0,1013.3,1446,1014.7,14.4,1.3,1400,1.9,14.23,,,,,,7.8,2.1,24.7,9.5,22.3,21.7,20.9,20.4,17.8,15.8,14.5,12.3,13.2,2.4,4,0,
108,2011-05-26,20.7,17.9,2344,24,1359,.63,0,,0,,0,8.7,90,640,5.5,160,1453,1.9,1625,8.9,29,1415,47.9,11.5,1004.8,1016.3,1118,1013.4,1644,1014.7,14.5,.1,1400,1.63,10.56,,,,,,9.5,5,22.8,11.3,21.5,21.2,20.7,20.4,18,15.9,14.6,12.4,13.2,2.8,4,0,
108,2011-05-27,20.1,15.6,518,24.5,1519,,,,,,,6.9,270,1816,4.6,270,1825,2,1697,10,35,1512,53.5,12.3,1002.7,1013.9,0,1010.5,1726,1012.6,14.5,6.1,1000,2.97,18.29,,,,,,3.6,2.6,24.6,10.2,21.4,21.2,20.5,20.3,18,16.1,14.8,12.5,13.2,3.3,4.1,,
108,2011-05-28,22.4,15.7,537,28.9,1400,,,,,,,7.9,230,1449,4.7,340,1202,1.7,1475,9.7,21,1402,48,12.1,1002.5,1014.6,815,1010.4,1745,1012.3,14.5,8.2,1200,3.36,23.53,,,,,,3.6,.3,26.3,9.3,23.5,22.9,21.8,21.1,18.1,16.3,14.9,12.5,13.2,4.9,6.2,,
108,2011-05-29,24.4,18.4,646,31.2,1539,,,,,,,8.8,230,1633,5.9,230,1641,2.3,1972,9.3,22,1421,40.4,11.7,1000.2,1011.6,126,1007.9,1520,1009.9,14.5,11.3,1200,3.3,26.22,,,,,,.8,0,30.5,11.8,26,25.1,23.7,22.7,18.7,16.4,15,12.5,13,4.6,8,,
108,2011-05-30,22.7,18.6,621,28.1,1322,,,,,,,9.9,230,1444,6.2,250,1447,2.6,2239,8.3,21,1519,41.6,11.1,1000.2,1011.3,726,1008.7,1558,1009.9,14.5,7,1200,2.98,20.52,,,,,,6.9,2.3,27.6,13.3,25.3,25,24,23.5,19.5,16.7,15.1,12.6,13.2,3.7,5,.5,
108,2011-05-31,18.7,15.4,2352,23.7,1530,18.33,1,1908,3,2256,7.5,8.5,160,1536,5,70,2153,2.7,2336,11.9,40,14,66.5,14,998,1010.4,8,1005.1,1525,1008,14.6,1.1,1300,2.4,10.16,,,,,,9.9,5.4,21.8,14.4,21.7,22,21.8,22.1,19.6,16.9,15.1,12.6,13.1,2.4,3.3,27.5,
108,2011-06-01,18,14.7,139,21.6,1615,8.75,8,420,12,421,21.5,10.6,90,147,6.6,70,152,2.4,2033,13.7,57,1615,76.9,15.7,998.5,1010.7,2308,1006.4,146,1008.4,14.6,1.1,1100,1.68,10.05,,,,,,9.1,6.8,18.5,14,19.3,19.6,19.5,20,19.2,17.1,15.4,12.7,13.2,2,2.3,1,
108,2011-06-02,19,15.1,532,24.7,1431,,,,,,,7.1,270,1544,5.1,250,1615,2.3,2016,13.8,47,1417,73.6,15.8,1001.7,1013.3,830,1009.9,1706,1011.6,14.6,3,1400,2.77,15.97,,,,,,4,4,21.3,13.2,20.7,20.5,20.2,20.1,19.1,17.2,15.6,12.8,13.3,2,2.5,,
108,2011-06-03,19,14.4,203,24.8,1451,,,,,,,9.3,290,1446,6.8,250,1519,3.4,2976,11.7,25,1554,67,13.9,999.4,1012.6,105,1006.7,1736,1009.3,14.6,7.7,1200,3.48,23.86,,,,,,5,2.8,24.2,12.9,22.4,22,21.2,20.7,19.4,17.3,15.8,12.9,13.3,4.4,5.5,.5,
108,2011-06-04,18.7,15.8,424,24.6,1647,4.42,.1,,.4,248,.5,10.7,230,159,7.4,230,204,3.6,3106,14.1,47,1649,76.8,16.1,998.8,1010.1,2159,1007.1,1659,1008.8,14.6,5.8,1300,3.19,17.96,,,,,,7.1,5.4,23.5,16,22.4,22.2,21.5,21.3,19.9,17.4,15.9,12.9,13.2,3.6,5,0,
108,2011-06-05,20.4,16.1,420,27.1,1559,,,,,,,8.9,290,1716,5.9,270,1717,2.8,2402,12.6,35,1452,62.6,14.6,998.5,1009.8,155,1006.4,1715,1008.4,14.6,10.6,1200,3.39,26.86,,,,,,3.5,2.9,28.1,13.2,25,24.3,23.2,22.4,20.3,17.7,16.1,13,13.3,4.7,6.3,,
108,2011-06-06,20.9,15.3,520,26.9,1341,,,,,,,7.1,290,1420,4.8,290,1430,2.5,2124,9.1,29,1549,50.5,11.8,997.3,1009.6,401,1005,1736,1007.2,14.7,8.9,1200,3.07,23.58,,,,,,4.1,0,27,10.9,24.6,24.4,23.5,23.1,20.8,18,16.2,13.1,13.3,4.5,6,,
108,2011-06-07,20.9,15.9,545,26.6,1327,.28,0,,0,,0,7.7,270,1653,5.6,290,1654,2.2,1895,8.2,24,1235,45.8,11,993.4,1005.6,0,1001.1,1347,1003.3,14.7,5.9,1100,2.69,16.54,,,,,,6.4,3.3,23.4,9.7,23.4,23.5,23,22.9,20.8,18.2,16.3,13.1,13.3,3.8,4.9,0,
108,2011-06-08,22,18.2,413,27.5,1431,1.22,1,2120,1.5,2054,1.5,10.9,230,2340,7.3,230,2341,3,2608,12.4,39,1250,55.8,14.5,994,1005.4,2105,1001.5,1730,1003.7,14.7,7.7,1200,2.91,22.53,,,,,,4.9,2.6,28.4,14.6,25.3,24.7,23.6,23,20.8,18.4,16.5,13.2,13.3,5.5,5.9,1.5,
108,2011-06-09,19.4,17.5,634,22,1702,2,0,,0,,0,8.8,200,3,5.6,230,6,3.2,2726,15,63,1706,76.5,17.1,995.3,1006.5,2250,1003.1,146,1005.2,14.7,.5,1300,1.19,8.33,,,,,,8.6,6,20.7,15.8,21.8,22.2,22.2,22.5,21.1,18.5,16.6,13.2,13.3,1.8,4.4,,
108,2011-06-10,21.4,17.8,203,24.3,1238,2,0,,0,,0,6,290,2144,3.7,290,2152,1.7,1476,15.9,55,1023,71.4,18,994.5,1006.4,39,1002.1,1639,1004.2,14.7,.6,900,1.5,8.97,,,,,,8.8,2.5,23,14.1,21.8,21.8,21.5,21.5,20.9,18.7,16.8,13.3,13.4,1,1.9,0,
108,2011-06-11,24,20.6,542,29.2,1334,.08,0,,0,,0,9.3,270,1519,6.2,270,1521,2.6,2274,11.3,33,1148,45.8,13.4,994,1005.5,2228,1001.8,356,1003.7,14.7,13.1,1200,3.21,26.24,,,,,,2.5,1,30.1,15.2,26,25.1,23.7,22.8,20.9,18.8,17,13.4,13.4,5.2,6.8,,
108,2011-06-12,23.4,19,531,30.2,1523,.33,0,,0,,0,9.6,290,1608,6.3,290,1614,2.2,1927,11.7,27,1509,49.5,13.8,994.3,1005.8,706,1002,1501,1004.1,14.7,6,1200,3.07,20.92,,,,,,7,2.9,29.6,14.2,26.3,25.8,24.8,24.2,21.4,18.9,17,13.4,13.4,5,6.1,.5,
108,2011-06-13,21,16.6,750,26.9,1513,2.83,.2,633,.5,613,.5,7.9,250,1749,5.4,250,1809,3,2613,14.9,46,1429,69.9,16.9,995.8,1008.5,2327,1003.6,109,1005.6,14.7,7.6,1100,2.68,20.98,,,,,,5.3,5.3,26.6,15.4,25.7,25.6,24.9,24.5,21.7,19,17.1,13.5,13.4,4,5.6,,
108,2011-06-14,22.8,16.8,441,29.5,1600,,,,,,,8.2,230,1515,6,230,1523,2.4,2088,13.3,30,1450,57.6,15.4,998.5,1009.8,645,1006.2,1559,1008.3,14.7,11.4,1100,3.1,24.31,,,,,,1.9,.3,28.8,12.7,26.4,26,25,24.6,21.9,19.3,17.2,13.6,13.4,4.5,6.1,,
108,2011-06-15,25.2,19.1,533,31.9,1447,.75,.5,2145,1,2145,1,7.7,200,1613,4.9,230,2149,2,1713,13.4,25,1333,50.8,15.5,998.2,1009.4,736,1005.8,1606,1007.9,14.8,9.5,1300,3.09,23.93,,,,,,3.6,2.5,32.2,13,28,27.3,26,25.3,22.2,19.5,17.4,13.7,13.4,5.6,7.1,1,
108,2011-06-16,26.5,20.3,545,32,1509,,,,,,,6.8,160,1613,4.4,180,1620,2.1,1804,11.5,19,1328,43.3,13.9,997.6,1008.8,816,1004.7,1713,1007.2,14.8,12.7,1200,3.39,27.66,,,,,,1.3,.9,32.1,15.2,28.9,28.3,27.1,26.3,22.7,19.7,17.6,13.7,13.5,7.1,8,,
108,2011-06-17,24.9,22.1,2315,31.3,1430,1.33,0,,0,,0,8.5,290,1530,6.1,270,1509,2.6,2216,10.7,19,1309,43,13.1,998.8,1009.8,814,1007.3,1422,1008.5,14.8,6.2,1200,3.16,20.09,,,,,,7.1,3.5,30.3,16,28.6,28.3,27.2,26.7,23.1,19.9,17.7,13.8,13.4,4.6,6.8,0,
108,2011-06-18,24.5,20.8,536,28.9,1608,,,,,,,7,230,1051,4.4,270,1537,2.6,2248,13.7,36,1226,52.5,15.8,997,1008.4,0,1004.6,1657,1006.7,14.8,7.5,1000,2.44,20.63,,,,,,4.1,2.4,30.5,17.3,27.8,27.6,26.7,26.3,23.2,20.1,17.9,13.9,13.4,4.5,6.1,,
108,2011-06-19,26.6,20.7,439,32.9,1539,,,,,,,7.5,230,1825,4.9,250,1825,2,1713,14.8,24,1447,50.4,16.9,997.2,1008.2,804,1005,1717,1006.8,14.8,9.5,1300,2.76,22.92,,,,,,1.3,1.3,32.8,14.8,28.9,28.3,27.1,26.6,23.2,20.3,18.1,13.9,13.4,6.1,7.2,,
108,2011-06-20,26.6,22.7,524,32,1500,,,,,,,9.2,230,1346,6,250,1440,3.1,2721,15.6,33,1629,52.5,17.8,997.1,1008.4,2332,1004.9,1632,1006.7,14.8,12.2,1300,3.09,25.71,,,,,,.6,.6,34,17.7,30.1,29.5,28.2,27.5,23.7,20.5,18.3,14,13.5,6.6,8.8,,
108,2011-06-21,24.1,19.4,447,29.6,1551,,,,,,,8.7,320,1326,6.1,270,1656,3.2,2784,15.3,35,1512,59.9,17.4,999.7,1011.3,824,1007.9,1733,1009.5,14.8,12.4,1200,3.34,27.68,,,,,,1.6,.6,33.2,15.6,29.5,29.1,28.1,27.6,24,20.7,18.5,14.1,13.5,4.1,6.2,1,
108,2011-06-22,22.7,20.9,739,24.9,1519,13.83,3.5,1621,9,1605,16,10.1,230,2323,6.2,230,2316,2,1718,19.6,66,448,83.6,23,995.2,1008.8,8,1001.6,1838,1004.9,14.8,0,1200,.73,4.48,,,,,,9.8,6.9,24.5,15.6,25.1,25.6,25.7,26.1,24.2,20.9,18.6,14.1,13.4,.4,.6,30.5,
108,2011-06-23,22,21.2,40,23.3,1447,22.33,3.5,815,11.5,808,41,14.4,230,1609,9.4,200,1622,4.6,3933,20.7,89,1537,92.3,24.4,989.2,1003.3,0,996.3,1603,999,14.8,0,900,.16,.88,,,,,,10,7.8,22.4,21.2,23.1,23.4,23.4,24,23.7,21.1,18.8,14.2,13.5,.3,.4,31,
108,2011-06-24,19.7,18.6,2334,21.6,1232,20,.5,7,1.5,602,10.5,11.2,230,24,6.5,250,31,2.9,2487,17.8,79,2339,88.9,20.4,994.3,1009.1,2321,998.3,0,1004.2,14.8,0,1200,.38,2.78,,,,,,10,6.5,20.9,17.1,21.5,22,22.1,22.7,23.1,21.1,19,14.2,13.5,.1,.4,6,
108,2011-06-25,18.3,17.5,929,20,1214,15,4.5,1355,9,1335,37,12.7,90,2340,6.8,70,2343,4.8,4179,15.6,74,111,84.9,17.7,1000.2,1011.4,1012,1008.2,30,1010.2,14.8,0,1000,.8,5.38,,,,,,10,6.5,18.6,16.4,19.6,20.1,20.4,21.2,22.5,21.1,19.1,14.3,13.5,.1,.2,52.5,
108,2011-06-26,19.2,17.2,1018,21.6,1608,15.17,2.5,424,10.5,944,40,19,70,926,10.9,70,1057,6.9,5994,15.9,67,1611,82.1,18.1,990.8,1009.2,0,997.3,1731,1000.6,14.8,.6,1500,1.45,7.68,,,,,,9.9,7.8,19.1,17,19.3,19.5,19.5,20.1,21.6,21.2,19.3,14.4,13.6,.7,1.1,30.5,
108,2011-06-27,19.2,18.3,2319,20.5,123,13,1,608,3.5,607,11.5,15.7,200,1110,9.3,230,1104,4.4,3793,16.7,81,1333,85.9,19.1,993.6,1009,2345,1000,449,1003.4,14.8,0,1300,.15,1.29,,,,,,9.9,7,19.1,17.4,19.4,19.6,19.6,20,21.1,21.1,20.1,15,13.6,1.9,2.8,4.5,
108,2011-06-28,24.1,18.2,150,29.7,1516,2.67,.2,2152,.4,2102,.5,6.2,270,1611,4.2,270,1434,2,1740,17.1,38,1551,67.3,19.6,999.9,1011.2,2204,1008.7,105,1009.7,14.8,9.9,1200,3.14,23.66,,,,,,6.9,4.4,25.6,16.2,23.6,22.8,21.9,21.2,21,20.9,20.1,15.4,13.7,.1,.2,112,
108,2011-06-29,21,19.7,1012,23.3,0,19.67,10.5,939,34.5,859,177,10.2,290,942,5.9,340,946,2.7,2313,19.6,81,1,92.3,22.8,1000.3,1012.1,1057,1009,1537,1010.2,14.8,0,1200,.51,1.88,,,,,,10,7.6,21.4,19.6,21.8,22.1,21.9,22.3,22.5,21.1,20.5,16.1,13.7,.1,.2,104,
108,2011-06-30,23.8,21,109,27.9,1535,10.67,6.5,1656,18.5,648,46,9.3,290,1701,6.3,270,1705,2.5,2143,21.4,64,1535,87.4,25.5,998.9,1010.9,2,1006.4,2358,1008.7,14.7,.4,1200,1.57,8.97,,,,,,9.5,8.4,24.4,21.1,23.9,23.5,22.9,22.6,22,21.6,21,18.7,14.9,.5,.8,7.5,
108,2011-07-01,25.1,22.2,431,28.6,1257,,,,,,,6.5,230,1149,4.7,290,1706,2,1690,21,62,1301,78.9,24.9,995.5,1006.5,11,1003.5,1806,1005.2,14.7,1.1,1200,2.4,14.35,,,,,,8.1,5.3,26,19.8,25.6,25.3,24.6,24.1,22.8,21.6,21.1,18.5,15.2,2.9,3.8,0,
108,2011-07-02,24.7,22.7,352,26.8,1816,1.08,0,,0,,0,6.9,250,2011,4.6,290,2015,1.5,1264,21.4,76,1531,82.3,25.5,993,1004.4,0,1001,2343,1002.6,14.7,0,1500,.6,5.21,,,,,,8.9,7.4,25.1,21.2,24.9,24.7,24.3,24.3,23.5,21.7,20.9,17.7,15.1,.7,1.2,37.5,
108,2011-07-03,22.6,20.7,2241,24.8,0,19.58,16.5,1453,43,1421,115,8.4,290,1455,5.2,250,942,2.2,1941,21.2,83,0,92.1,25.3,987.7,1001,0,994.1,1438,997.4,14.7,0,1100,.41,1.9,,,,,,10,8.5,23.8,21.5,24.1,24.2,24.1,24.2,23.9,21.8,20.8,17.1,15,.1,.2,77.5,
108,2011-07-04,22.5,18.9,719,28,1559,,,,,,,8.3,230,1729,5.6,230,1738,3.1,2679,17.8,51,1624,76.8,20.4,991,1003,2225,998.1,16,1000.7,14.7,7.1,1200,3.4,20.07,,,,,,4.6,4.6,25.9,19.4,25.1,24.9,24.4,24.2,23.8,,21.7,19.4,15.3,3.8,5.3,,7.33
108,2011-07-05,24.3,19,532,30.7,1541,,,,,,,7.1,180,1509,4.6,270,1558,2.5,2119,16.7,36,1558,64.6,19.1,993.5,1004.6,825,1001.8,1855,1003.2,14.7,11.7,1200,3.01,24.24,,,,,,1.9,.1,27.2,16.3,26,25.7,25.1,24.9,24.2,,21.7,18.5,15.6,3.9,5.6,,
108,2011-07-06,25.6,20.4,529,31.2,1426,,,,,,,6.3,290,1846,4.3,290,1839,1.7,1440,16.9,31,1311,60.9,19.3,990.3,1003,2,997.5,1732,999.9,14.7,4.6,1200,3.18,19.12,,,,,,6.8,4.3,27.7,17.1,26.9,26.5,25.7,25.3,24.4,22.5,21.3,17.7,15.3,3.2,4.8,.4,
108,2011-07-07,22.9,20.9,2258,25.3,37,14.08,7.5,1645,17,1607,42.5,8.9,200,1942,5.2,230,1956,1.9,1673,20.1,67,9,84.9,23.6,989.1,1000.4,2326,996.3,1409,998.8,14.7,0,900,.42,2.3,,,,,,10,6.5,23.7,21.3,24.3,24.6,24.7,25.1,24.7,22.6,21.2,17.3,15.1,.1,.2,42.6,
108,2011-07-08,22.4,20.6,627,24.6,1552,5.83,2.5,2334,6,2142,13,7.1,230,1345,5.1,230,1348,2.6,2233,19.4,69,1552,84.1,22.6,994.3,1007.2,2206,1000.3,6,1004,14.6,0,1300,1.6,8.1,,,,,,10,6.8,24,21.1,24,24,23.8,24,24.3,23,21.6,17.4,15.1,.6,.8,27,
108,2011-07-09,23.6,20.8,517,27.8,1732,9,2,217,6,2331,15,6,70,1057,3.5,70,1137,1.8,1522,20.5,63,1729,83.5,24.2,998.1,1010.3,2400,1005.8,116,1007.9,14.6,1.3,1500,1.69,10.47,,,,,,8,5.8,24.9,21.2,24.7,24.6,24.3,24.2,24.3,23,21.8,17.6,15.1,1.7,2.4,.5,
108,2011-07-10,24.2,21.4,2355,28.4,1444,4.08,4,1908,5.5,1838,6,8.3,90,2104,4.9,140,1553,2.2,1879,20.5,63,1231,80.4,24.1,1001.4,1013,1910,1009.2,1530,1011.2,14.6,1.2,1200,2.28,11.97,,,,,,9.3,6.6,26.5,21,26,25.7,25.3,25.1,24.6,23.1,22,18,15.1,2.1,3.5,38.5,
108,2011-07-11,21.2,19.9,736,22.1,1416,20.25,6,636,19.5,623,42.5,7.1,50,450,4.1,70,459,2.1,1839,19.5,84,2058,90.3,22.7,1002.6,1013.3,816,1011,1926,1012.5,14.6,0,1000,.55,2.96,,,,,,10,7.4,22.5,20.5,23.1,23.5,23.6,24.1,24.7,23.1,21.9,17.9,15.1,.3,.4,21.5,
108,2011-07-12,22.8,20.9,55,25.6,1536,13.25,8,954,23.5,952,51.5,6.5,70,1035,4.1,200,1625,2.1,1829,20.6,73,1548,87.9,24.3,1001.2,1013.2,2,1009.8,1816,1011,14.6,0,1500,1.02,4.07,,,,,,10,7.4,23.7,21.2,23.4,23.3,23.2,23.4,24.2,23.3,22.3,18.5,15.2,.1,.2,60.5,
108,2011-07-13,24.3,22.5,614,26.2,1756,15,3,20,6.5,1,29,8.3,200,1031,5.2,200,1044,2.2,1937,21.6,75,1723,85.6,25.9,998.5,1010.3,1,1007.5,1726,1008.2,14.6,0,1200,.85,4.58,,,,,,10,7.4,24.7,22.7,24.4,24.3,24,24,24,23.4,22.7,19.7,15.4,.3,.8,22.5,
108,2011-07-14,23.6,22.3,1137,24.6,154,18.17,5,253,11.5,1049,38,10.3,180,257,6.8,200,346,2.6,2273,21.7,85,142,89.5,26,998.9,1010.4,1040,1007.7,1724,1008.6,14.5,0,1300,.72,4.51,,,,,,10,7.4,25.1,23,24.7,24.6,24.3,24.4,24.4,23.3,22.7,19.6,15.7,1.2,1.8,26,
108,2011-07-15,23.4,21.6,2329,26,1113,19.98,2,1345,6,1259,15,9.6,270,1305,6.6,200,1145,2.4,2036,21.5,81,937,89.4,25.7,998.6,1009.6,2323,1007.1,230,1008.3,14.5,0,1400,.45,3.6,,,,,,10,7,24.7,22.6,24.6,24.6,24.4,24.5,24.6,23.5,22.9,20,15.9,.9,1.4,26.5,
108,2011-07-16,22.8,21.2,602,25.3,1222,18.42,12,1505,19.5,1424,54.5,5.7,270,1128,3.2,270,1131,1.4,1246,21.2,80,1217,91.1,25.2,998.2,1009.6,0,1006.3,1815,1008,14.5,.1,1100,1.3,5.43,,,,,,9.9,8.1,24.1,22.1,24.4,24.4,24.2,24.3,24.6,23.5,22.8,19.7,16,.1,.2,42,
108,2011-07-17,25.1,22.2,838,29.1,1433,1.5,.5,715,.5,715,1,8.1,250,724,5.1,250,730,1.8,1523,21.7,64,1430,82.5,26,996.6,1007.5,817,1004.8,1915,1006.3,14.5,1,1000,2.51,13.08,,,,,,8.9,5.4,27.4,23.5,26.5,26,25.5,25.2,24.6,23.7,23.1,20.5,16,2.8,3.3,0,
108,2011-07-18,28.7,24.4,35,34.1,1656,,,,,,,9.7,70,1857,5.7,70,2158,3,2593,20.5,42,1644,62.8,24.2,993.9,1006,0,1000.6,1823,1003.5,14.5,7.4,1300,3.06,22.21,,,,,,5,3.1,29.6,23.3,28.7,28.1,27.4,26.7,25.2,23.7,22.9,19.9,16.3,5.6,6.5,,
108,2011-07-19,28.5,24.7,438,32.7,1340,,,,,,,16.7,50,1616,9.3,50,1618,5.2,4515,18.4,44,1310,55.5,21.2,989.5,1002.4,4,997.5,1303,999,14.4,12.4,1200,3.44,27.5,,,,,,2.3,1.9,31.8,22.2,29.9,29.4,28.4,27.8,26.1,23.8,22.9,19.5,16.2,6.2,7.5,,
108,2011-07-20,27.6,23.6,510,32.6,1529,,,,,,,10.9,90,2209,5.9,70,2310,3.5,2997,15.7,30,1615,50.3,18,992.5,1004.7,2242,999.6,12,1002.1,14.4,13.1,1200,3.39,28.29,,,,,,1.1,1.1,33.1,20.8,30.9,30.3,29.3,28.6,26.4,24,22.8,19.2,16.1,6.2,7.5,,
108,2011-07-21,27.1,22.3,521,32.2,1627,,,,,,,10.9,70,30,6,70,916,3.3,2821,14.8,33,1506,48,16.9,995.1,1005.8,2317,1003.5,1812,1004.8,14.4,12.8,1200,3.38,27.14,,,,,,3,1.9,32.9,19.3,30.8,30.4,29.6,29,26.6,24.2,22.8,19,16,5.4,6.6,.2,
108,2011-07-22,24.1,21.4,818,26.6,1340,1.58,1.3,1625,1.3,1625,1.5,5.4,20,451,3.5,270,1920,2.1,1844,18.3,44,117,71,21.3,997,1007.7,812,1005.7,19,1006.7,14.4,0,1300,1.33,7.86,,,,,,9.3,7.6,27.4,20.6,27.7,28.1,27.9,28.2,26.7,24.3,22.8,18.8,15.9,.9,1.5,4.3,
108,2011-07-23,25.4,22.9,202,29.7,1445,1,2.5,26,3,25,3,7.4,290,1744,4.7,270,1847,2.4,2101,20.8,56,1445,76.3,24.5,997.5,1008.4,1030,1005.7,1700,1007.1,14.4,2.1,1400,2.28,13.83,,,,,,8.5,7.9,27.9,23,27.7,27.5,27.2,27.1,26.3,24.4,22.9,18.8,15.9,1.7,2.7,.5,
108,2011-07-24,24.8,22.8,1119,27.9,1550,10.92,1,1030,2.5,1025,8,7.2,250,1040,5.3,250,1041,2,1697,21.3,62,1539,81.6,25.4,997.8,1008.5,1054,1006.6,1559,1007.5,14.3,.3,1300,1.67,9.83,,,,,,9.1,7.4,27.4,23.4,27.1,27,26.7,27,26.5,24.4,22.9,18.7,15.9,1.3,1.9,11,
108,2011-07-25,24.9,23.2,1037,27.9,1508,8.87,11.5,1943,22.5,1905,27.5,6.8,50,1450,3.9,50,1218,2.1,1783,22.1,69,1344,85.3,26.7,999.4,1010.3,1125,1008.1,1732,1009.2,14.3,.5,1300,2.18,8.81,,,,,,9.3,7.5,27,23.6,26.6,26.6,26.4,26.6,26.5,24.5,23,18.7,15.9,2.9,3.7,24,
108,2011-07-26,24.8,21.1,1913,29.3,1208,7.3,18,1633,62,1822,171,11.5,90,1801,6.7,70,1803,2.7,2349,21.1,61,1209,81,25,998.9,1010.2,633,1005.4,1611,1008.6,14.3,.3,1000,1.81,7.82,,,,,,8.6,6.6,25.9,21.1,25.8,26.1,25.9,26.4,26.5,24.6,23,18.7,15.9,.1,.2,332,
108,2011-07-27,24,22.3,2159,26.2,2031,23.5,14.5,912,59,856,301.5,12.3,290,2132,7.3,270,2136,2.6,2259,22.5,83,2131,92.1,27.3,998.6,1010,1016,1006.5,243,1008.4,14.3,0,1200,.21,1.03,,,,,,10,7.9,24.5,22.1,24.4,24.5,24.3,24.8,23.9,25.3,25.7,23.9,17,.1,.2,195,
108,2011-07-28,24.7,22.8,45,26.3,1344,16.52,13,2217,40,2202,115,12.7,230,1049,7.5,250,1058,3.7,3170,22.7,74,1347,89,27.6,998.6,1009.5,1327,1006.7,436,1008.3,14.2,0,1300,.93,3.16,,,,,,10,8,25.1,23,24.7,24.6,24.4,24.5,23.9,24.3,24.7,24.1,18.7,.2,.3,68,
108,2011-07-29,26.2,23.9,459,30.2,1537,5.62,2.5,803,3.5,723,7.5,7,200,24,4.4,250,1812,2.5,2162,22.6,61,1537,81.6,27.4,997.5,1008.5,133,1005.2,1700,1007.1,14.2,2.4,1300,2.43,13.22,,,,,,8.1,7,27.4,23.1,27,26.5,25.9,25.6,24.5,24.3,24.4,24,19,1.7,2.4,0,
108,2011-07-30,27.2,24.4,401,30.5,1428,.5,0,,0,,0,7.2,270,1712,5,230,1500,2,1713,22.2,58,1151,75.3,26.8,995.6,1007,0,1004,1752,1005.2,14.2,1,1100,1.78,13.11,,,,,,7.3,4.8,28.4,22.8,27.7,27.3,26.8,26.6,25.3,24.4,24.3,22.7,18.8,1.7,3,,
108,2011-07-31,24.7,23.2,1743,26.6,0,14.75,11,1709,29.5,1622,73,7.6,50,1657,3.8,90,1514,1.8,1592,22.4,75,0,87.8,27.1,994.6,1005.5,16,1003.2,1441,1004.3,14.1,0,800,.5,2.56,,,,,,9.6,6.4,25.4,23,25.7,25.9,25.8,26.2,25.9,24.6,24.2,21.9,18.4,.1,.2,73.5,
108,2011-08-01,25.6,23.3,253,29.2,1629,3.08,.2,535,.2,220,.5,7.1,50,1524,4.2,50,1532,2.9,2487,22,66,1630,81.1,26.5,996,1007.3,2351,1004.1,215,1005.7,14.1,.7,1600,1.61,9.04,,,,,,9.4,6.8,26.3,23.1,25.9,25.8,25.6,25.6,25.7,24.9,24.4,22.6,18.1,1.6,2.2,0,
108,2011-08-02,26.1,24.4,525,30.1,1420,.92,.2,,.4,2030,.5,8.6,70,1524,5.1,70,1528,3.2,2797,21.8,63,1423,77.5,26.1,998.8,1009.8,2251,1007.2,0,1008.4,14.1,2.2,1300,2.33,14.13,,,,,,8.5,6.3,27.2,23.1,27.5,27.2,26.7,26.4,25.9,24.9,24.4,22.2,18.2,2.3,3,.5,
108,2011-08-03,25.4,23.7,557,28.1,1026,2.58,12,1449,24,1410,41.5,7.2,90,1028,4.1,50,1414,2.3,2008,22.1,67,1022,83,26.7,998.1,1009.9,251,1005.8,1443,1007.8,14,.7,900,1.31,7.47,,,,,,8.8,6.6,25.8,21.9,25.9,26.1,26,26.3,26.2,24.9,24.3,21.7,17.9,1.2,1.9,46,
108,2011-08-04,25.4,23.7,432,28,1749,8.87,2,111,4,40,10,5.1,70,1226,3.3,70,1233,1.6,1345,22.9,71,1758,86.3,27.9,998.2,1009,2133,1006.7,223,1007.9,14,.4,1500,.9,5.96,,,,,,8.4,5,26.1,23.1,26,25.9,25.7,26,26.1,25,24.4,21.7,17.7,.6,1,5.5,
108,2011-08-05,28.9,23.4,509,34.1,1531,,,,,,,6,20,1330,3.7,50,935,1.8,1582,21.7,40,1527,67.8,26.1,997.9,1008.9,0,1005.8,1757,1007.5,14,8.3,1100,2.82,20.02,,,,,,4.6,2.8,29.1,22.2,28.5,27.9,27.2,26.8,26.1,25,24.5,21.7,17.6,4.3,6,,
108,2011-08-06,28.5,26.1,609,32.7,1427,.67,1,1550,1.5,,1.5,7.4,70,2231,4.6,70,2238,2.5,2150,21.7,49,1436,67.5,26,997.8,1008.9,2330,1006.3,1504,1007.5,13.9,.5,1200,2.04,13.13,,,,,,6.5,4.5,28.7,23.8,28.6,28.2,27.8,27.6,26.7,25,24.4,21.5,17.5,4,4.9,1.5,
108,2011-08-07,28.7,24.9,2346,33,1435,5.33,1,2326,2.5,2236,4.5,14.7,50,2123,7.7,70,2129,4.4,3831,20.8,48,1655,63.9,24.7,995.5,1008.7,0,1000.3,2349,1005,13.9,4.3,1400,2.5,16.75,,,,,,7.6,3.8,29.3,23.6,28.4,28.1,27.7,27.6,26.8,25.1,24.4,21.3,17.4,4.2,5.8,26.5,
108,2011-08-08,24.7,23.6,248,27.7,745,15.75,6,300,12.5,210,39.5,15.6,200,1819,9.4,200,1844,5.8,4987,21.8,66,747,84.8,26.2,991.3,1006.3,2352,997,730,1000.9,13.9,0,700,.37,2.26,,,,,,10,7.5,24.2,23.2,25,25.5,25.7,26.5,26.8,25.2,24.3,21.1,17.4,.1,.2,17.5,
108,2011-08-09,26,24.4,410,28.7,1503,3.03,0,,0,,0,11.2,230,15,7.1,200,17,3.5,3036,21.4,60,1536,76.3,25.5,997.8,1008.7,957,1006.3,0,1007.5,13.9,1.7,1400,2.34,11.27,,,,,,8.9,7,27.3,23.4,26.5,26.1,25.7,25.8,26.2,25.4,24.5,21.1,17.4,3.5,4.2,.3,
108,2011-08-10,25.8,23.2,517,28.9,1538,1.75,.1,,.2,,.3,6.9,250,1335,4.9,250,1348,3,2599,22.1,66,1541,81,26.6,999.5,1010.3,828,1008,1813,1009.2,13.8,1.2,1100,1.88,12.09,,,,,,8.5,8.5,27.8,23.3,26.7,26.7,26.5,26.5,26.4,25.3,24.6,21.2,17.3,2,3.1,,
108,2011-08-11,26.6,24.5,541,29.9,1542,.12,0,,0,,0,8,270,1650,5.4,290,1424,2.8,2395,22.5,63,1518,78.9,27.2,998.1,1010,26,1005.9,1744,1007.8,13.8,1.2,1500,1.66,11.62,,,,,,8.5,7.5,28.3,24,27.6,27.4,27.1,27,26.6,25.3,24.6,21.1,17.4,2,2.8,1,
108,2011-08-12,25.3,24.1,2310,26.3,1721,14.67,2,1857,9,1853,19.5,6.5,250,1313,4.6,250,1321,2.1,1773,22.8,79,1715,86.5,27.7,996,1006.6,0,1004.8,1703,1005.7,13.7,0,1500,.76,4.21,,,,,,10,7.1,26.1,23.8,26.3,26.6,26.5,26.9,26.9,25.4,24.5,21,17.3,1,1.5,18.5,
108,2011-08-13,25.3,23.9,219,26.6,858,8.58,2.5,1850,4,1810,6.5,8.8,200,1516,5.5,200,1520,2.3,1956,22.3,72,900,83.9,26.9,994.7,1005.7,2141,1003.4,1742,1004.4,13.7,0,800,.73,4.48,,,,,,9.5,7,25.8,23,25.8,25.9,25.8,26.2,26.7,25.5,24.6,21,17.5,1.6,2.1,15,
108,2011-08-14,25,23.9,728,26.8,1222,6.05,3,701,8.5,652,9.5,10.8,230,1302,7.1,250,1305,2.3,1961,22.5,79,1048,86.8,27.3,995.9,1006.4,2344,1004.9,1626,1005.6,13.7,0,1300,1.04,5.38,,,,,,10,8,25.7,23.6,25.9,26,25.8,26.1,26.5,25.5,24.6,21,17.4,.5,.7,1.1,
108,2011-08-15,24.5,22.9,539,26.9,1701,5.08,.4,915,.4,915,.5,6,230,958,4,230,520,1.9,1666,22.1,74,1658,87.3,26.7,996.3,1006.9,1002,1005.1,1814,1006,13.7,0,1600,1.12,4.8,,,,,,9.5,8.8,25.4,23.1,25.4,25.6,25.4,25.8,26.4,25.5,24.6,20.9,17.5,.7,1.1,.4,
108,2011-08-16,25,23.6,1904,26.2,958,8.67,3,1758,6,1752,16,9.7,250,1825,6.5,200,1219,2.5,2187,22.7,80,847,87.8,27.6,993.2,1006,0,1001.1,1730,1002.9,13.6,0,800,.31,2.17,,,,,,10,8.9,25.2,22.7,25.3,25.5,25.3,25.8,26.3,25.5,24.7,21,17.5,.2,.3,17,
108,2011-08-17,23.7,22.8,2334,24.6,1215,12,.5,752,1,1356,4,6.2,230,441,4,230,441,1.9,1677,22.1,86,2357,91.1,26.6,992.8,1004.2,2211,1000.9,359,1002.4,13.6,0,1100,.3,1.6,,,,,,10,9,24.6,21.6,24.8,25,24.9,25.3,26.1,25.4,24.7,21,17.5,.2,.5,3,
108,2011-08-18,25.2,21.5,623,30.2,1440,.5,0,,0,,0,9.3,320,1627,5.5,320,1606,1.9,1667,19.8,55,1437,73.3,23.1,996.4,1008.9,2236,1003.4,253,1006.1,13.5,4.8,1400,2.73,18.61,,,,,,6.6,4.3,28.1,19.7,26.6,26.1,25.7,25.6,25.8,25.4,24.7,21.1,17.6,2.5,4.4,0,
108,2011-08-19,24.4,21.7,414,29.2,1427,,,,,,,6.8,230,2039,4.8,230,2040,2.2,1905,19.6,51,1411,75.6,22.8,1000.7,1012,2117,1008.7,0,1010.5,13.5,1,1300,2.29,11.8,,,,,,8.8,5.8,25.2,19.4,25.9,25.9,25.7,25.9,26.1,25.3,24.6,21.1,17.6,1.7,3,,
108,2011-08-20,23.1,20.3,2355,27,1559,.67,.5,1959,.5,1955,.5,6.9,270,1732,4.3,270,1755,2.4,2084,18.6,59,1551,76.9,21.5,1001.6,1012.5,955,1010,1612,1011.4,13.5,1.6,1500,1.97,9.82,,,,,,7.9,5.4,24.9,18.2,25,25.2,25.1,25.5,26.1,25.2,24.6,21,17.6,1.5,2.1,.5,
108,2011-08-21,24.4,18.7,516,31,1602,,,,,,,7.4,270,1757,4.4,250,1736,2,1690,17.5,33,1343,68.4,20.1,1000.7,1011.9,1006,1008.8,1602,1010.4,13.4,8.9,1200,3.19,22.58,,,,,,4,1.1,28,16.5,26.1,26,25.5,25.5,25.7,25.2,24.6,21,17.7,4.3,5.7,,
108,2011-08-22,23.5,19.8,2333,29.6,1513,1,2.5,1937,3.5,1930,3.5,14.3,360,1921,7.3,50,1929,2.2,1888,17.7,43,1521,71.4,20.3,1000.6,1011.6,1927,1008.7,1550,1010.4,13.4,2.2,1300,2.45,13.87,,,,,,6.5,3.8,27.4,17.5,26.2,26.2,25.8,26.1,26,25.1,24.5,21,17.7,3.3,3.9,3.5,
108,2011-08-23,24.3,18.1,552,30.5,1539,,,,,,,6.9,50,2252,4.3,70,2239,2.1,1823,15.3,32,1542,60.1,17.5,1000.1,1011.5,2349,1008,1603,1009.9,13.4,8.9,1100,2.84,20.12,,,,,,3.5,2.4,26.1,16.1,25.1,25.3,25.1,25.5,25.7,25.1,24.5,21,17.7,3.7,5.4,,
108,2011-08-24,24.8,21.2,502,28.6,1429,,,,,,,9.2,90,903,5.1,70,1018,3,2607,15.8,43,1446,57.9,17.9,1002.3,1013.7,2350,1011,1415,1012,13.3,5.5,1100,2.58,17.67,,,,,,5.9,3.8,27.6,18,26.2,26.1,25.6,25.8,25.8,25.1,24.5,21,17.7,2.9,4.1,,
108,2011-08-25,25.7,21,618,30.5,1347,,,,,,,6.7,50,812,3.6,70,838,2.2,1932,16.2,37,1331,57.3,18.5,1004.3,1015.2,2244,1012.4,1514,1014,13.3,8.1,1200,3.22,20.09,,,,,,5.6,3.5,28.4,18,27.5,27.3,26.4,26.3,25.7,25,24.4,21,17.7,3.8,5,,
108,2011-08-26,26.4,23.2,636,30.3,1603,,,,,,,8.2,90,821,4.6,70,826,2.8,2392,17.2,45,1232,57.5,19.6,1005.7,1016.6,959,1014.1,1800,1015.4,13.2,7.6,1300,3.03,20.36,,,,,,6.8,3.6,30.5,20.7,28.8,28.5,27.5,27.3,26,25,24.4,20.9,17.7,5.1,6.5,,
108,2011-08-27,27.6,23.5,513,31.2,1609,,,,,,,6.7,70,123,4.2,70,124,2.3,2024,18.8,45,1250,59.5,21.7,1004.6,1015.9,0,1012.6,1706,1014.3,13.2,5.5,1100,2.66,18.46,,,,,,6.3,5.9,31.5,20.7,29.7,29.3,28.4,28,26.3,25.1,24.4,20.9,17.8,4.1,5.4,,
108,2011-08-28,27.3,24.3,545,32,1344,,,,,,,7.1,270,1654,5,270,1644,2.2,1921,20.3,43,1337,66.8,23.8,1003.1,1014.1,4,1011.3,1746,1012.9,13.2,6.3,1000,2.61,17.02,,,,,,5.3,3.3,31.8,21.7,30,29.7,28.8,28.6,26.8,25.2,24.4,20.9,17.8,2.8,4.4,,
108,2011-08-29,26.8,24.5,242,29.9,1501,,,,,,,7.6,270,1656,4.8,290,1512,2.2,1876,22,60,1502,75.6,26.4,1002.5,1013.1,0,1010.2,1739,1012.1,13.1,.7,1300,1.75,10.14,,,,,,6.3,3.9,30.3,22,28.6,28.5,28,28.1,26.9,25.3,24.4,20.9,17.8,3.2,4.2,,
108,2011-08-30,27.1,24.2,1723,32.4,1409,1.97,3.5,1643,8.5,1612,8.5,10.3,250,1638,7,270,1639,1.9,1649,20.8,40,1422,70,24.6,999.6,1011.5,12,1007.5,1523,1009.2,13.1,1.5,1200,2.28,12.07,,,,,,8,4.1,31,22,28.8,28.5,27.9,27.9,26.9,25.5,24.4,21,17.9,2.3,3.9,8.5,
108,2011-08-31,27.9,23.6,630,32.8,1424,,,,,,,7.5,250,1535,4.9,320,2259,2,1725,19.2,30,1709,62.6,22.6,996.4,1008.7,0,1004.1,1538,1006,13.1,10.2,1300,2.87,19.92,,,,,,1,1,28.8,20.8,28,27.9,27.5,27.5,26.8,25.6,24.5,21,17.9,4.3,5.2,,
108,2011-09-01,27,22.9,610,31.1,1517,,,,,,,8.1,270,1225,5.5,290,1234,1.9,1674,19.1,42,1637,63.3,22.1,995,1006,905,1002.7,1815,1004.6,13,10.9,1100,2.94,21.55,,,,,,.6,.6,29.5,19.7,27.9,28,27.4,27.5,26.9,25.6,24.5,21,17.9,4.1,6.3,,
108,2011-09-02,26.9,22.9,2354,32.4,1610,,,,,,,10.9,70,1808,5.6,70,1815,2.9,2477,17.5,35,1319,58.1,20,994,1005.1,840,1001.7,1608,1003.6,13,8,1100,2.8,18.86,,,,,,1.9,.8,30.2,19.6,28.5,28.4,27.8,27.8,27,25.6,24.5,21,17.9,4.3,5.8,,
108,2011-09-03,25.1,20.3,622,30.7,1327,,,,,,,13.9,50,1554,7.6,50,1611,3.3,2866,12.9,34,1624,48,15,997,1009.2,2103,1004.3,254,1006.7,13,10.1,1100,2.76,20.06,,,,,,.9,.8,27.9,14.9,27.2,27.5,27.2,27.4,26.8,25.7,24.6,20.9,18,4.8,6.3,,
108,2011-09-04,23.7,19.4,456,30.2,1447,,,,,,,8.8,50,1702,5.2,90,1734,2.2,1911,11.6,33,1435,47.6,13.7,997.8,1009,3,1005.7,1525,1007.6,12.9,3.6,1300,2.74,15.78,,,,,,3.6,1.6,26.4,13,26.7,26.5,26.3,26.5,26.1,25.7,24.6,20.9,17.9,3.3,5.2,,
108,2011-09-05,23.8,19.5,532,28.5,1611,,,,,,,8.1,290,1446,5.1,270,1453,2.3,2030,13.9,34,1248,55.9,16,996.1,1007.3,1,1003.9,1610,1005.9,12.9,11.4,1200,3.14,23.37,,,,,,2,2,30,14.8,27.1,27,26.5,26.6,25.8,25.6,24.7,21,18,4.2,7.2,,
108,2011-09-06,23.4,18.8,646,28.7,1438,,,,,,,8.8,250,1626,5.6,270,1659,2.8,2391,12.5,25,1433,52.5,14.6,995.5,1006.7,757,1003.5,1534,1005.2,12.8,11.9,1200,3.12,23.31,,,,,,0,0,29.3,11.5,26.9,26.9,26.5,26.6,25.8,25.5,24.7,21,18,4,6.5,,
108,2011-09-07,22.6,17.5,546,27.3,1423,,,,,,,6,250,1508,4.1,290,19,2,1739,11.2,33,1409,49.9,13.3,996.9,1008.5,2111,1005.2,349,1006.7,12.8,5.8,1000,2.33,15.45,,,,,,6,4,26.7,9.5,25.4,25.6,25.5,26,25.5,25.4,24.7,21,18,3.8,5.1,0,
108,2011-09-08,22.3,20.4,650,25.8,1509,3.75,0,,0,,0,10.8,200,1208,6.8,250,1245,2.8,2401,12,31,1316,53.8,14.2,1001.3,1014.4,2247,1007.9,1,1011.2,12.7,3.7,1400,2.57,12.51,,,,,,7.5,5.8,26.3,17.1,25.2,25.3,25.2,25.6,25.2,25.2,24.6,20.9,18,3.1,4.3,0,
108,2011-09-09,19.9,19,2239,20.7,908,10.5,.5,950,1,945,2.5,5.3,320,1021,3.2,320,1042,1.2,1032,15.3,63,1,75.5,17.4,1007.5,1020.4,2248,1014,1,1017.5,12.7,0,1300,.63,4.01,,,,,,9.8,7,21,17.3,22.4,23.2,23.5,24.4,24.9,25.1,24.5,20.9,18,.2,.3,2.5,
108,2011-09-10,21.5,18,615,26.4,1349,,,,,,,8.1,70,1810,5,70,1905,2.5,2167,15.2,47,1350,68.6,17.3,1009.8,1021.2,946,1018.4,1531,1019.8,12.7,1.2,1300,2.11,10.24,,,,,,9,6.4,22.9,15.9,23,23.1,23.1,23.6,24.4,25,24.6,21,18,1.2,2.3,0,
108,2011-09-11,21.2,19.5,838,22.5,1626,3.08,0,,0,,0,8.7,90,48,5.1,70,54,2.8,2451,16.9,62,1,77.1,19.3,1006.9,1018.7,1,1015.4,1621,1016.9,12.6,0,1400,.96,5.2,,,,,,9.4,6.9,22.9,17.7,22.8,22.9,23,23.5,24.3,24.9,24.5,21,18,1.6,2.3,0,
108,2011-09-12,23.3,20,616,27,1252,.25,0,,0,,0,6.9,290,1846,4.5,320,1856,1.6,1408,17.2,52,1247,69.6,19.7,1005.9,1017.2,732,1014.4,1555,1015.7,12.6,1.4,1000,1.95,11.93,,,,,,8.9,5.1,25.6,16.5,24.6,24.4,24,24,24.2,24.8,24.4,21,18.1,2.6,4.1,0,
108,2011-09-13,25,20.9,629,30.9,1509,,,,,,,5.9,250,1745,4,270,1751,1.6,1383,13.3,30,1507,50.3,15.4,1004.1,1015.6,849,1012.2,1536,1013.9,12.5,5.3,1200,2.82,17.08,,,,,,7.1,2.6,29.8,18.2,26.8,26.3,25.5,25.2,24.5,24.7,24.4,21,18.1,3,4.9,,
108,2011-09-14,24.4,22.8,437,28.1,1721,,,,,,,5.4,200,522,3.9,250,1044,2,1686,18.6,53,1,70.9,21.5,1002.9,1013.8,1044,1011.6,1714,1012.7,12.5,1.3,1400,1.35,6.45,,,,,,6.6,4,26,18,25.4,25.4,25.2,25.4,24.9,24.7,24.3,21,18.1,2,3,,
108,2011-09-15,25.7,21.2,611,31.3,1353,,,,,,,8.2,200,1451,5.4,230,1536,2.5,2180,19,40,1349,68.8,22,1001.5,1012.6,1015,1009.5,1625,1011.3,12.5,6.7,1300,2.55,16.57,,,,,,4.9,3.9,29.4,17.2,26.7,26.3,25.6,25.5,24.8,24.7,24.3,21.1,18.2,4,5.7,,
108,2011-09-16,25.6,21.7,533,31.2,1415,,,,,,,7.7,320,1645,5.5,320,1658,1.7,1435,18.8,39,1512,68.1,21.8,998.3,1010.8,1,1006,1555,1008,12.4,3.6,1200,2.77,13.8,,,,,,6.3,3.8,29.3,17.5,27.3,26.9,26.3,26.1,25,24.7,24.2,21.1,18.1,3.3,4.4,,
108,2011-09-17,25.8,21.6,2355,31,1214,.92,0,,0,,0,7.8,50,2344,4.6,290,106,2.3,1981,18.6,46,1220,65.6,21.4,997.5,1009.7,2357,1005.4,1556,1007.2,12.4,4.2,1100,2.49,12.6,,,,,,7.3,5.8,28.8,18.6,27.6,27.4,26.8,26.7,25.5,24.8,24.2,21.1,18.2,3.6,5.5,.5,
108,2011-09-18,21,17.5,2400,26.4,1429,2.17,.5,308,.5,220,.5,12.8,50,2018,7.2,70,2025,3.9,3361,13.3,43,1540,63,15.6,1002.6,1016.1,2239,1008.9,127,1012.5,12.4,3.9,1100,2.51,14.79,,,,,,8,6.9,24.9,16.6,25.8,26.1,26,26.3,25.4,24.7,24.1,21,18.2,3,5,0,
108,2011-09-19,16.8,14.5,2351,18.2,1232,6.83,.1,,.1,,.1,15,70,249,6.9,70,636,4.2,3596,7.9,47,410,56.1,10.7,1006.9,1018.1,805,1016,1,1017.1,12.3,0,1300,.91,6.11,,,,,,7.8,4,19,9.5,21.2,22.4,23,24.2,24.9,24.9,24.3,21.2,18.4,1.6,2.5,.1,
108,2011-09-20,17.7,13.4,325,23.2,1447,,,,,,,10.9,50,1215,5.8,70,1819,3.6,3123,4.9,30,1317,44.5,8.7,1003.8,1016.9,5,1011.5,1507,1013.8,12.3,5.6,1200,2.48,16.79,,,,,,4.5,2.9,22.7,8.5,20.8,21.3,21.6,22.4,23.7,24.8,24.3,21.3,18.4,3.6,5.4,,
108,2011-09-21,18.1,12.4,609,24,1348,,,,,,,9.2,70,1052,4.9,70,1508,2.2,1909,5.2,28,1349,44.4,8.8,1000.2,1012.4,1,1007.8,1450,1010.2,12.2,7.9,1200,2.87,17.39,,,,,,2,2,22.6,4.7,21.1,21.8,21.9,22.6,23.3,24.7,24.4,21.3,18.5,4.6,6.9,,
108,2011-09-22,18.1,11.9,548,24.6,1441,,,,,,,7.7,290,1728,4.8,270,1730,2.2,1932,6.8,23,1527,49.8,10,1002.2,1013.5,826,1010.6,1541,1012.2,12.2,10.3,1200,2.83,19.43,,,,,,.8,.8,21.7,4.5,21.2,21.7,21.8,22.4,22.9,24.4,24.3,21.3,18.5,3.6,5.1,,
108,2011-09-23,19.5,13.5,622,26,1421,,,,,,,7.9,270,1611,5.1,250,1551,2.1,1837,7.7,21,1423,49.9,10.7,1005.1,1017.2,2321,1013.1,1,1015.1,12.2,11.1,1200,2.69,19.36,,,,,,.4,.4,23.6,7,22.1,22.5,22.4,22.8,22.8,24.2,24.1,21.3,18.5,3.8,5.2,,
108,2011-09-24,19.6,14.4,608,25.9,1544,,,,,,,8.8,230,1618,6.3,230,1626,2.4,2085,9.8,27,1553,55.9,12.2,1008.8,1020.5,2221,1017,237,1018.8,12.1,10.7,1100,2.58,18.68,,,,,,.5,.5,24,8.8,22.4,22.7,22.7,23,22.9,24,24,21.3,18.5,3.4,5.1,,
108,2011-09-25,20,14.6,518,26.6,1518,,,,,,,6.5,250,1807,4.8,250,1814,1.7,1474,11.7,32,1424,61.3,13.8,1011.5,1023.3,948,1020,1508,1021.6,12.1,8.8,1200,2.65,17.7,,,,,,.5,.5,24.4,9.2,22.8,23,22.9,23.2,22.9,23.9,23.9,21.3,18.5,4.4,6,,
108,2011-09-26,21.2,14.8,553,27.7,1552,,,,,,,6.1,250,1533,4.3,250,1537,1.8,1575,9.9,25,1733,52.1,12.3,1010,1022.4,726,1017.5,1649,1020,12,10.8,1200,2.52,17.82,,,,,,0,0,25,9.3,23,23.3,23.1,23.4,23.1,23.9,23.8,21.3,18.5,4.5,6.5,,
108,2011-09-27,21.8,15.4,604,29.2,1447,,,,,,,8.1,70,1521,5.3,90,1520,2.1,1844,6.2,13,1510,41.1,9.8,1008.5,1019.9,851,1016.5,1540,1018.4,12,11,1200,2.78,19.77,,,,,,0,0,25.7,8.7,23.2,23.5,23.3,23.6,23.1,23.8,23.8,21.3,18.6,4.1,5.4,,
108,2011-09-28,19.8,16.6,604,23.5,1436,,,,,,,6.6,50,1022,4,70,739,2.5,2180,9.7,43,1241,52.6,12.1,1007.7,1019.8,819,1015.6,2344,1017.7,12,.2,1200,1.57,9.33,,,,,,7.1,2.5,22.5,9.6,22.2,22.5,22.5,23.2,23.1,23.7,23.6,21.2,18.5,2,3.9,13,
108,2011-09-29,16.9,15.5,1105,19.5,1,11.5,2,737,7.5,702,22.5,8.7,20,954,4.8,50,944,2.4,2066,13.9,62,1,83.3,15.9,1002.7,1015.7,7,1010.3,1454,1012.8,11.9,.1,1400,.5,2.85,,,,,,8.8,5.5,17.9,12.7,19.4,20.3,20.9,22,22.9,23.6,23.5,21.2,18.5,1.3,2.2,9.5,
108,2011-09-30,14.8,10.3,2353,18.6,1346,,,,,,,12,270,1554,7.2,270,1558,3.7,3168,3.4,26,1348,49.5,8.2,1007.6,1021.3,2237,1013.6,15,1017.8,11.9,10.9,1200,2.92,20.6,,,,,,1.8,.8,17.6,6.5,17.5,18.6,19.3,20.3,21.9,23.5,23.5,21.2,18.5,5.1,6.5,,
108,2011-10-01,12.7,7.7,646,17.6,1457,,,,,,,7.5,270,1529,5.4,250,1534,2.5,2145,1.7,28,1609,48.9,6.9,1012.1,1024.5,2301,1020.8,1526,1022.4,11.8,11,1200,2.68,19.06,,,,,,1,0,15.6,1.6,15.3,16.4,17.4,18.6,21,23.3,23.5,21.2,18.6,2.3,3.8,,
108,2011-10-02,13.3,9.6,633,18.1,1548,,,,,,,8.2,290,1532,5.1,270,1352,2.8,2450,-.1,21,1511,42.1,6.2,1013.8,1025.3,859,1022,1617,1024.1,11.8,10.3,1200,2.74,17.65,,,,,,2.1,.1,15.7,3.9,15.3,16.3,17,18.1,20.5,23,23.3,21.2,18.6,3.2,5.2,,
108,2011-10-03,13.8,7.3,629,20.8,1528,,,,,,,6.5,270,1823,4.6,270,1807,1.8,1543,.9,20,1409,44.3,6.6,1014.4,1026.5,858,1022.9,1657,1024.8,11.8,10.9,1200,2.79,19.29,,,,,,.1,0,17,0,15.5,16.4,16.9,17.7,19.9,22.7,23.2,21.2,18.6,4.1,5.8,,
108,2011-10-04,14.9,8.4,634,21.2,1440,,,,,,,6.1,290,1252,4.2,270,1735,1.9,1668,2.9,25,1441,47.3,7.6,1012.1,1025.3,853,1020,1907,1022.3,11.7,9.7,1200,2.61,17.43,,,,,,2.6,.5,17.8,1.6,16.3,16.9,17.2,17.9,19.6,22.3,23,21.1,18.6,3.2,4.9,,
108,2011-10-05,16.4,12.7,638,22,1433,,,,,,,7.2,270,1722,5.2,270,1722,2.1,1839,5.9,26,1420,51.5,9.3,1005.9,1020.1,1,1013.3,1701,1016,11.7,5.4,1300,2.43,13.86,,,,,,5,2.8,19.7,9.1,18.1,18.4,18.3,18.7,19.6,22,22.8,21.1,18.6,2.8,4.7,,
108,2011-10-06,16.5,12.7,2400,20.2,1524,,,,,,,11,340,1107,6.8,290,1211,3.4,2923,6.3,24,1359,54.1,9.9,1004.2,1018.4,2334,1012.2,601,1014.3,11.6,8,1200,2.65,16.12,,,,,,2.6,2.3,19.7,5.6,18.7,19.1,19.1,19.4,19.9,21.8,22.6,21,18.6,3.9,6.5,,
108,2011-10-07,15.4,10.5,629,21.2,1448,,,,,,,7.3,270,1457,4.8,290,1506,2.1,1777,6.4,30,1336,57.5,9.6,1009.8,1021.4,2341,1018.3,1,1020,11.6,10.4,1200,2.56,16.95,,,,,,.3,0,18.5,3.5,17.5,18.2,18.3,18.9,19.8,21.8,22.5,21.1,18.7,3.4,5.3,,
108,2011-10-08,16.2,10.4,656,22.5,1532,,,,,,,5.5,270,1444,3.7,270,1813,1.8,1538,6.2,25,1532,55.3,9.6,1012.5,1024.1,945,1021.4,1,1022.7,11.6,10.2,1200,2.35,16.07,,,,,,0,0,19.2,4.4,17.8,18.3,18.3,18.8,19.7,21.6,22.3,21.1,18.7,2.8,4,,
108,2011-10-09,16.6,11.9,457,22.5,1419,,,,,,,4.9,290,1744,3.3,270,1729,1.8,1513,8.2,35,1422,59,10.9,1012.4,1024.5,1002,1020.4,1606,1022.6,11.5,3,1300,1.91,10.7,,,,,,5,.3,18.4,6.5,18,18.2,18.2,18.7,19.5,21.4,22.1,21,18.6,1.6,2.3,,
108,2011-10-10,16.9,12.4,618,21.8,1358,,,,,,,6.4,270,1725,4.4,270,1757,1.9,1650,11,42,1323,69.6,13.2,1011.4,1023.7,923,1019.6,1735,1021.6,11.5,4.6,1200,1.7,11.59,,,,,,5.1,.3,18.4,6.9,18.2,18.4,18.4,18.9,19.5,21.3,22,21,18.6,2.9,3.6,,
108,2011-10-11,16.5,12.4,706,22.4,1432,,,,,,,7.1,270,1701,5,250,1357,1.9,1635,7.2,17,1417,58.1,10.4,1009.8,1021.5,923,1018,1544,1019.9,11.4,10,1200,2.58,17.02,,,,,,.9,0,19.6,4.8,18.4,18.9,18.9,19.2,19.6,21.2,21.9,21,18.7,3.2,4.5,,
108,2011-10-12,14.7,10.7,616,18.7,1329,,,,,,,5.8,290,1518,3.7,290,1523,1.2,,5,41,1333,52.5,8.7,1008.7,1020.4,111,1016.1,1830,1018.4,11.4,,,,,,,,,,7.1,3.8,15.7,5.1,16.3,16.9,17.2,18.3,19.4,21.1,21.7,20.9,18.6,3,4.5,,
108,2011-10-13,16.6,10.7,614,23.4,1504,,,,,,,5.8,290,1509,4,290,1559,1.4,1229,5.8,25,1523,51.4,9.3,1005.1,1017.3,930,1013,1444,1015.2,11.4,10.1,1200,1.97,13.35,,,,,,2.1,.4,19.8,5.6,17.4,17.6,17.6,18.1,19.1,21.1,22,21.2,18.9,3.4,4.9,2.5,
108,2011-10-14,14.4,12.7,2352,15.7,32,5.2,1,844,3,818,5,6.9,70,1101,3.8,70,1107,1.9,1679,10.7,58,10,79.3,12.9,1002.2,1014.9,903,1010.4,1443,1012.4,11.3,0,1200,.42,1.97,,,,,,8.6,4.1,14.5,8.4,16.1,16.8,17.1,18.1,19.2,20.9,21.8,21.1,18.9,.7,1.8,2.5,
108,2011-10-15,13,11.4,1927,16.9,1206,7.38,5,1240,8,1225,20,12.8,230,1239,5.2,230,1242,1.9,1671,10.4,67,1050,85.3,12.6,998.3,1012.3,146,1005.3,1914,1008.5,11.3,0,1000,.77,2.69,,,,,,8.3,6.5,13.3,7.2,14.2,14.8,15.4,16.6,18.7,20.8,21.7,21.1,18.9,.4,.7,20.5,
108,2011-10-16,14.8,11.1,151,20.1,1457,1.42,.5,316,.5,316,.5,12.7,270,1405,7.1,250,1341,3.7,3189,7.3,35,1604,62.8,10.3,999.8,1014.4,2343,1007.8,1339,1009.9,11.2,8,1300,2.14,12.15,,,,,,3.6,1.9,14.6,5.3,14.7,15.1,15.4,16.1,22.7,19.1,17.9,17.1,16.3,2.5,4,,
108,2011-10-17,11.2,7,2225,14.8,1256,,,,,,,13.6,290,951,7,290,1000,3.4,2971,-5.2,15,1251,34.3,4.5,1009.2,1024.2,2256,1014.2,26,1019.6,11.2,10.3,1200,2.31,15.25,,,,,,.1,0,11.4,3.1,12.4,13.5,14.3,15.5,17.6,20.4,21.4,21.1,18.9,3.6,5.8,,
108,2011-10-18,9.4,3.9,702,15.4,1455,,,,,,,6.6,360,8,3.8,340,8,1.7,1459,-4.9,19,1224,37.4,4.3,1015.1,1027,910,1024.1,1,1025.6,11.2,10.5,1200,2.23,14.82,,,,,,0,0,10,-3.5,10.3,11.5,12.3,13.7,16.8,20.2,21.3,21.1,19,2,3.2,,
108,2011-10-19,12.8,4.6,635,20.4,1522,,,,,,,5.9,160,1353,3.6,90,917,1.7,1478,0,20,1342,44,6.1,1015.6,1027.9,848,1023.8,1629,1026,11.1,10,1200,2.2,14.47,,,,,,1.1,0,12.4,-.9,11.8,12.3,12.7,13.6,16.1,19.8,21.1,21.1,18.9,3.2,4.9,,
108,2011-10-20,15.5,11,44,20.9,1348,,,,,,,6.7,50,1425,4.1,70,1433,2.3,1957,5.5,35,1359,52.4,9,1014.1,1027.2,849,1022,1638,1024.3,11.1,6.8,1200,2.16,11.44,,,,,,5.6,.4,14.4,4.9,14.3,14.5,14.4,14.9,16.2,19.5,21,21,18.9,2.6,4,,
108,2011-10-21,17.3,13.1,216,21,1527,,,,,,,7.7,20,1249,4.2,70,951,2.6,2218,7.4,40,1431,53.1,10.3,1009.3,1022.9,1,1016.2,2344,1019.4,11.1,5,1100,1.78,9.28,,,,,,8.3,3,16.6,7.2,15.7,15.7,15.5,15.9,16.6,19.3,20.8,21,19,2.3,3.8,,
108,2011-10-22,17.1,14.4,2400,21.7,1536,,,,,,,6.6,50,1404,3.5,70,1404,1.8,1512,9,40,1513,59.8,11.5,1005.1,1016.9,2327,1013.7,1617,1015.2,11,3.8,1300,1.48,8.28,,,,,,5.5,2.1,17.7,8.1,17.3,17.2,17,17.2,17.2,19.1,20.6,20.9,18.9,1.1,2.6,,
108,2011-10-23,16.5,11.8,545,22.1,1410,3.08,0,,0,,0,7.9,290,2153,5.2,290,2154,2.3,1951,9.8,39,1407,66.3,12.1,1007.6,1019,905,1015.7,1417,1017.7,11,5.6,1200,1.91,10.36,,,,,,6.5,3.8,17.4,6.8,16.8,16.8,16.6,17,17.3,19.1,20.4,20.9,19,1.9,2.6,.5,
108,2011-10-24,12.3,7.1,2355,15.3,1,6.25,1,1012,1,955,1.5,11.8,290,2233,6.2,290,1930,3.2,2779,7.3,42,2305,72.3,10.7,1006.5,1020.7,2357,1014.2,1428,1016.8,10.9,0,1100,.51,1.54,,,,,,8.4,5.9,13.1,4.6,14.8,15.5,15.9,16.8,17.6,19.1,20.3,20.8,18.9,1.5,2.5,1,
108,2011-10-25,7.6,3.7,702,12.1,1549,,,,,,,12,320,1143,5.6,270,4,2.9,2502,-6.8,20,1552,36.9,3.7,1013.8,1026.3,2246,1020.7,1,1024.4,10.9,9.9,1200,2.16,14.03,,,,,,0,0,8.8,-1.9,9.8,11.2,12.3,13.9,16.6,19.1,20.2,20.8,19,2.2,3.4,,
108,2011-10-26,9.5,3.1,707,15.3,1342,,,,,,,5.3,290,1911,3.6,270,1500,1.5,1303,-3.1,24,1533,42.8,4.9,1015.2,1027.4,839,1023.8,1423,1025.7,10.9,9.5,1200,2.02,12.14,,,,,,3.3,0,9.5,-3.2,10.1,11,11.5,12.7,15.5,18.9,20.1,20.8,19,2.3,3.6,,
108,2011-10-27,12.7,6.6,548,19.5,1430,,,,,,,5.1,230,1347,3.9,270,1836,1.9,1683,0,22,1600,43.6,6.2,1015.5,1027.5,928,1023.9,1606,1025.9,10.8,8.3,1100,2.06,11.65,,,,,,5.5,2,12.4,1,12.3,12.5,12.7,13.3,15.1,18.5,20,20.7,18.9,2.3,3.2,,
108,2011-10-28,14.5,11,715,19.8,1435,,,,,,,5.2,230,1402,3.5,290,1808,1.5,1306,3.7,27,1437,49.6,8,1014,1026.3,821,1022.5,1505,1024.2,10.8,7,1200,1.91,10.09,,,,,,4.8,3,15.1,7.5,14.5,14.5,14.4,14.6,15.4,18.2,19.8,20.6,18.9,1.6,2.9,5,
108,2011-10-29,12,10.2,731,13.5,1654,8.08,.5,233,1.5,435,5,6,50,1523,3.6,70,841,1.5,1259,8.6,53,214,80.5,11.2,1011.8,1024.1,817,1020.6,1729,1022.2,10.8,0,900,.36,2.06,,,,,,8.8,6.1,12.4,5.7,13.1,13.5,13.7,14.6,15.7,18.1,19.6,20.5,18.9,.4,1.1,0,
108,2011-10-30,14.8,10.7,221,20.8,1444,,,,,,,6.7,270,1502,4.4,290,1533,1.7,1470,5,29,1546,54.8,8.8,1011.3,1024.2,2351,1017.7,1517,1021.5,10.7,8.9,1100,1.86,11.76,,,,,,2.3,2.3,14,3.8,13.7,14,14.1,14.6,15.6,18.1,19.6,20.6,19,2,3,,
108,2011-10-31,15,8.5,629,22.1,1409,,,,,,,5,290,1814,3.3,320,1815,1.4,1208,1.2,19,1810,42.8,6.7,1015.6,1027.7,934,1024.2,1,1025.9,10.7,8.1,1100,1.87,11.22,,,,,,3.4,0,12.3,2.2,12.7,13.3,13.6,14.4,15.5,17.9,19.4,20.5,19,2.6,3.4,,
108,2011-11-01,16.1,9.9,717,22.6,1438,,,,,,,7.3,110,1107,4.1,90,1113,1.8,1564,4.1,32,1355,45.9,8.2,1015.2,1027.8,829,1023.3,1644,1025.5,10.7,9.6,1200,1.92,12.13,,,,,,3.1,.9,14.3,3.5,13.6,14,14,14.5,15.5,17.8,19.3,20.5,19,,4.8,,
108,2011-11-02,16.2,13.4,722,21.5,1431,,,,,,,5.9,270,1249,3.9,270,1258,1.7,1439,4,21,1555,46.1,8.2,1014.4,1025.8,910,1023.2,1425,1024.6,10.6,6.8,1100,1.69,9.85,,,,,,6,3.1,15.2,5.4,15.2,15.3,15.2,15.5,15.8,17.6,19.1,20.3,18.9,,4.1,,
108,2011-11-03,16.8,10,717,24.3,1511,,,,,,,5.5,50,1149,3.7,70,1108,1.6,1355,5.7,33,1426,49.1,9.3,1015,1026.6,813,1023.6,1535,1025.2,10.6,9.5,1100,1.76,11,,,,,,1.1,.5,15,3.9,14.7,14.9,14.9,15.3,15.8,17.6,19.1,20.3,19,,3,,
108,2011-11-04,18.4,15.4,143,22.5,1233,1.33,,,,,1,9.9,290,1530,6.9,320,1533,2.3,2025,12.1,54,1004,67.6,14.3,1013.7,1025.9,835,1021.1,2358,1023.8,10.6,1.3,900,.91,4.31,,,,,,8.9,6.4,17.1,10.6,16.7,16.5,16.1,16.3,16.2,17.6,19,20.2,19,,1.1,1.1,
108,2011-11-05,19.9,16.4,402,25.9,1405,.58,,,,,.1,9.7,70,2231,6.3,70,2234,2.3,1995,13.4,45,1400,67.5,15.4,1008.7,1021.1,1,1016.5,1428,1018.6,10.5,4.9,1200,1.76,8.3,,,,,,8.1,4.4,19.1,14.3,18.5,18.1,17.7,17.4,16.8,17.6,18.9,20.2,19,,2.8,10,
108,2011-11-06,14.6,12.9,2358,19.3,1,10.25,,,,,12,8.9,70,1314,6,70,1024,3.9,3336,11.1,57,22,79.8,13.2,1009.5,1021.3,2352,1017.3,358,1019.7,10.5,0,1200,.48,2.11,,,,,,8.3,5.5,14.8,9.1,16.1,16.5,16.6,17.2,17.3,17.7,18.8,20.1,18.9,,1.7,2,
108,2011-11-07,15.1,12.5,31,18.8,1521,,,,,,,6.2,270,1405,4,290,1411,2,1719,9.2,48,1600,68.9,11.6,1010.1,1022.2,235,1018.5,1502,1020.3,10.4,3.3,1100,1.03,6.42,,,,,,6.5,4.4,14.7,8.5,15,15.2,15.4,16,16.8,17.8,18.8,20.1,18.9,,1.5,,
108,2011-11-08,14.9,11.1,726,19.6,1508,,,,,,,7.5,70,2107,4,90,1050,2.1,1814,8.1,46,1512,65,10.8,1009.2,1020.5,815,1017.5,540,1019.5,10.4,4.7,1200,1.21,7.28,,,,,,6.9,5,14.2,7.2,14.3,14.6,14.8,15.5,16.5,17.8,18.8,20,18.9,,2.9,,
108,2011-11-09,14.5,12.5,755,18.4,1348,,,,,,,7.5,50,1809,5.3,70,1817,3.6,3076,6.6,46,1349,59.4,9.7,1009.9,1021.7,918,1018.3,1535,1020.1,10.4,5.4,1300,1.36,6.76,,,,,,6.6,5.4,14.2,9.8,14.4,14.6,14.8,15.4,16.5,17.8,18.7,20,18.9,,1.7,,
108,2011-11-10,14.1,10.9,640,17,1344,,,,,,,8.1,50,846,4.9,70,1037,3,2581,4.7,43,1459,54.1,8.6,1008.3,1020.7,827,1016.8,1514,1018.5,10.3,2.8,1200,1.07,6.19,,,,,,7.6,3.3,12.5,7.9,13,13.4,13.7,14.6,16.1,17.7,18.7,19.9,18.9,,3.3,1,
108,2011-11-11,12.5,11,2344,14.7,1,7.75,,,,,1,6,320,1304,4.4,320,1311,1.8,1564,7.2,46,25,71.1,10.2,1006.1,1017.4,2343,1015.5,1318,1016.4,10.3,0,1100,.65,3.69,,,,,,8.6,6.5,12.2,6.8,13.1,13.5,13.7,14.5,15.8,17.5,18.6,19.8,18.9,,.7,0,
108,2011-11-12,12,9.1,717,15.8,1401,,,,,,,8.8,270,1537,4.8,250,1611,2.1,1788,5.6,43,1554,66.5,9.1,1007.6,1019.4,1027,1016.6,1352,1017.9,10.3,5.6,1300,1.42,7.17,,,,,,4.6,3.8,10.8,3.1,11.9,12.4,12.8,13.7,15.4,17.5,18.6,19.8,18.9,,3.1,,
108,2011-11-13,11.3,6,2351,15.8,1422,,,,,,,9.5,270,1817,6.3,270,2039,3.3,2836,1.6,21,1556,53.9,7.2,1008.9,1022.5,2334,1017.3,408,1019.2,10.2,6.2,1200,1.59,8.93,,,,,,3.4,0,10.6,.4,11.9,12.5,12.9,13.6,15.2,17.3,18.5,19.7,18.8,,4,,
108,2011-11-14,6.4,3.4,706,11,1415,,,,,,,7.9,270,1506,5.4,250,1515,2.9,2464,-7.8,21,1254,37.3,3.5,1014.8,1028.2,2307,1022.4,1,1025.5,10.2,9.5,1200,1.83,11.16,,,,,,0,0,6.2,-.8,8,9.3,10.3,11.7,14.4,17.2,18.4,19.7,18.8,,2.9,,
108,2011-11-15,7.2,3.4,657,11.6,1522,,,,,,,6.5,290,1434,4.4,290,1436,1.7,1473,-4.4,31,1,43.8,4.5,1019.9,1031.9,849,1028.1,1,1030.5,10.2,9.3,1200,1.67,9.74,,,,,,.8,.1,6,-3.5,7.4,8.4,9.1,10.4,13.3,17,18.3,19.6,18.8,,3.1,,
108,2011-11-16,10.9,5.8,525,15.7,1302,,,,,,,7.3,270,1348,5.2,270,1353,2.2,1875,.9,28,1119,51.1,6.6,1019.8,1032,156,1028.1,1515,1030.3,10.2,7.2,1100,1.53,8.28,,,,,,5.9,1.8,9.8,1.4,9.9,9.9,10,10.7,12.9,16.6,18.2,19.6,18.8,,2.7,,
108,2011-11-17,13.6,10.5,349,16.3,1503,.5,,,,,0,8.9,90,1439,5.8,70,513,3.2,2790,3.9,37,1602,52.9,8.1,1015.4,1031,12,1020.6,2357,1025.7,10.1,.2,1200,.61,3.51,,,,,,8.5,4.4,12.4,8.2,11.7,11.6,11.5,12,13.2,16.3,18,19.6,18.8,,2,2,
108,2011-11-18,14.2,11.9,546,16.1,1521,10.5,,,,,6,7.2,50,939,5,70,931,3.1,2665,10.8,53,1,81,13.1,1002.5,1020.6,1,1007.6,2345,1012.7,10.1,1.7,1300,.73,3.23,,,,,,9.8,7.3,14,11.3,13.5,13.1,12.7,13,13.6,16.1,17.8,19.5,18.8,,1.5,3.7,
108,2011-11-19,10.6,3.5,2358,15.5,1,1.58,,,,,.2,13.1,270,1914,7.3,270,1919,4.3,3704,5.4,47,1922,71.4,9.7,999.7,1017.6,2355,1005.3,620,1010.1,10.1,3.5,1300,1.04,4.5,,,,,,5.8,4.5,11.7,2.1,13,13.4,13.5,13.9,14.1,16.1,17.6,19.5,18.8,,2.2,,1.17
108,2011-11-20,.4,-2.2,717,3.7,1438,,,,,,,12.9,320,1227,7.3,290,1347,4.5,3916,-11.9,23,1143,40.5,2.5,1016.2,1031.2,2330,1017.6,1,1027.1,10.1,9.4,1200,1.83,11.07,,,,,,.5,.5,1.7,-5.2,4.6,6.4,8,10.1,13.2,16.1,17.4,19.4,18.7,,3.2,,
108,2011-11-21,1.6,-2.6,700,6.3,1513,,,,,,,7.9,320,1435,4.6,290,1129,2,1759,-11.8,14,1154,39.1,2.6,1020.6,1033.5,941,1030.2,2224,1031.5,10,9.4,1200,1.82,10.95,,,,,,0,.8,1.8,-8.2,3,4.3,5.6,7.5,11.5,15.9,17.4,19.4,18.8,,1.8,.2,
108,2011-11-22,5.6,1.9,630,7.9,1438,1.25,,,,,.1,6.7,70,912,4.7,50,640,2.6,2289,-3.3,43,318,53.1,4.8,1014.7,1030.3,1,1019.2,2348,1025.4,10,0,1000,.76,3.5,,,,,,9,6.1,4.5,0,5.4,5.7,6.2,7.3,10.7,15.4,17.2,19.2,18.7,,.9,4.5,
108,2011-11-23,2.8,-2.1,2356,7.4,17,6.17,,,,,4.5,16.1,270,1332,9.7,270,1337,4.4,3844,-2.6,50,6,68.5,5.4,1008.4,1024.9,2312,1014.9,525,1019.1,10,1.2,1100,.65,3.19,,,,,,8.3,6.1,4.5,-3.3,5.6,6.3,6.8,8,10.8,15,17.1,19.2,18.7,,1.5,0,
108,2011-11-24,-1.6,-5.5,714,2,1358,,,,,,,10.1,320,330,6,320,338,2.9,2548,-12.1,25,1346,45.8,2.5,1017.9,1030.6,845,1024.9,1,1028.9,10,9.3,1200,1.76,10.39,,,,,,2,1.5,.7,-7.7,1.6,2.8,4.1,5.9,9.6,14.7,16.9,19.2,18.7,,1.8,0,
108,2011-11-25,2.8,-.5,1,7.2,1514,.42,,,,,0,6.5,320,1310,4,290,1316,1.7,1473,-6.9,35,1107,49.4,3.7,1019.5,1031.8,935,1029.2,1533,1030.4,9.9,8.6,1200,1.57,8.95,,,,,,3.5,2.8,2.6,-4.9,3.2,3.8,4.5,5.6,.9,14.3,16.7,19.1,18.6,,2.1,,
108,2011-11-26,5.6,1.8,2,8.8,2331,.33,,,,,0,6.8,70,752,4.5,70,1253,2.7,2372,-2.5,52,1227,55.9,5.1,1015.7,1030.1,31,1023.5,2347,1026.3,9.9,0,1000,.23,1.45,,,,,,9.3,6.1,3.9,-3.3,4.4,4.6,4.9,6,8.9,13.8,16.4,19,18.6,,1.3,0,
108,2011-11-27,13.5,8.7,11,15.3,1608,.33,,,,,0,9.3,200,1448,6.2,200,1455,3.2,2731,8.7,55,124,73.5,11.5,1010.8,1023.5,1,1019.6,1505,1021.1,9.9,0,1400,.26,1.29,,,,,,9.8,7.6,10.6,7.5,9.7,8.8,8.3,8.2,9.5,13.6,16.2,19.1,18.7,,.4,.3,
108,2011-11-28,14.6,13.6,2359,17,1352,2.83,,,,,.3,5.7,360,1441,4.3,230,1,1.3,1159,11.7,69,1354,82.8,13.7,1010.8,1022.5,2203,1019.4,1352,1021,9.8,.1,1300,.66,2.74,,,,,,9,7.5,13.3,8.3,12.7,12,11.4,11.1,10.9,13.5,16,19,18.7,,.3,0,
108,2011-11-29,11.3,9.2,2356,13.6,1,7.67,,,,,1,9.1,50,2233,6,70,2319,2.4,2037,9.2,74,2350,87.5,11.7,1011.8,1023.2,1031,1020.8,1459,1022.1,9.8,0,1200,.1,.25,,,,,,9.5,8,11.4,8.5,11.6,11.6,11.4,11.7,11.8,13.5,15.8,18.9,18.7,,.1,20.5,3.17
108,2011-11-30,4.7,3,1059,9.2,1,17.25,,,,,30,12.4,50,1125,7.4,70,800,5,4304,2,67,2306,82.8,7.1,1013.1,1026.2,2225,1021.5,111,1023.8,9.8,0,1300,.28,1.49,,,,,,9.9,7.3,6.3,3.6,7.5,8.3,8.8,10,11.6,13.6,15.6,18.8,18.5,,1,10.5,
108,2011-12-01,5.8,4.3,1,9,1244,,,,,,,9.1,50,1013,5.6,70,1016,3.9,3397,-2.6,42,1318,55,5.1,1014.8,1026.9,911,1023.8,1509,1025.4,9.8,4.8,1200,1.55,6.87,,,,,,6.9,6,5.9,2.1,6.9,7.4,7.8,8.6,10.5,13.5,15.5,18.7,18.5,,1.6,,
108,2011-12-02,5.5,2.5,423,7.5,1610,4.33,,,,,1.5,9.7,50,1503,5.7,70,1413,4,3448,-2.1,48,1229,58.6,5.3,1010.1,1025.2,1,1017.4,2353,1020.7,9.8,0,1100,.41,2.49,,,,,,8.6,6.4,4.2,0,5.5,6.1,6.6,7.9,10.1,13.3,15.4,18.7,18.5,,1.2,5,
108,2011-12-03,5.3,3.7,2354,9.1,1514,6.33,,,,,3.5,7.5,270,1902,5.1,70,542,2.5,2167,.8,50,1528,73.6,6.5,1007.7,1022.5,2307,1015.7,539,1018.3,9.8,4,1300,.88,5.23,,,,,,5.8,4.1,5.7,-1.9,6.4,6.9,7.2,8,9.8,13.2,15.3,18.6,18.5,,1.8,,
108,2011-12-04,2.5,-.3,2359,6.3,1412,,,,,,,7.6,290,1423,5.3,270,1433,2.6,2241,-7.1,27,1404,51.4,3.8,1015.3,1029.9,2305,1022.6,1,1026.1,9.7,8,1100,1.3,7.8,,,,,,2.9,.8,2.4,-3.7,3.9,4.9,5.6,7,9.5,13,15.1,18.5,18.5,,2.1,,
108,2011-12-05,1.5,-2.1,717,5.9,1448,,,,,,,5.5,290,1550,4.1,270,1045,2,1770,-12.5,18,1451,35.9,2.4,1020.1,1033,1118,1029.4,1801,1031,9.7,7.4,1200,1.47,8.3,,,,,,4.8,.4,.9,-6.7,2,3,4.1,5.5,8.6,12.8,15,18.5,18.5,,1.9,,
108,2011-12-06,3.9,1.2,531,7.7,1323,,,,,,,7.7,270,1506,5.2,290,1523,2.2,1903,-9,18,1301,39.3,3.1,1018.7,1031.4,1,1027.7,1440,1029.5,9.7,5.3,1300,1.34,7.22,,,,,,6.8,1.4,2.7,-2.9,3.6,4.1,4.5,5.4,8.1,12.4,14.8,18.3,18.4,,2,,
108,2011-12-07,4,2.3,747,5.7,1236,,,,,,,5.2,270,14,3.8,290,1326,2.2,1872,-3,45,131,60.1,4.9,1015.9,1031,1,1023.6,2231,1026.7,9.7,0,1100,.78,3.87,,,,,,9,4.5,3.3,-1,4.2,4.6,4.9,5.9,8.1,12.1,14.6,18.3,18.4,,1.6,,
108,2011-12-08,.1,-3.7,2354,3.7,1,,,,,,,9.8,290,1939,6.3,270,1922,3.8,3255,-7,41,1458,59.6,3.7,1012.7,1026.5,2353,1021.3,1417,1023.6,9.7,8.1,1200,1.45,8,,,,,,4.8,4.8,2.1,-5,3.4,4.1,4.7,5.8,8.1,11.8,14.4,18.2,18.4,,2,0,
108,2011-12-09,-2.7,-4.4,612,.1,1526,2.5,,,,,0,8.4,320,2006,4.5,270,1950,2.7,2327,-11.6,33,2007,50.8,2.6,1016.1,1028.7,948,1025.8,1534,1027.2,9.7,2.9,1000,1.06,5.17,,,,,,5.1,4.5,-.3,-7.3,1.2,2.1,3,4.5,7.3,11.6,14.2,18.1,18.4,,3,0,
108,2011-12-10,-1.7,-4.9,418,1.4,1357,.97,,,,,0,11,270,1326,6.3,250,1314,2.2,1910,-11.1,36,26,48.6,2.7,1014.8,1028.3,42,1024,1422,1025.8,9.7,7,1100,1.46,7.5,,,,,,4.4,4.4,-1.2,-12.3,.2,1.2,2,3.6,6.6,11.4,14,18.1,18.4,,3.3,0,
108,2011-12-11,2.8,-1.7,158,6.3,1202,1.25,,,,,0,6.8,180,1559,4.7,230,1738,1.9,1683,-3.5,39,1204,64.6,4.9,1015.2,1027.7,958,1025.1,1904,1026,9.6,3.8,1100,1.42,5.9,,,,,,7.5,6.4,1.5,-9,1.9,2,2.5,3.4,6.2,11,13.7,18,18.3,,2.9,0,
108,2011-12-12,3.5,-.1,2359,6.4,1513,.25,,,,,0,8.3,270,1514,5.1,290,1312,2.3,2017,-5.5,32,1330,54.4,4.3,1016.3,1029.1,2359,1025.4,357,1027.1,9.6,8.8,1200,1.49,7.97,,,,,,3.6,2,2.9,-6.8,3.6,3.9,4.2,4.7,6.7,10.7,13.5,17.9,18.3,,2.6,,
108,2011-12-13,1.5,-3.1,742,7.4,1422,,,,,,,6,50,1119,4.2,290,1710,1.8,1533,-10.3,23,1458,42.8,2.8,1016.8,1030.2,919,1025.6,2337,1027.7,9.6,8.7,1100,1.48,8.41,,,,,,2.1,0,.5,-9.8,1.5,2.2,3.1,4.2,6.4,10.6,13.3,17.8,18.3,,2.4,,
108,2011-12-14,2.4,-1.1,505,7.2,1538,.67,,,,,0,9.7,270,2304,5.8,290,1942,2.4,2115,-4.4,44,1355,60.9,4.5,1012.8,1025.7,36,1020.9,1538,1023.6,9.6,1.6,1300,.98,3.12,,,,,,6.4,6.4,1.3,-7.3,2,2.2,2.6,3.7,6,10.3,13.1,17.7,18.3,,2.5,0,
108,2011-12-15,-3.9,-5.8,810,-.9,1,,,,,,,10.1,270,1243,5.7,290,1101,3.9,3340,-16.5,22,1451,38.8,1.8,1017,1029.8,1011,1025.4,4,1028.1,9.6,8.9,1200,1.61,8.93,,,,,,.8,0,-1.6,-10.7,.5,1.4,2.1,3.5,5.7,10.1,12.9,17.6,18.3,,1.6,,
108,2011-12-16,-7.1,-9.8,2351,-3.5,1503,,,,,,,11.3,290,421,6.5,290,1125,3.9,3329,-18.9,29,432,39.1,1.4,1019.4,1032.7,2347,1027.9,1,1030.7,9.6,9,1200,1.58,8.97,,,,,,.1,.1,-3.9,-13.1,-1,.2,1,2.4,5,9.8,12.8,17.5,18.2,,2.6,,
108,2011-12-17,-5.8,-10.6,540,-1.6,1610,,,,,,,7.3,290,1427,5,290,1440,1.7,1436,-15.8,30,1339,45.6,1.8,1021,1034.7,1010,1030.2,2324,1032.3,9.6,9.1,1200,1.58,8.85,,,,,,2.4,2,-4.4,-17.2,-1.9,-.7,.1,1.7,4.4,9.6,12.6,17.4,18.2,,1.3,0,
108,2011-12-18,-2.4,-5,745,1.4,1427,2.25,,,,,0,8.3,290,1304,5.2,290,1312,2.2,1908,-12.8,28,1542,46.8,2.3,1019.2,1031.7,1008,1028.6,1450,1030.3,9.6,8.6,1200,1.57,8.34,,,,,,2.8,1.5,-2.1,-11.9,-.8,-.3,.1,1.5,4.1,9.3,12.4,17.4,18.2,,.9,,
108,2011-12-19,-2.4,-6.7,616,1.9,1438,,,,,,,7.8,270,1324,5,290,1331,2,1697,-15.2,22,1352,38.3,1.9,1019.3,1031.6,1009,1028.6,1422,1030.3,9.6,8.8,1200,1.46,8.01,,,,,,.5,0,-3.2,-14,-1.3,-.5,0,1.3,3.9,9,12.1,17.3,18.2,,1.2,,
108,2011-12-20,-.3,-5.1,656,3.8,1447,,,,,,,6.8,290,1348,4.7,270,1406,1.9,1609,-12.2,28,208,40.8,2.5,1017.9,1031.7,626,1026.7,2343,1028.9,9.6,6.8,1200,1.31,7.05,,,,,,4.5,3,-1.8,-12.7,-.9,-.4,-.1,1.1,3.7,8.7,11.9,17.2,18.1,,2.1,.5,
108,2011-12-21,1.9,-.7,732,5.2,1444,3.17,,,,,.7,7.8,270,1542,5.2,290,1543,2.7,2326,-4.9,45,1739,61.8,4.3,1012.4,1026.7,1,1021.1,1444,1023.2,9.6,1.8,1400,.91,3.34,.7,630,.7,630,.8,8.9,7.4,.7,-4.1,.1,0,.2,1.2,3.7,8.5,11.7,17.2,18.1,,1,.2,
108,2011-12-22,-5.5,-8.7,2347,1.1,1,,,,,,,13.3,270,519,7.7,290,341,4.8,4160,-19.3,16,1343,33.9,1.4,1015.3,1028.5,2348,1021.9,2,1026.4,9.6,8.9,1200,1.57,9.06,,,,,,1,1,-2.5,-12.9,-.6,0,.4,1.3,3.5,8.3,11.5,17.1,18.1,,1.2,,
108,2011-12-23,-5.4,-10.1,656,-1.1,1520,3.42,,,,,.6,7.4,270,1345,4.7,270,1439,2.2,1880,-16.9,15,1056,42.8,1.8,1014.5,1028.9,142,1021.5,2328,1025.6,9.6,7.8,1200,1.52,8.42,1.2,2400,1.2,2400,1.2,3.4,2.6,-3.9,-15.8,-1.7,-.8,-.1,1,3.3,8.1,11.3,17,18,,.8,1.1,
108,2011-12-24,-5.2,-7.8,2352,-3,1447,2.25,,,,,.5,11.9,290,1534,7.3,270,1330,3.7,3166,-14.1,28,1513,54,2.3,1012.8,1027.2,2341,1020.6,125,1023.9,9.6,8.8,1200,1.56,8.27,.9,140,2.1,140,.9,1.4,1.4,-2.2,-11.5,-.8,-.3,0,1,3.3,7.9,11.1,16.9,18,,1.6,,
108,2011-12-25,-7.1,-9.5,741,-3.5,1451,,,,,,,9.8,290,1644,6.4,290,1352,3.6,3099,-20.1,23,1104,35.4,1.3,1019.2,1033,2253,1027.2,1,1030.4,9.6,9,1200,1.57,8.93,,,,,,0,0,-5,-13.6,-2.3,-1.3,-.5,.7,3,7.7,10.9,16.8,18,,2.5,,
108,2011-12-26,-7.1,-10.1,802,-3.5,1622,,,,,,,8.8,320,1516,5.1,290,1552,2.6,2278,-22.5,18,1155,29.1,1,1023.9,1036.3,2156,1032.8,2,1035.2,9.6,9,1200,1.58,9.13,,,,,,0,0,-5.5,-15.2,-2.9,-1.8,-1,.3,2.8,7.5,10.7,16.7,17.9,,3.4,,
108,2011-12-27,-4,-8.8,448,1.2,1456,,,,,,,4.8,20,747,3.1,290,300,1.8,1537,-16.8,23,1146,37.4,1.7,1024.1,1037.8,624,1033.2,1455,1035.2,9.6,7.8,1200,1.41,7.81,,,,,,1.4,0,-3.8,-15.2,-2.3,-1.6,-1.1,.1,2.7,7.4,10.5,16.6,17.9,,3.7,,
108,2011-12-28,-.5,-4.1,404,2.2,1416,3.92,,,,,.3,5.2,50,954,3.4,50,906,1.6,1379,-6.7,40,1112,65,3.9,1019.2,1033.6,1,1027.1,2356,1030.1,9.6,2.2,1000,.85,3.23,.3,1755,.3,1755,.3,7.6,4.1,-2,-10.4,-1.1,-.9,-.7,.1,2.7,7.2,10.3,16.5,17.8,,.2,.3,
108,2011-12-29,-1.7,-4.8,2354,1.7,123,,,,,,,7.5,290,1216,5.1,270,1054,2.8,2452,-7.5,38,1531,66.1,3.6,1017.7,1030.5,2338,1026.9,11,1028.7,9.6,8.1,1200,1.35,7.7,,,.3,0,,2.8,2.8,-1.1,-9.7,-.5,-.2,-.2,.2,2.6,7,10.1,16.4,17.8,,2.1,,
108,2011-12-30,-3,-6.4,815,1.9,1452,,,,,,,6,270,1813,4.1,290,1753,1.6,1416,-8.6,34,1548,66.6,3.2,1020.1,1033.1,1009,1029.9,1427,1031.2,9.6,7.4,1200,1.26,6.93,,,,,,0,0,-3.4,-13.8,-1.9,-1.2,-.7,.2,2.5,6.9,9.9,16.3,17.7,,2.4,,
108,2011-12-31,-1.9,-6,704,1.4,1507,,,,,,,5.2,50,1037,3.5,50,1044,1.6,1368,-7.4,47,1454,66.5,3.5,1016.8,1030.8,3,1025.1,2338,1027.8,9.6,3.2,1200,1.04,5.01,,,,,,5.5,3,-2.9,-13.1,-1.7,-1.2,-.8,.1,2.5,6.8,9.8,16.3,17.7,,1,,
